Date,Discharge_cms
01-01-1980,0.6229696
02-01-1980,0.6229696
03-01-1980,0.6229696
04-01-1980,0.5946528
05-01-1980,0.5946528
06-01-1980,0.566336
07-01-1980,0.6796032
08-01-1980,0.5097024
09-01-1980,0.4530688
10-01-1980,0.3964352
11-01-1980,0.3681184
12-01-1980,0.3681184
13-01-1980,0.3114848
14-01-1980,0.3114848
15-01-1980,0.3114848
16-01-1980,0.3398016
17-01-1980,0.3398016
18-01-1980,0.3398016
19-01-1980,0.3398016
20-01-1980,0.3398016
21-01-1980,0.3398016
22-01-1980,0.3398016
23-01-1980,0.3114848
24-01-1980,0.3114848
25-01-1980,0.3398016
26-01-1980,0.3114848
27-01-1980,0.283168
28-01-1980,0.28033632
29-01-1980,0.24918784
30-01-1980,0.2548512
31-01-1980,0.24635616
01-02-1980,0.2548512
02-02-1980,0.26617792
03-02-1980,0.26617792
04-02-1980,0.26617792
05-02-1980,0.25768288
06-02-1980,0.24352448
07-02-1980,0.2548512
08-02-1980,0.24918784
09-02-1980,0.2265344
10-02-1980,0.2265344
11-02-1980,0.22370272
12-02-1980,0.20954432
13-02-1980,0.19538592
14-02-1980,0.19255424
15-02-1980,0.17839584
16-02-1980,0.18689088
17-02-1980,0.18689088
18-02-1980,0.18689088
19-02-1980,0.1699008
20-02-1980,0.15857408
21-02-1980,0.19538592
22-02-1980,0.3114848
23-02-1980,0.424752
24-02-1980,0.424752
25-02-1980,0.3398016
26-02-1980,0.2548512
27-02-1980,0.3114848
28-02-1980,0.3398016
29-02-1980,0.27467296
01-03-1980,0.23219776
02-03-1980,0.21803936
03-03-1980,0.22936608
04-03-1980,0.26617792
05-03-1980,0.25768288
06-03-1980,0.22370272
07-03-1980,0.22087104
08-03-1980,0.21520768
09-03-1980,0.2265344
10-03-1980,0.23786112
11-03-1980,0.24352448
12-03-1980,0.2548512
13-03-1980,0.24918784
14-03-1980,0.283168
15-03-1980,0.4813856
16-03-1980,2.9449472
17-03-1980,2.7467296
18-03-1980,3.0015808
19-03-1980,2.406928
20-03-1980,1.8689088
21-03-1980,1.1893056
22-03-1980,1.1893056
23-03-1980,0.9344544
24-03-1980,0.9344544
25-03-1980,0.8778208
26-03-1980,0.9061376
27-03-1980,0.991088
28-03-1980,0.9627712
29-03-1980,0.991088
30-03-1980,1.0760384
31-03-1980,1.2176224
01-04-1980,1.2176224
02-04-1980,1.2176224
03-04-1980,1.5291072
04-04-1980,2.690096
05-04-1980,2.12376
06-04-1980,1.7273248
07-04-1980,1.6140576
08-04-1980,1.699008
09-04-1980,2.2936608
10-04-1980,2.406928
11-04-1980,2.0671264
12-04-1980,1.6706912
13-04-1980,1.4724736
14-04-1980,1.3308896
15-04-1980,1.274256
16-04-1980,1.1893056
17-04-1980,1.1609888
18-04-1980,1.132672
19-04-1980,1.1893056
20-04-1980,1.6140576
21-04-1980,1.6706912
22-04-1980,1.6423744
23-04-1980,1.4441568
24-04-1980,1.0194048
25-04-1980,0.8778208
26-04-1980,0.8211872
27-04-1980,0.849504
28-04-1980,0.8778208
29-04-1980,0.8211872
30-04-1980,0.70792
01-05-1980,0.70792
02-05-1980,0.6512864
03-05-1980,0.6229696
04-05-1980,0.566336
05-05-1980,0.5380192
06-05-1980,0.4813856
07-05-1980,0.4530688
08-05-1980,0.3964352
09-05-1980,0.3681184
10-05-1980,0.3681184
11-05-1980,0.3398016
12-05-1980,0.3114848
13-05-1980,0.3114848
14-05-1980,0.3114848
15-05-1980,0.283168
16-05-1980,0.283168
17-05-1980,0.3114848
18-05-1980,0.3681184
19-05-1980,0.424752
20-05-1980,0.424752
21-05-1980,0.5097024
22-05-1980,0.3964352
23-05-1980,0.283168
24-05-1980,0.23786112
25-05-1980,0.21803936
26-05-1980,0.27467296
27-05-1980,0.3398016
28-05-1980,0.3398016
29-05-1980,1.5007904
30-05-1980,1.7556416
31-05-1980,0.9344544
01-06-1980,0.6229696
02-06-1980,0.4813856
03-06-1980,0.3681184
04-06-1980,0.6796032
05-06-1980,5.3518752
06-06-1980,10.9869184
07-06-1980,8.778208
08-06-1980,5.7483104
09-06-1980,3.3413824
10-06-1980,1.7556416
11-06-1980,1.132672
12-06-1980,0.9344544
13-06-1980,0.849504
14-06-1980,0.7645536
15-06-1980,0.6796032
16-06-1980,0.6512864
17-06-1980,0.566336
18-06-1980,0.566336
19-06-1980,0.4813856
20-06-1980,0.5097024
21-06-1980,0.5097024
22-06-1980,0.3964352
23-06-1980,0.424752
24-06-1980,0.424752
25-06-1980,0.424752
26-06-1980,0.424752
27-06-1980,0.3964352
28-06-1980,0.3114848
29-06-1980,0.3114848
30-06-1980,0.283168
01-07-1980,0.3681184
02-07-1980,0.27467296
03-07-1980,0.23786112
04-07-1980,0.3398016
05-07-1980,0.4813856
06-07-1980,0.5097024
07-07-1980,0.8211872
08-07-1980,1.132672
09-07-1980,0.849504
10-07-1980,0.566336
11-07-1980,0.4530688
12-07-1980,0.3964352
13-07-1980,0.3398016
14-07-1980,0.3114848
15-07-1980,0.3114848
16-07-1980,0.27184128
17-07-1980,0.2548512
18-07-1980,0.23219776
19-07-1980,0.17839584
20-07-1980,0.17556416
21-07-1980,0.17273248
22-07-1980,0.14441568
23-07-1980,0.13025728
24-07-1980,0.13592064
25-07-1980,0.11893056
26-07-1980,0.10477216
27-07-1980,0.09344544
28-07-1980,0.07928704
29-07-1980,0.06796032
30-07-1980,0.06229696
31-07-1980,0.05946528
01-08-1980,0.05380192
02-08-1980,0.05946528
03-08-1980,0.06512864
04-08-1980,0.06229696
05-08-1980,0.0566336
06-08-1980,0.0566336
07-08-1980,0.05097024
08-08-1980,0.05380192
09-08-1980,0.09061376
10-08-1980,0.05946528
11-08-1980,0.0566336
12-08-1980,0.05380192
13-08-1980,0.070792
14-08-1980,0.0566336
15-08-1980,0.05946528
16-08-1980,0.07362368
17-08-1980,0.09344544
18-08-1980,0.14724736
19-08-1980,0.10194048
20-08-1980,0.09344544
21-08-1980,0.13875232
22-08-1980,0.13592064
23-08-1980,0.14724736
24-08-1980,0.13308896
25-08-1980,0.11609888
26-08-1980,0.10760384
27-08-1980,0.0849504
28-08-1980,0.07362368
29-08-1980,0.07645536
30-08-1980,0.070792
31-08-1980,0.06512864
01-09-1980,0.06512864
02-09-1980,0.06229696
03-09-1980,0.05380192
04-09-1980,0.05946528
05-09-1980,0.070792
06-09-1980,0.070792
07-09-1980,0.08211872
08-09-1980,0.06512864
09-09-1980,0.05946528
10-09-1980,0.05097024
11-09-1980,0.06796032
12-09-1980,0.06229696
13-09-1980,0.05946528
14-09-1980,0.06512864
15-09-1980,0.05946528
16-09-1980,0.0566336
17-09-1980,0.05097024
18-09-1980,0.04530688
19-09-1980,0.04813856
20-09-1980,0.06796032
21-09-1980,0.06229696
22-09-1980,0.05946528
23-09-1980,0.05380192
24-09-1980,0.05380192
25-09-1980,0.0424752
26-09-1980,0.03964352
27-09-1980,0.0424752
28-09-1980,0.06229696
29-09-1980,0.04530688
30-09-1980,0.03114848
01-10-1980,0.0283168
02-10-1980,0.027467296
03-10-1980,0.027467296
04-10-1980,0.070792
05-10-1980,0.03114848
06-10-1980,0.03398016
07-10-1980,0.03398016
08-10-1980,0.03114848
09-10-1980,0.023502944
10-10-1980,0.024918784
11-10-1980,0.022087104
12-10-1980,0.04530688
13-10-1980,0.0283168
14-10-1980,0.0283168
15-10-1980,0.0283168
16-10-1980,0.05380192
17-10-1980,0.070792
18-10-1980,0.08211872
19-10-1980,0.070792
20-10-1980,0.05380192
21-10-1980,0.04813856
22-10-1980,0.04813856
23-10-1980,0.0566336
24-10-1980,0.05380192
25-10-1980,0.04530688
26-10-1980,0.0424752
27-10-1980,0.05097024
28-10-1980,0.04530688
29-10-1980,0.04813856
30-10-1980,0.04530688
31-10-1980,0.04530688
01-11-1980,0.070792
02-11-1980,0.0566336
03-11-1980,0.04813856
04-11-1980,0.04813856
05-11-1980,0.0424752
06-11-1980,0.04530688
07-11-1980,0.0424752
08-11-1980,0.04530688
09-11-1980,0.03964352
10-11-1980,0.05380192
11-11-1980,0.04813856
12-11-1980,0.0566336
13-11-1980,0.04530688
14-11-1980,0.0991088
15-11-1980,0.05946528
16-11-1980,0.04530688
17-11-1980,0.03681184
18-11-1980,0.0424752
19-11-1980,0.0424752
20-11-1980,0.04813856
21-11-1980,0.04530688
22-11-1980,0.05380192
23-11-1980,0.05380192
24-11-1980,0.05380192
25-11-1980,0.05097024
26-11-1980,0.0566336
27-11-1980,0.0566336
28-11-1980,0.0566336
29-11-1980,0.0566336
30-11-1980,0.05097024
01-12-1980,0.05097024
02-12-1980,0.05097024
03-12-1980,0.04813856
04-12-1980,0.05097024
05-12-1980,0.05380192
06-12-1980,0.0566336
07-12-1980,0.0566336
08-12-1980,0.0566336
09-12-1980,0.0566336
10-12-1980,0.04813856
11-12-1980,0.03681184
12-12-1980,0.03681184
13-12-1980,0.03964352
14-12-1980,0.04530688
15-12-1980,0.03964352
16-12-1980,0.03681184
17-12-1980,0.03964352
18-12-1980,0.04530688
19-12-1980,0.03964352
20-12-1980,0.03114848
21-12-1980,0.03114848
22-12-1980,0.0283168
23-12-1980,0.0283168
24-12-1980,0.0283168
25-12-1980,0.0283168
26-12-1980,0.024635616
27-12-1980,0.024352448
28-12-1980,0.025201952
29-12-1980,0.027750464
30-12-1980,0.0283168
31-12-1980,0.03114848
01-01-1981,0.03114848
02-01-1981,0.03114848
03-01-1981,0.0283168
04-01-1981,0.0283168
05-01-1981,0.0283168
06-01-1981,0.0283168
07-01-1981,0.0283168
08-01-1981,0.0283168
09-01-1981,0.02690096
10-01-1981,0.02548512
11-01-1981,0.024918784
12-01-1981,0.026051456
13-01-1981,0.027467296
14-01-1981,0.03398016
15-01-1981,0.03114848
16-01-1981,0.02690096
17-01-1981,0.024352448
18-01-1981,0.02265344
19-01-1981,0.02548512
20-01-1981,0.026617792
21-01-1981,0.027467296
22-01-1981,0.028033632
23-01-1981,0.0283168
24-01-1981,0.0283168
25-01-1981,0.0283168
26-01-1981,0.03114848
27-01-1981,0.03114848
28-01-1981,0.03114848
29-01-1981,0.03114848
30-01-1981,0.03114848
31-01-1981,0.0283168
01-02-1981,0.026617792
02-02-1981,0.02548512
03-02-1981,0.024918784
04-02-1981,0.024918784
05-02-1981,0.024635616
06-02-1981,0.024352448
07-02-1981,0.02406928
08-02-1981,0.023786112
09-02-1981,0.023786112
10-02-1981,0.023786112
11-02-1981,0.023786112
12-02-1981,0.023786112
13-02-1981,0.024635616
14-02-1981,0.025201952
15-02-1981,0.02690096
16-02-1981,0.0283168
17-02-1981,0.03114848
18-02-1981,0.03681184
19-02-1981,0.03964352
20-02-1981,0.04530688
21-02-1981,0.05097024
22-02-1981,0.05380192
23-02-1981,0.0566336
24-02-1981,0.05946528
25-02-1981,0.06229696
26-02-1981,0.06512864
27-02-1981,0.06512864
28-02-1981,0.06796032
01-03-1981,0.06796032
02-03-1981,0.070792
03-03-1981,0.070792
04-03-1981,0.07362368
05-03-1981,0.07645536
06-03-1981,0.070792
07-03-1981,0.06796032
08-03-1981,0.06796032
09-03-1981,0.070792
10-03-1981,0.07362368
11-03-1981,0.07645536
12-03-1981,0.07928704
13-03-1981,0.07645536
14-03-1981,0.07362368
15-03-1981,0.070792
16-03-1981,0.06229696
17-03-1981,0.05380192
18-03-1981,0.04530688
19-03-1981,0.0424752
20-03-1981,0.0424752
21-03-1981,0.04813856
22-03-1981,0.0566336
23-03-1981,0.05097024
24-03-1981,0.03964352
25-03-1981,0.04530688
26-03-1981,0.03964352
27-03-1981,0.0566336
28-03-1981,0.07645536
29-03-1981,0.14724736
30-03-1981,0.141584
31-03-1981,0.3114848
01-04-1981,0.3964352
02-04-1981,0.3398016
03-04-1981,0.28033632
04-04-1981,0.27467296
05-04-1981,0.26051456
06-04-1981,0.2265344
07-04-1981,0.18972256
08-04-1981,0.17839584
09-04-1981,0.141584
10-04-1981,0.12459392
11-04-1981,0.12459392
12-04-1981,0.13308896
13-04-1981,0.13875232
14-04-1981,0.14441568
15-04-1981,0.26617792
16-04-1981,0.283168
17-04-1981,0.21803936
18-04-1981,0.16706912
19-04-1981,0.15007904
20-04-1981,0.17839584
21-04-1981,0.14724736
22-04-1981,0.16423744
23-04-1981,0.11893056
24-04-1981,0.08211872
25-04-1981,0.13025728
26-04-1981,0.08778208
27-04-1981,0.03398016
28-04-1981,0.025768288
29-04-1981,0.028033632
30-04-1981,0.03114848
01-05-1981,0.02690096
02-05-1981,0.03114848
03-05-1981,0.04530688
04-05-1981,0.03681184
05-05-1981,0.04813856
06-05-1981,0.03114848
07-05-1981,0.01699008
08-05-1981,0.012176224
09-05-1981,0.012459392
10-05-1981,0.0141584
11-05-1981,0.014724736
12-05-1981,0.01699008
13-05-1981,0.017839584
14-05-1981,0.024352448
15-05-1981,0.03964352
16-05-1981,0.01982176
17-05-1981,0.0212376
18-05-1981,0.020954432
19-05-1981,0.02406928
20-05-1981,0.023502944
21-05-1981,0.0212376
22-05-1981,0.01982176
23-05-1981,0.020104928
24-05-1981,0.019538592
25-05-1981,0.018972256
26-05-1981,0.018689088
27-05-1981,0.019255424
28-05-1981,0.022087104
29-05-1981,0.0212376
30-05-1981,0.019538592
31-05-1981,0.01982176
01-06-1981,0.017556416
02-06-1981,0.017273248
03-06-1981,0.015007904
04-06-1981,0.024352448
05-06-1981,0.05946528
06-06-1981,0.02690096
07-06-1981,0.020954432
08-06-1981,0.016423744
09-06-1981,0.020954432
10-06-1981,0.01982176
11-06-1981,0.014724736
12-06-1981,0.020954432
13-06-1981,0.03398016
14-06-1981,0.1557424
15-06-1981,0.03681184
16-06-1981,0.03114848
17-06-1981,0.025201952
18-06-1981,0.017839584
19-06-1981,0.015857408
20-06-1981,0.01557424
21-06-1981,0.01557424
22-06-1981,0.014441568
23-06-1981,0.015007904
24-06-1981,0.016140576
25-06-1981,0.012176224
26-06-1981,0.010194048
27-06-1981,0.009061376
28-06-1981,0.013592064
29-06-1981,0.018689088
30-06-1981,0.03114848
01-07-1981,0.014724736
02-07-1981,0.026334624
03-07-1981,0.23219776
04-07-1981,0.0566336
05-07-1981,0.06229696
06-07-1981,0.05097024
07-07-1981,0.04530688
08-07-1981,0.03681184
09-07-1981,0.03681184
10-07-1981,0.027467296
11-07-1981,0.018972256
12-07-1981,0.01274256
13-07-1981,0.006796032
14-07-1981,0.002548512
15-07-1981,0.006796032
16-07-1981,0.003398016
17-07-1981,0.011893056
18-07-1981,0.010477216
19-07-1981,0.010477216
20-07-1981,0.014724736
21-07-1981,0.011609888
22-07-1981,0.00849504
23-07-1981,0.013592064
24-07-1981,0.008778208
25-07-1981,0.005946528
26-07-1981,0.006796032
27-07-1981,0.022087104
28-07-1981,0.01274256
29-07-1981,0.020388096
30-07-1981,0.003398016
31-07-1981,0.002548512
01-08-1981,0.015007904
02-08-1981,0.013308896
03-08-1981,0.022087104
04-08-1981,0.01274256
05-08-1981,0.00849504
06-08-1981,0.004530688
07-08-1981,0.00424752
08-08-1981,0.001132672
09-08-1981,0.002548512
10-08-1981,0
11-08-1981,0
12-08-1981,0
13-08-1981,0
14-08-1981,0.003398016
15-08-1981,0
16-08-1981,0
17-08-1981,0.003398016
18-08-1981,0.002548512
19-08-1981,0.001982176
20-08-1981,0.001132672
21-08-1981,0.002265344
22-08-1981,0.000283168
23-08-1981,0.000849504
24-08-1981,0.002548512
25-08-1981,0.04813856
26-08-1981,0.003964352
27-08-1981,0.005097024
28-08-1981,0.00991088
29-08-1981,0.011609888
30-08-1981,0.008211872
31-08-1981,0.00424752
01-09-1981,0.005380192
02-09-1981,0.007928704
03-09-1981,0.009344544
04-09-1981,0.004530688
05-09-1981,0.00849504
06-09-1981,0.005097024
07-09-1981,0.00566336
08-09-1981,0.002548512
09-09-1981,0.001699008
10-09-1981,0.003398016
11-09-1981,0.001699008
12-09-1981,0.001699008
13-09-1981,0.004530688
14-09-1981,0.005097024
15-09-1981,0.005380192
16-09-1981,0.000283168
17-09-1981,0
18-09-1981,0
19-09-1981,0
20-09-1981,0
21-09-1981,0
22-09-1981,0.000283168
23-09-1981,0.001132672
24-09-1981,0
25-09-1981,0
26-09-1981,0
27-09-1981,0
28-09-1981,0
29-09-1981,0.003398016
30-09-1981,0
01-10-1981,0
02-10-1981,0
03-10-1981,0
04-10-1981,0
05-10-1981,0
06-10-1981,0
07-10-1981,0
08-10-1981,0
09-10-1981,0
10-10-1981,0
11-10-1981,0
12-10-1981,0
13-10-1981,0
14-10-1981,0
15-10-1981,0
16-10-1981,0
17-10-1981,0.007645536
18-10-1981,0.05946528
19-10-1981,0.05097024
20-10-1981,0.0424752
21-10-1981,0.03681184
22-10-1981,0.0283168
23-10-1981,0.02690096
24-10-1981,0.02690096
25-10-1981,0.024352448
26-10-1981,0.022087104
27-10-1981,0.023219776
28-10-1981,0.022087104
29-10-1981,0.023219776
30-10-1981,0.022087104
31-10-1981,0.023219776
01-11-1981,0.020954432
02-11-1981,0.022087104
03-11-1981,0.022087104
04-11-1981,0.023219776
05-11-1981,0.023219776
06-11-1981,0.024352448
07-11-1981,0.02548512
08-11-1981,0.02548512
09-11-1981,0.023219776
10-11-1981,0.022087104
11-11-1981,0.018689088
12-11-1981,0.024352448
13-11-1981,0.02548512
14-11-1981,0.02690096
15-11-1981,0.0283168
16-11-1981,0.03114848
17-11-1981,0.03398016
18-11-1981,0.03681184
19-11-1981,0.03964352
20-11-1981,0.03681184
21-11-1981,0.03398016
22-11-1981,0.03398016
23-11-1981,0.03681184
24-11-1981,0.03681184
25-11-1981,0.03964352
26-11-1981,0.0424752
27-11-1981,0.0424752
28-11-1981,0.0424752
29-11-1981,0.0424752
30-11-1981,0.0424752
01-12-1981,0.04530688
02-12-1981,0.04813856
03-12-1981,0.05097024
04-12-1981,0.05097024
05-12-1981,0.05097024
06-12-1981,0.05097024
07-12-1981,0.05097024
08-12-1981,0.05097024
09-12-1981,0.05097024
10-12-1981,0.04813856
11-12-1981,0.04813856
12-12-1981,0.04813856
13-12-1981,0.04530688
14-12-1981,0.04530688
15-12-1981,0.0424752
16-12-1981,0.0424752
17-12-1981,0.03964352
18-12-1981,0.03681184
19-12-1981,0.03398016
20-12-1981,0.03398016
21-12-1981,0.03114848
22-12-1981,0.03114848
23-12-1981,0.0283168
24-12-1981,0.027467296
25-12-1981,0.026051456
26-12-1981,0.024918784
27-12-1981,0.023786112
28-12-1981,0.02265344
29-12-1981,0.021520768
30-12-1981,0.020671264
31-12-1981,0.020104928
01-01-1982,0.019255424
02-01-1982,0.01840592
03-01-1982,0.017556416
04-01-1982,0.01699008
05-01-1982,0.016140576
06-01-1982,0.015857408
07-01-1982,0.01557424
08-01-1982,0.015007904
09-01-1982,0.014441568
10-01-1982,0.013875232
11-01-1982,0.013308896
12-01-1982,0.01274256
13-01-1982,0.012459392
14-01-1982,0.011893056
15-01-1982,0.01132672
16-01-1982,0.011043552
17-01-1982,0.010477216
18-01-1982,0.010194048
19-01-1982,0.00991088
20-01-1982,0.009627712
21-01-1982,0.009344544
22-01-1982,0.009061376
23-01-1982,0.00849504
24-01-1982,0.008211872
25-01-1982,0.008211872
26-01-1982,0.007928704
27-01-1982,0.007645536
28-01-1982,0.007362368
29-01-1982,0.0070792
30-01-1982,0.0070792
31-01-1982,0.006796032
01-02-1982,0.006796032
02-02-1982,0.006512864
03-02-1982,0.006512864
04-02-1982,0.006512864
05-02-1982,0.006512864
06-02-1982,0.006512864
07-02-1982,0.006512864
08-02-1982,0.006512864
09-02-1982,0.006512864
10-02-1982,0.006512864
11-02-1982,0.006512864
12-02-1982,0.006512864
13-02-1982,0.006512864
14-02-1982,0.00849504
15-02-1982,0.01274256
16-02-1982,0.03398016
17-02-1982,0.0849504
18-02-1982,0.141584
19-02-1982,0.2548512
20-02-1982,0.3681184
21-02-1982,1.699008
22-02-1982,33.98016
23-02-1982,23.502944
24-02-1982,11.2134528
25-02-1982,5.946528
26-02-1982,4.7855392
27-02-1982,2.7750464
28-02-1982,4.1908864
01-03-1982,5.1819744
02-03-1982,2.83168
03-03-1982,1.8972256
04-03-1982,2.12376
05-03-1982,3.3413824
06-03-1982,2.3786112
07-03-1982,1.4441568
08-03-1982,1.0477216
09-03-1982,0.8778208
10-03-1982,0.8778208
11-03-1982,1.0194048
12-03-1982,1.1609888
13-03-1982,1.2176224
14-03-1982,1.3875232
15-03-1982,1.4441568
16-03-1982,1.3875232
17-03-1982,1.1893056
18-03-1982,1.0760384
19-03-1982,2.7750464
20-03-1982,5.2952416
21-03-1982,2.8033632
22-03-1982,2.6051456
23-03-1982,2.12376
24-03-1982,1.8122752
25-03-1982,1.5857408
26-03-1982,1.2459392
27-03-1982,0.9627712
28-03-1982,0.849504
29-03-1982,0.7928704
30-03-1982,0.849504
31-03-1982,0.8211872
01-04-1982,0.7928704
02-04-1982,0.7645536
03-04-1982,0.6512864
04-04-1982,0.6229696
05-04-1982,0.6229696
06-04-1982,0.6229696
07-04-1982,0.6796032
08-04-1982,0.6229696
09-04-1982,0.7362368
10-04-1982,0.7362368
11-04-1982,0.8211872
12-04-1982,0.9061376
13-04-1982,0.8778208
14-04-1982,0.7928704
15-04-1982,0.8211872
16-04-1982,0.7928704
17-04-1982,0.70792
18-04-1982,0.6796032
19-04-1982,0.6229696
20-04-1982,0.566336
21-04-1982,0.5380192
22-04-1982,0.5380192
23-04-1982,0.5380192
24-04-1982,0.5097024
25-04-1982,0.4813856
26-04-1982,0.4530688
27-04-1982,0.3964352
28-04-1982,0.3681184
29-04-1982,0.3681184
30-04-1982,0.3398016
01-05-1982,0.3114848
02-05-1982,0.3114848
03-05-1982,0.3114848
04-05-1982,0.3398016
05-05-1982,0.3681184
06-05-1982,0.3398016
07-05-1982,0.3114848
08-05-1982,0.3398016
09-05-1982,0.3681184
10-05-1982,0.3398016
11-05-1982,0.3398016
12-05-1982,0.3964352
13-05-1982,0.4530688
14-05-1982,0.6229696
15-05-1982,0.70792
16-05-1982,0.8211872
17-05-1982,0.9061376
18-05-1982,0.9344544
19-05-1982,0.8211872
20-05-1982,0.7362368
21-05-1982,0.6229696
22-05-1982,0.5380192
23-05-1982,0.4813856
24-05-1982,0.4530688
25-05-1982,0.4813856
26-05-1982,1.2176224
27-05-1982,4.24752
28-05-1982,4.530688
29-05-1982,2.9449472
30-05-1982,2.4352448
31-05-1982,3.398016
01-06-1982,3.5679168
02-06-1982,2.548512
03-06-1982,1.7556416
04-06-1982,1.3592064
05-06-1982,1.0194048
06-06-1982,0.9344544
07-06-1982,0.7928704
08-06-1982,0.6512864
09-06-1982,0.5380192
10-06-1982,0.4530688
11-06-1982,0.3964352
12-06-1982,0.3964352
13-06-1982,0.3681184
14-06-1982,0.3964352
15-06-1982,0.3681184
16-06-1982,0.3398016
17-06-1982,0.283168
18-06-1982,0.2548512
19-06-1982,0.24635616
20-06-1982,0.21520768
21-06-1982,0.21520768
22-06-1982,0.20388096
23-06-1982,0.18972256
24-06-1982,0.15857408
25-06-1982,0.13308896
26-06-1982,0.13025728
27-06-1982,0.13025728
28-06-1982,0.1274256
29-06-1982,0.12459392
30-06-1982,0.14441568
01-07-1982,0.14441568
02-07-1982,0.12176224
03-07-1982,0.1274256
04-07-1982,0.1132672
05-07-1982,0.3114848
06-07-1982,0.3681184
07-07-1982,0.3398016
08-07-1982,0.27467296
09-07-1982,0.17839584
10-07-1982,0.13592064
11-07-1982,0.12176224
12-07-1982,0.09627712
13-07-1982,0.06512864
14-07-1982,12.5443424
15-07-1982,5.2102912
16-07-1982,5.3235584
17-07-1982,4.6439552
18-07-1982,2.7184128
19-07-1982,1.699008
20-07-1982,1.2176224
21-07-1982,1.0760384
22-07-1982,1.0477216
23-07-1982,0.9627712
24-07-1982,0.849504
25-07-1982,0.7645536
26-07-1982,0.6796032
27-07-1982,0.566336
28-07-1982,0.4813856
29-07-1982,0.424752
30-07-1982,0.3681184
31-07-1982,0.3114848
01-08-1982,0.2548512
02-08-1982,0.2265344
03-08-1982,0.20671264
04-08-1982,0.17556416
05-08-1982,0.5946528
06-08-1982,3.0015808
07-08-1982,2.4352448
08-08-1982,1.840592
09-08-1982,1.5857408
10-08-1982,1.3308896
11-08-1982,1.0477216
12-08-1982,0.8211872
13-08-1982,0.6796032
14-08-1982,0.5946528
15-08-1982,0.5380192
16-08-1982,0.4813856
17-08-1982,0.3964352
18-08-1982,0.3681184
19-08-1982,0.3398016
20-08-1982,0.3398016
21-08-1982,0.3114848
22-08-1982,0.2548512
23-08-1982,0.23786112
24-08-1982,0.3114848
25-08-1982,0.27750464
26-08-1982,0.27750464
27-08-1982,0.2548512
28-08-1982,0.24635616
29-08-1982,0.2548512
30-08-1982,0.23786112
31-08-1982,1.3592064
01-09-1982,43.89104
02-09-1982,26.2213568
03-09-1982,11.1285024
04-09-1982,6.512864
05-09-1982,4.4174208
06-09-1982,2.83168
07-09-1982,2.12376
08-09-1982,1.699008
09-09-1982,2.83168
10-09-1982,13.2239456
11-09-1982,3.964352
12-09-1982,2.83168
13-09-1982,2.12376
14-09-1982,1.6706912
15-09-1982,1.5007904
16-09-1982,1.3308896
17-09-1982,1.2176224
18-09-1982,1.1043552
19-09-1982,0.991088
20-09-1982,0.9061376
21-09-1982,0.849504
22-09-1982,0.7645536
23-09-1982,0.70792
24-09-1982,0.6512864
25-09-1982,0.5946528
26-09-1982,0.5946528
27-09-1982,0.566336
28-09-1982,0.5380192
29-09-1982,0.5380192
30-09-1982,0.5380192
01-10-1982,1.3025728
02-10-1982,1.274256
03-10-1982,1.6706912
04-10-1982,1.9255424
05-10-1982,1.699008
06-10-1982,5.1819744
07-10-1982,6.654448
08-10-1982,7.78712
09-10-1982,19.0288896
10-10-1982,17.5847328
11-10-1982,17.5847328
12-10-1982,12.0912736
13-10-1982,8.778208
14-10-1982,6.9092992
15-10-1982,5.5500928
16-10-1982,4.6439552
17-10-1982,4.24752
18-10-1982,4.0776192
19-10-1982,4.4740544
20-10-1982,5.0403904
21-10-1982,6.1730624
22-10-1982,7.9570208
23-10-1982,8.6083072
24-10-1982,7.5605856
25-10-1982,6.1730624
26-10-1982,5.1536576
27-10-1982,4.389104
28-10-1982,3.9360352
29-10-1982,3.6528672
30-10-1982,3.398016
31-10-1982,3.256432
01-11-1982,3.114848
02-11-1982,3.0298976
03-11-1982,2.8883136
04-11-1982,2.5768288
05-11-1982,2.4352448
06-11-1982,2.4352448
07-11-1982,2.6051456
08-11-1982,2.4918784
09-11-1982,2.6051456
10-11-1982,6.0314784
11-11-1982,15.1211712
12-11-1982,20.1615616
13-11-1982,13.6770144
14-11-1982,16.5936448
15-11-1982,12.4027584
16-11-1982,8.8348416
17-11-1982,6.937616
18-11-1982,6.37128
19-11-1982,15.715824
20-11-1982,29.73264
21-11-1982,20.4730464
22-11-1982,15.0362208
23-11-1982,8.3251392
24-11-1982,7.928704
25-11-1982,9.2595936
26-11-1982,7.3057344
27-11-1982,6.7393984
28-11-1982,6.2580128
29-11-1982,5.8615776
30-11-1982,5.9182112
01-12-1982,6.8526656
02-12-1982,10.6188
03-12-1982,12.5726592
04-12-1982,9.6843456
05-12-1982,7.503952
06-12-1982,5.7199936
07-12-1982,5.1819744
08-12-1982,3.9926688
09-12-1982,3.114848
10-12-1982,2.973264
11-12-1982,2.83168
12-12-1982,2.548512
13-12-1982,2.3502944
14-12-1982,2.2087104
15-12-1982,2.0671264
16-12-1982,1.9538592
17-12-1982,1.9255424
18-12-1982,1.8689088
19-12-1982,1.9255424
20-12-1982,2.0388096
21-12-1982,2.12376
22-12-1982,2.2087104
23-12-1982,2.265344
24-12-1982,2.265344
25-12-1982,2.12376
26-12-1982,1.8122752
27-12-1982,1.5857408
28-12-1982,1.557424
29-12-1982,1.6140576
30-12-1982,1.699008
31-12-1982,1.6706912
01-01-1983,1.5857408
02-01-1983,1.5857408
03-01-1983,1.557424
04-01-1983,1.5857408
05-01-1983,1.5857408
06-01-1983,1.5291072
07-01-1983,1.4724736
08-01-1983,1.3592064
09-01-1983,1.41584
10-01-1983,1.41584
11-01-1983,1.3592064
12-01-1983,1.41584
13-01-1983,1.41584
14-01-1983,1.41584
15-01-1983,1.274256
16-01-1983,1.274256
17-01-1983,1.274256
18-01-1983,1.274256
19-01-1983,1.274256
20-01-1983,1.274256
21-01-1983,1.274256
22-01-1983,1.274256
23-01-1983,1.2459392
24-01-1983,1.2176224
25-01-1983,1.0760384
26-01-1983,1.0477216
27-01-1983,1.0477216
28-01-1983,1.0760384
29-01-1983,1.0477216
30-01-1983,1.0194048
31-01-1983,0.991088
01-02-1983,0.9627712
02-02-1983,0.9344544
03-02-1983,0.9344544
04-02-1983,0.9344544
05-02-1983,0.9344544
06-02-1983,0.9344544
07-02-1983,0.9344544
08-02-1983,0.9344544
09-02-1983,0.9344544
10-02-1983,0.9061376
11-02-1983,0.8778208
12-02-1983,0.8211872
13-02-1983,0.8778208
14-02-1983,0.849504
15-02-1983,0.849504
16-02-1983,0.8211872
17-02-1983,0.991088
18-02-1983,1.3875232
19-02-1983,3.256432
20-02-1983,22.65344
21-02-1983,21.2376
22-02-1983,21.520768
23-02-1983,31.431648
24-02-1983,29.73264
25-02-1983,28.3168
26-02-1983,25.48512
27-02-1983,22.65344
28-02-1983,31.14848
01-03-1983,35.396
02-03-1983,39.360352
03-03-1983,37.378176
04-03-1983,38.794016
05-03-1983,44.174208
06-03-1983,64.279136
07-03-1983,80.986048
08-03-1983,45.873216
09-03-1983,33.696992
10-03-1983,33.413824
11-03-1983,31.14848
12-03-1983,27.750464
13-03-1983,26.2213568
14-03-1983,21.7473024
15-03-1983,17.8962176
16-03-1983,15.291072
17-03-1983,15.291072
18-03-1983,14.6964192
19-03-1983,13.1956288
20-03-1983,11.2984032
21-03-1983,9.5993952
22-03-1983,9.344544
23-03-1983,9.2595936
24-03-1983,8.7498912
25-03-1983,8.7498912
26-03-1983,7.5322688
27-03-1983,5.6067264
28-03-1983,5.8898944
29-03-1983,9.9675136
30-03-1983,11.9780064
31-03-1983,28.599968
01-04-1983,49.837568
02-04-1983,31.14848
03-04-1983,24.1259136
04-04-1983,21.7473024
05-04-1983,20.3597792
06-04-1983,21.520768
07-04-1983,23.1348256
08-04-1983,20.388096
09-04-1983,17.8112672
10-04-1983,15.9140416
11-04-1983,14.2716672
12-04-1983,19.11384
13-04-1983,36.528672
14-04-1983,30.582144
15-04-1983,32.281152
16-04-1983,38.22768
17-04-1983,34.546496
18-04-1983,33.696992
19-04-1983,34.546496
20-04-1983,31.997984
21-04-1983,28.599968
22-04-1983,25.4001696
23-04-1983,23.3047264
24-04-1983,20.8694816
25-04-1983,18.547504
26-04-1983,16.4803776
27-04-1983,14.9229536
28-04-1983,13.8469152
29-04-1983,13.308896
30-04-1983,13.2522624
01-05-1983,14.1584
02-05-1983,54.368256
03-05-1983,43.607872
04-05-1983,26.19304
05-05-1983,20.7845312
06-05-1983,21.1809664
07-05-1983,31.431648
08-05-1983,22.8233408
09-05-1983,16.9051296
10-05-1983,14.1584
11-05-1983,12.6859264
12-05-1983,12.5160256
13-05-1983,12.9974112
14-05-1983,11.893056
15-05-1983,11.468304
16-05-1983,10.3922656
17-05-1983,9.8542464
18-05-1983,9.2312768
19-05-1983,9.3728608
20-05-1983,9.1746432
21-05-1983,8.636624
22-05-1983,8.1552384
23-05-1983,7.1641504
24-05-1983,6.2013792
25-05-1983,5.7766272
26-05-1983,5.4085088
27-05-1983,5.1819744
28-05-1983,4.7005888
29-05-1983,4.3607872
30-05-1983,4.0493024
31-05-1983,3.8510848
01-06-1983,3.5962336
02-06-1983,3.4263328
03-06-1983,3.2281152
04-06-1983,3.0865312
05-06-1983,2.8033632
06-06-1983,2.6617792
07-06-1983,2.4635616
08-06-1983,2.3786112
09-06-1983,2.265344
10-06-1983,2.2087104
11-06-1983,2.0954432
12-06-1983,2.0104928
13-06-1983,2.3786112
14-06-1983,3.8794016
15-06-1983,4.105936
16-06-1983,3.5962336
17-06-1983,3.3696992
18-06-1983,6.0597952
19-06-1983,6.4845472
20-06-1983,30.582144
21-06-1983,27.4956128
22-06-1983,13.45048
23-06-1983,8.7215744
24-06-1983,6.2580128
25-06-1983,4.8704896
26-06-1983,3.822768
27-06-1983,4.3324704
28-06-1983,9.5993952
29-06-1983,19.8783936
30-06-1983,15.3477056
01-07-1983,11.7231552
02-07-1983,9.7976128
03-07-1983,8.9481088
04-07-1983,8.0419712
05-07-1983,7.3906848
06-07-1983,6.3146464
07-07-1983,5.2669248
08-07-1983,4.5590048
09-07-1983,4.0493024
10-07-1983,3.8794016
11-07-1983,3.5679168
12-07-1983,3.2281152
13-07-1983,3.0865312
14-07-1983,2.9166304
15-07-1983,2.7184128
16-07-1983,2.4918784
17-07-1983,2.6617792
18-07-1983,3.4829664
19-07-1983,3.256432
20-07-1983,3.0015808
21-07-1983,2.5768288
22-07-1983,2.406928
23-07-1983,2.1520768
24-07-1983,1.982176
25-07-1983,1.8689088
26-07-1983,1.7839584
27-07-1983,1.7273248
28-07-1983,1.840592
29-07-1983,1.8972256
30-07-1983,1.9255424
31-07-1983,1.7839584
01-08-1983,1.6140576
02-08-1983,1.3025728
03-08-1983,1.41584
04-08-1983,1.274256
05-08-1983,1.274256
06-08-1983,1.2459392
07-08-1983,1.1893056
08-08-1983,1.1609888
09-08-1983,1.1043552
10-08-1983,1.0194048
11-08-1983,0.9344544
12-08-1983,0.8778208
13-08-1983,0.849504
14-08-1983,0.7362368
15-08-1983,0.70792
16-08-1983,0.70792
17-08-1983,0.7362368
18-08-1983,0.6512864
19-08-1983,0.5946528
20-08-1983,0.5380192
21-08-1983,0.5097024
22-08-1983,0.5097024
23-08-1983,0.4813856
24-08-1983,0.566336
25-08-1983,0.7362368
26-08-1983,0.566336
27-08-1983,0.5946528
28-08-1983,0.7362368
29-08-1983,0.5946528
30-08-1983,0.7645536
31-08-1983,0.6796032
01-09-1983,0.566336
02-09-1983,0.4813856
03-09-1983,0.4530688
04-09-1983,0.4530688
05-09-1983,0.424752
06-09-1983,0.4813856
07-09-1983,0.4530688
08-09-1983,0.4530688
09-09-1983,0.424752
10-09-1983,0.424752
11-09-1983,0.3681184
12-09-1983,0.3398016
13-09-1983,0.3964352
14-09-1983,0.3398016
15-09-1983,0.3681184
16-09-1983,0.3964352
17-09-1983,0.3398016
18-09-1983,0.3398016
19-09-1983,0.3398016
20-09-1983,0.424752
21-09-1983,0.3114848
22-09-1983,0.3114848
23-09-1983,0.3114848
24-09-1983,0.26334624
25-09-1983,0.283168
26-09-1983,0.283168
27-09-1983,0.25201952
28-09-1983,0.2406928
29-09-1983,0.21803936
30-09-1983,0.2406928
01-10-1983,0.2406928
02-10-1983,0.2406928
03-10-1983,0.24918784
04-10-1983,0.4530688
05-10-1983,0.3964352
06-10-1983,0.34829664
07-10-1983,0.3964352
08-10-1983,0.37095008
09-10-1983,0.37095008
10-10-1983,0.36245504
11-10-1983,0.43324704
12-10-1983,0.37944512
13-10-1983,0.3681184
14-10-1983,0.38510848
15-10-1983,0.40209856
16-10-1983,0.41342528
17-10-1983,0.3398016
18-10-1983,0.40209856
19-10-1983,0.45023712
20-10-1983,0.55784096
21-10-1983,0.55500928
22-10-1983,0.56916768
23-10-1983,0.58898944
24-10-1983,0.5946528
25-10-1983,0.6088112
26-10-1983,0.54651424
27-10-1983,0.50687072
28-10-1983,0.47572224
29-10-1983,0.4672272
30-10-1983,0.424752
31-10-1983,0.47855392
01-11-1983,0.55500928
02-11-1983,0.57199936
03-11-1983,0.60597952
04-11-1983,0.67677152
05-11-1983,0.68243488
06-11-1983,0.68243488
07-11-1983,0.79570208
08-11-1983,0.76172192
09-11-1983,0.86649408
10-11-1983,0.75889024
11-11-1983,0.6937616
12-11-1983,0.79003872
13-11-1983,0.79003872
14-11-1983,0.74473184
15-11-1983,0.8211872
16-11-1983,0.8211872
17-11-1983,0.849504
18-11-1983,0.84384064
19-11-1983,1.29690944
20-11-1983,1.78962176
21-11-1983,1.94253248
22-11-1983,1.840592
23-11-1983,1.02223648
24-11-1983,1.42433504
25-11-1983,1.22894912
26-11-1983,0.991088
27-11-1983,0.73340512
28-11-1983,0.41908864
29-11-1983,0.5238608
30-11-1983,0.4813856
01-12-1983,0.3964352
02-12-1983,0.3681184
03-12-1983,0.3398016
04-12-1983,0.3398016
05-12-1983,0.3681184
06-12-1983,0.3681184
07-12-1983,0.3681184
08-12-1983,0.3964352
09-12-1983,0.3964352
10-12-1983,0.424752
11-12-1983,0.424752
12-12-1983,0.424752
13-12-1983,0.3964352
14-12-1983,0.3964352
15-12-1983,0.3964352
16-12-1983,0.424752
17-12-1983,0.4813856
18-12-1983,0.566336
19-12-1983,0.5946528
20-12-1983,0.566336
21-12-1983,0.5380192
22-12-1983,0.5946528
23-12-1983,0.70792
24-12-1983,0.6229696
25-12-1983,0.5380192
26-12-1983,0.566336
27-12-1983,0.566336
28-12-1983,0.5380192
29-12-1983,0.5097024
30-12-1983,0.566336
31-12-1983,0.566336
01-01-1984,0.5380192
02-01-1984,0.5097024
03-01-1984,0.4813856
04-01-1984,0.4813856
05-01-1984,0.4813856
06-01-1984,0.4813856
07-01-1984,0.4813856
08-01-1984,0.4813856
09-01-1984,0.4813856
10-01-1984,0.47005888
11-01-1984,0.495544
12-01-1984,0.52102912
13-01-1984,0.52102912
14-01-1984,0.53518752
15-01-1984,0.52102912
16-01-1984,0.5097024
17-01-1984,0.5097024
18-01-1984,0.5380192
19-01-1984,0.5380192
20-01-1984,0.5380192
21-01-1984,0.5380192
22-01-1984,0.5946528
23-01-1984,0.63146464
24-01-1984,0.6654448
25-01-1984,0.65978144
26-01-1984,0.63146464
27-01-1984,0.52669248
28-01-1984,0.54934592
29-01-1984,0.5521776
30-01-1984,0.52102912
31-01-1984,0.54934592
01-02-1984,0.53518752
02-02-1984,0.54651424
03-02-1984,0.40209856
04-02-1984,0.4389104
05-02-1984,0.41908864
06-02-1984,0.3964352
07-02-1984,0.424752
08-02-1984,0.4813856
09-02-1984,0.51819744
10-02-1984,0.54085088
11-02-1984,0.6229696
12-02-1984,0.69942496
13-02-1984,0.66261312
14-02-1984,0.69092992
15-02-1984,0.81835552
16-02-1984,0.93162272
17-02-1984,1.03922656
18-02-1984,1.04205824
19-02-1984,0.7645536
20-02-1984,0.82685056
21-02-1984,0.83251392
22-02-1984,0.76172192
23-02-1984,0.77021696
24-02-1984,0.76738528
25-02-1984,0.79003872
26-02-1984,0.92595936
27-02-1984,0.98542464
28-02-1984,0.95144448
29-02-1984,1.12417696
01-03-1984,1.72449312
02-03-1984,2.07562144
03-03-1984,2.30498752
04-03-1984,2.06995808
05-03-1984,1.66219616
06-03-1984,1.486632
07-03-1984,1.38469152
08-03-1984,1.35354304
09-03-1984,1.36486976
10-03-1984,1.48946368
11-03-1984,1.66219616
12-03-1984,1.77263168
13-03-1984,1.71882976
14-03-1984,1.65086944
15-03-1984,1.52061216
16-03-1984,1.43849344
17-03-1984,1.45548352
18-03-1984,1.44982016
19-03-1984,1.37902816
20-03-1984,1.41300832
21-03-1984,1.47813696
22-03-1984,1.6423744
23-03-1984,2.04730464
24-03-1984,3.4263328
25-03-1984,7.8437536
26-03-1984,22.4552224
27-03-1984,21.096016
28-03-1984,22.8233408
29-03-1984,21.6057184
30-03-1984,30.298976
31-03-1984,31.14848
01-04-1984,28.883136
02-04-1984,32.56432
03-04-1984,49.271232
04-04-1984,60.314784
05-04-1984,49.837568
06-04-1984,44.174208
07-04-1984,40.776192
08-04-1984,51.536576
09-04-1984,46.156384
10-04-1984,37.378176
11-04-1984,56.6336
12-04-1984,113.2672
13-04-1984,106.754336
14-04-1984,81.552384
15-04-1984,62.013792
16-04-1984,48.421728
17-04-1984,38.794016
18-04-1984,33.696992
19-04-1984,30.865312
20-04-1984,28.3168
21-04-1984,26.5894752
22-04-1984,28.033632
23-04-1984,27.042544
24-04-1984,24.4373984
25-04-1984,22.5401728
26-04-1984,22.8233408
27-04-1984,22.65344
28-04-1984,23.0498752
29-04-1984,23.5312608
30-04-1984,37.661344
01-05-1984,45.023712
02-05-1984,31.997984
03-05-1984,28.2035328
04-05-1984,26.19304
05-05-1984,23.927696
06-05-1984,24.5506656
07-05-1984,46.72272
08-05-1984,35.679168
09-05-1984,26.19304
10-05-1984,21.6340352
11-05-1984,19.2271072
12-05-1984,16.9051296
13-05-1984,15.5459232
14-05-1984,14.016816
15-05-1984,12.3461248
16-05-1984,10.760384
17-05-1984,9.8825632
18-05-1984,8.919792
19-05-1984,8.211872
20-05-1984,7.8437536
21-05-1984,7.2491008
22-05-1984,7.1641504
23-05-1984,6.654448
24-05-1984,5.9748448
25-05-1984,5.4651424
26-05-1984,5.0403904
27-05-1984,5.2102912
28-05-1984,9.9958304
29-05-1984,10.9869184
30-05-1984,8.636624
31-05-1984,7.0508832
01-06-1984,5.5784096
02-06-1984,5.0687072
03-06-1984,4.3607872
04-06-1984,4.2758368
05-06-1984,5.6350432
06-06-1984,10.901968
07-06-1984,8.3817728
08-06-1984,10.194048
09-06-1984,14.6114688
10-06-1984,17.1599808
11-06-1984,25.5134368
12-06-1984,75.322688
13-06-1984,45.873216
14-06-1984,45.590048
15-06-1984,72.774176
16-06-1984,90.047424
17-06-1984,92.0296
18-06-1984,63.7128
19-06-1984,47.572224
20-06-1984,95.427616
21-06-1984,214.358176
22-06-1984,197.934432
23-06-1984,116.382048
24-06-1984,82.401888
25-06-1984,64.562304
26-06-1984,53.518752
27-06-1984,44.740544
28-06-1984,38.22768
29-06-1984,34.263328
30-06-1984,30.582144
01-07-1984,28.0619488
02-07-1984,26.5328416
03-07-1984,24.494032
04-07-1984,22.7100736
05-07-1984,20.7845312
06-07-1984,19.5952256
07-07-1984,17.9528512
08-07-1984,16.8768128
09-07-1984,16.3104768
10-07-1984,16.5086944
11-07-1984,16.4803776
12-07-1984,14.3566176
13-07-1984,12.8558272
14-07-1984,11.8647392
15-07-1984,11.5532544
16-07-1984,10.5621664
17-07-1984,10.6754336
18-07-1984,9.8259296
19-07-1984,8.778208
20-07-1984,8.1269216
21-07-1984,7.3906848
22-07-1984,6.512864
23-07-1984,5.7483104
24-07-1984,4.9837568
25-07-1984,4.5873216
26-07-1984,5.238608
27-07-1984,5.804944
28-07-1984,4.7855392
29-07-1984,4.105936
30-07-1984,3.7944512
31-07-1984,3.3696992
01-08-1984,3.1997984
02-08-1984,2.973264
03-08-1984,2.9166304
04-08-1984,2.8883136
05-08-1984,2.78637312
06-08-1984,2.7042544
07-08-1984,2.65045248
08-08-1984,2.76371968
09-08-1984,2.760888
10-08-1984,2.58249216
11-08-1984,2.46639328
12-08-1984,2.26817568
13-08-1984,2.18322528
14-08-1984,2.09827488
15-08-1984,2.0388096
16-08-1984,1.95669088
17-08-1984,1.93403744
18-08-1984,1.89156224
19-08-1984,1.78962176
20-08-1984,1.6140576
21-08-1984,1.65936448
22-08-1984,1.41300832
23-08-1984,1.29690944
24-08-1984,1.15815712
25-08-1984,1.10152352
26-08-1984,1.0760384
27-08-1984,1.03639488
28-08-1984,1.06188
29-08-1984,1.03639488
30-08-1984,0.82685056
31-08-1984,0.7645536
01-09-1984,0.69092992
02-09-1984,0.71641504
03-09-1984,0.6796032
04-09-1984,0.6654448
05-09-1984,0.60314784
06-09-1984,0.5946528
07-09-1984,0.64845472
08-09-1984,0.6937616
09-09-1984,0.6796032
10-09-1984,0.6796032
11-09-1984,0.66261312
12-09-1984,1.05055328
13-09-1984,0.74473184
14-09-1984,0.6796032
15-09-1984,0.6796032
16-09-1984,0.61447456
17-09-1984,0.566336
18-09-1984,0.56350432
19-09-1984,0.54934592
20-09-1984,0.51253408
21-09-1984,0.47855392
22-09-1984,0.4530688
23-09-1984,0.44457376
24-09-1984,0.44740544
25-09-1984,0.52952416
26-09-1984,0.4813856
27-09-1984,0.4813856
28-09-1984,0.4813856
29-09-1984,0.47855392
30-09-1984,0.48421728
01-10-1984,0.48421728
02-10-1984,0.4813856
03-10-1984,0.47289056
04-10-1984,0.4530688
05-10-1984,0.4530688
06-10-1984,0.50687072
07-10-1984,0.5521776
08-10-1984,0.5804944
09-10-1984,0.67393984
10-10-1984,0.69659328
11-10-1984,0.637128
12-10-1984,0.67677152
13-10-1984,0.6937616
14-10-1984,0.79003872
15-10-1984,1.22328576
16-10-1984,1.98783936
17-10-1984,2.00766112
18-10-1984,2.23419552
19-10-1984,6.4562304
20-10-1984,7.362368
21-10-1984,5.6067264
22-10-1984,4.3041536
23-10-1984,3.6528672
24-10-1984,3.1997984
25-10-1984,2.9166304
26-10-1984,2.78354144
27-10-1984,2.64195744
28-10-1984,2.37011616
29-10-1984,2.21437376
30-10-1984,2.09827488
31-10-1984,1.9538592
01-11-1984,1.7273248
02-11-1984,1.24310752
03-11-1984,1.47530528
04-11-1984,1.67635456
05-11-1984,1.7414832
06-11-1984,1.53477056
07-11-1984,1.4724736
08-11-1984,1.39318656
09-11-1984,1.35637472
10-11-1984,1.27142432
11-11-1984,0.920296
12-11-1984,1.01374144
13-11-1984,1.14399872
14-11-1984,1.29690944
15-11-1984,1.2176224
16-11-1984,0.78154368
17-11-1984,0.91746432
18-11-1984,0.9627712
19-11-1984,0.81269216
20-11-1984,0.78154368
21-11-1984,0.79853376
22-11-1984,1.0194048
23-11-1984,0.97126624
24-11-1984,0.95427616
25-11-1984,0.98259296
26-11-1984,0.9627712
27-11-1984,0.849504
28-11-1984,0.7645536
29-11-1984,0.7645536
30-11-1984,0.7362368
01-12-1984,0.7362368
02-12-1984,0.70792
03-12-1984,0.70792
04-12-1984,0.70792
05-12-1984,0.70792
06-12-1984,0.60597952
07-12-1984,0.61447456
08-12-1984,0.63995968
09-12-1984,0.69659328
10-12-1984,0.7362368
11-12-1984,0.778712
12-12-1984,0.80986048
13-12-1984,0.76738528
14-12-1984,0.7503952
15-12-1984,0.70792
16-12-1984,0.70792
17-12-1984,0.70792
18-12-1984,0.70792
19-12-1984,0.66261312
20-12-1984,0.61164288
21-12-1984,0.57199936
22-12-1984,0.52102912
23-12-1984,0.5097024
24-12-1984,0.46439552
25-12-1984,0.424752
26-12-1984,0.424752
27-12-1984,0.39926688
28-12-1984,0.3964352
29-12-1984,0.40209856
30-12-1984,0.37095008
31-12-1984,0.33413824
01-01-1985,0.28883136
02-01-1985,0.270142272
03-01-1985,0.26759376
04-01-1985,0.27467296
05-01-1985,0.28175216
06-01-1985,0.278637312
07-01-1985,0.27467296
08-01-1985,0.265611584
09-01-1985,0.265328416
10-01-1985,0.2548512
11-01-1985,0.2548512
12-01-1985,0.2548512
13-01-1985,0.2548512
14-01-1985,0.2548512
15-01-1985,0.2548512
16-01-1985,0.2548512
17-01-1985,0.2406928
18-01-1985,0.2406928
19-01-1985,0.2406928
20-01-1985,0.2265344
21-01-1985,0.2265344
22-01-1985,0.2265344
23-01-1985,0.2265344
24-01-1985,0.2265344
25-01-1985,0.2265344
26-01-1985,0.2265344
27-01-1985,0.2265344
28-01-1985,0.2265344
29-01-1985,0.2265344
30-01-1985,0.2265344
31-01-1985,0.212376
01-02-1985,0.1982176
02-02-1985,0.1982176
03-02-1985,0.1982176
04-02-1985,0.1840592
05-02-1985,0.1840592
06-02-1985,0.1840592
07-02-1985,0.1699008
08-02-1985,0.1699008
09-02-1985,0.1699008
10-02-1985,0.1699008
11-02-1985,0.1699008
12-02-1985,0.1840592
13-02-1985,0.1840592
14-02-1985,0.1982176
15-02-1985,0.212376
16-02-1985,0.2265344
17-02-1985,0.283168
18-02-1985,0.424752
19-02-1985,0.566336
20-02-1985,0.849504
21-02-1985,0.991088
22-02-1985,0.849504
23-02-1985,0.849504
24-02-1985,0.991088
25-02-1985,1.982176
26-02-1985,1.41584
27-02-1985,1.132672
28-02-1985,0.849504
01-03-1985,1.132672
02-03-1985,0.566336
03-03-1985,0.424752
04-03-1985,0.424752
05-03-1985,0.424752
06-03-1985,0.283168
07-03-1985,0.424752
08-03-1985,0.424752
09-03-1985,0.566336
10-03-1985,1.41584
11-03-1985,5.66336
12-03-1985,24.06928
13-03-1985,21.7473024
14-03-1985,27.5805632
15-03-1985,41.625696
16-03-1985,49.5544
17-03-1985,43.324704
18-03-1985,36.245504
19-03-1985,36.245504
20-03-1985,28.599968
21-03-1985,23.8710624
22-03-1985,20.1615616
23-03-1985,18.6324544
24-03-1985,17.2449312
25-03-1985,15.57424
26-03-1985,14.4698848
27-03-1985,13.8469152
28-03-1985,13.2805792
29-03-1985,12.5726592
30-03-1985,11.6665216
31-03-1985,10.6188
01-04-1985,10.6471168
02-04-1985,10.8170176
03-04-1985,9.9958304
04-04-1985,18.830672
05-04-1985,24.7205664
06-04-1985,17.3015648
07-04-1985,13.2239456
08-04-1985,11.1001856
09-04-1985,10.0241472
10-04-1985,9.3162272
11-04-1985,8.8065248
12-04-1985,8.1835552
13-04-1985,7.7588032
14-04-1985,7.645536
15-04-1985,7.362368
16-04-1985,6.9092992
17-04-1985,6.3429632
18-04-1985,5.8332608
19-04-1985,5.5500928
20-04-1985,5.7199936
21-04-1985,8.4667232
22-04-1985,26.5894752
23-04-1985,86.649408
24-04-1985,45.873216
25-04-1985,24.2674976
26-04-1985,18.3776032
27-04-1985,16.6785952
28-04-1985,13.9035488
29-04-1985,11.5249376
30-04-1985,9.91088
01-05-1985,8.8348416
02-05-1985,7.7021696
03-05-1985,6.796032
04-05-1985,6.0597952
05-05-1985,5.66336
06-05-1985,5.380192
07-05-1985,4.8704896
08-05-1985,4.3607872
09-05-1985,3.9360352
10-05-1985,3.6528672
11-05-1985,3.6245504
12-05-1985,3.3413824
13-05-1985,3.0865312
14-05-1985,3.5396
15-05-1985,5.5784096
16-05-1985,6.2580128
17-05-1985,5.3235584
18-05-1985,4.3324704
19-05-1985,3.7095008
20-05-1985,3.3413824
21-05-1985,3.0015808
22-05-1985,2.72124448
23-05-1985,2.548512
24-05-1985,2.37577952
25-05-1985,2.21154208
26-05-1985,2.03597792
27-05-1985,1.93120576
28-05-1985,1.74714656
29-05-1985,3.4263328
30-05-1985,4.389104
31-05-1985,4.105936
01-06-1985,4.672272
02-06-1985,5.4651424
03-06-1985,4.530688
04-06-1985,3.7944512
05-06-1985,3.3413824
06-06-1985,2.973264
07-06-1985,2.66461088
08-06-1985,2.41825472
09-06-1985,2.14924512
10-06-1985,1.97084928
11-06-1985,2.0671264
12-06-1985,1.96518592
13-06-1985,1.80378016
14-06-1985,1.628216
15-06-1985,1.52627552
16-06-1985,1.41584
17-06-1985,1.2600976
18-06-1985,1.14116704
19-06-1985,1.05621664
20-06-1985,0.9769296
21-06-1985,0.8778208
22-06-1985,0.76738528
23-06-1985,0.70225664
24-06-1985,0.63429632
25-06-1985,0.58898944
26-06-1985,0.90047424
27-06-1985,0.92879104
28-06-1985,0.920296
29-06-1985,0.86649408
30-06-1985,0.7503952
01-07-1985,0.64845472
02-07-1985,0.58332608
03-07-1985,0.51536576
04-07-1985,0.45873216
05-07-1985,0.41908864
06-07-1985,0.3681184
07-07-1985,0.33696992
08-07-1985,0.3114848
09-07-1985,0.279769984
10-07-1985,0.265894752
11-07-1985,0.253152192
12-07-1985,0.243241312
13-07-1985,0.24918784
14-07-1985,0.31431648
15-07-1985,0.30298976
16-07-1985,0.272973952
17-07-1985,0.249754176
18-07-1985,0.226251232
19-07-1985,0.20812848
20-07-1985,0.202181952
21-07-1985,0.191987904
22-07-1985,0.184342368
23-07-1985,0.173015648
24-07-1985,0.60597952
25-07-1985,0.7645536
26-07-1985,0.54368256
27-07-1985,0.44174208
28-07-1985,0.30582144
29-07-1985,0.262779904
30-07-1985,0.245223488
31-07-1985,0.26617792
01-08-1985,0.257966048
02-08-1985,0.217756192
03-08-1985,0.197368096
04-08-1985,0.190288896
05-08-1985,0.181793856
06-08-1985,0.16848496
07-08-1985,0.15715824
08-08-1985,0.153193888
09-08-1985,0.14724736
10-08-1985,0.162538432
11-08-1985,0.144982016
12-08-1985,0.39360352
13-08-1985,0.39360352
14-08-1985,0.4530688
15-08-1985,0.36528672
16-08-1985,0.30582144
17-08-1985,0.34546496
18-08-1985,0.283168
19-08-1985,0.237294784
20-08-1985,0.226251232
21-08-1985,0.189439392
22-08-1985,0.18689088
23-08-1985,0.34546496
24-08-1985,0.214075008
25-08-1985,0.212659168
26-08-1985,0.194253248
27-08-1985,0.180661184
28-08-1985,0.62580128
29-08-1985,0.70792
30-08-1985,0.46156384
31-08-1985,0.39926688
01-09-1985,0.3398016
02-09-1985,0.32281152
03-09-1985,0.3114848
04-09-1985,0.2973264
05-09-1985,0.57766272
06-09-1985,0.46439552
07-09-1985,0.37378176
08-09-1985,0.30298976
09-09-1985,0.283168
10-09-1985,0.283168
11-09-1985,0.2973264
12-09-1985,0.37944512
13-09-1985,0.82401888
14-09-1985,1.22045408
15-09-1985,1.28558272
16-09-1985,1.14116704
17-09-1985,0.87498912
18-09-1985,0.6937616
19-09-1985,0.54651424
20-09-1985,0.47572224
21-09-1985,0.40776192
22-09-1985,0.3964352
23-09-1985,0.48421728
24-09-1985,0.47855392
25-09-1985,0.46156384
26-09-1985,0.495544
27-09-1985,0.47572224
28-09-1985,0.46439552
29-09-1985,0.48704896
30-09-1985,0.52952416
01-10-1985,0.5380192
02-10-1985,0.51536576
03-10-1985,0.5097024
04-10-1985,0.51819744
05-10-1985,0.52102912
06-10-1985,0.4813856
07-10-1985,0.45873216
08-10-1985,0.4530688
09-10-1985,0.4530688
10-10-1985,0.39926688
11-10-1985,0.40776192
12-10-1985,0.47289056
13-10-1985,0.53518752
14-10-1985,0.60314784
15-10-1985,0.58332608
16-10-1985,0.56067264
17-10-1985,0.53235584
18-10-1985,0.48421728
19-10-1985,0.4813856
20-10-1985,0.4813856
21-10-1985,0.46156384
22-10-1985,0.4530688
23-10-1985,0.55500928
24-10-1985,0.5804944
25-10-1985,0.52952416
26-10-1985,0.49271232
27-10-1985,0.58898944
28-10-1985,0.47289056
29-10-1985,0.44174208
30-10-1985,0.4105936
31-10-1985,0.3964352
01-11-1985,0.3681184
02-11-1985,0.3681184
03-11-1985,0.3681184
04-11-1985,0.3398016
05-11-1985,0.3398016
06-11-1985,0.3398016
07-11-1985,0.3398016
08-11-1985,0.3398016
09-11-1985,0.3398016
10-11-1985,0.3398016
11-11-1985,0.3681184
12-11-1985,0.39926688
13-11-1985,0.44457376
14-11-1985,0.4672272
15-11-1985,0.4389104
16-11-1985,0.60031616
17-11-1985,0.56350432
18-11-1985,0.66827648
19-11-1985,0.76738528
20-11-1985,0.6654448
21-11-1985,0.5946528
22-11-1985,0.52669248
23-11-1985,0.5097024
24-11-1985,0.4813856
25-11-1985,0.4530688
26-11-1985,0.424752
27-11-1985,0.424752
28-11-1985,0.3964352
29-11-1985,0.3964352
30-11-1985,0.3964352
01-12-1985,0.3681184
02-12-1985,0.3681184
03-12-1985,0.3681184
04-12-1985,0.3398016
05-12-1985,0.3398016
06-12-1985,0.3398016
07-12-1985,0.3398016
08-12-1985,0.3398016
09-12-1985,0.3114848
10-12-1985,0.3114848
11-12-1985,0.3114848
12-12-1985,0.3114848
13-12-1985,0.3114848
14-12-1985,0.283168
15-12-1985,0.283168
16-12-1985,0.283168
17-12-1985,0.283168
18-12-1985,0.27750464
19-12-1985,0.27750464
20-12-1985,0.283168
21-12-1985,0.283168
22-12-1985,0.283168
23-12-1985,0.27750464
24-12-1985,0.26051456
25-12-1985,0.2548512
26-12-1985,0.2548512
27-12-1985,0.24918784
28-12-1985,0.24352448
29-12-1985,0.23786112
30-12-1985,0.23502944
31-12-1985,0.23219776
01-01-1986,0.22936608
02-01-1986,0.22370272
03-01-1986,0.22087104
04-01-1986,0.212376
05-01-1986,0.20954432
06-01-1986,0.212376
07-01-1986,0.212376
08-01-1986,0.212376
09-01-1986,0.212376
10-01-1986,0.20954432
11-01-1986,0.22087104
12-01-1986,0.22087104
13-01-1986,0.22087104
14-01-1986,0.22087104
15-01-1986,0.22087104
16-01-1986,0.21803936
17-01-1986,0.21520768
18-01-1986,0.212376
19-01-1986,0.20954432
20-01-1986,0.20671264
21-01-1986,0.20954432
22-01-1986,0.20671264
23-01-1986,0.20388096
24-01-1986,0.1982176
25-01-1986,0.1982176
26-01-1986,0.1982176
27-01-1986,0.1982176
28-01-1986,0.19538592
29-01-1986,0.19255424
30-01-1986,0.19255424
31-01-1986,0.19255424
01-02-1986,0.19255424
02-02-1986,0.19255424
03-02-1986,0.19255424
04-02-1986,0.19255424
05-02-1986,0.18972256
06-02-1986,0.18972256
07-02-1986,0.18972256
08-02-1986,0.18972256
09-02-1986,0.18689088
10-02-1986,0.18689088
11-02-1986,0.18689088
12-02-1986,0.18689088
13-02-1986,0.18689088
14-02-1986,0.1840592
15-02-1986,0.18122752
16-02-1986,0.18122752
17-02-1986,0.18689088
18-02-1986,0.19255424
19-02-1986,0.18689088
20-02-1986,0.1840592
21-02-1986,0.18122752
22-02-1986,0.18122752
23-02-1986,0.18122752
24-02-1986,0.1982176
25-02-1986,0.2548512
26-02-1986,0.3398016
27-02-1986,0.7362368
28-02-1986,0.6229696
01-03-1986,0.6796032
02-03-1986,1.557424
03-03-1986,5.521776
04-03-1986,10.194048
05-03-1986,10.7037504
06-03-1986,11.2134528
07-03-1986,6.9659328
08-03-1986,7.1358336
09-03-1986,5.7483104
10-03-1986,5.238608
11-03-1986,5.380192
12-03-1986,5.6916768
13-03-1986,5.238608
14-03-1986,5.2952416
15-03-1986,6.512864
16-03-1986,11.6948384
17-03-1986,13.3938464
18-03-1986,84.384064
19-03-1986,39.077184
20-03-1986,21.803936
21-03-1986,24.4373984
22-03-1986,30.582144
23-03-1986,26.7027424
24-03-1986,22.9649248
25-03-1986,23.078192
26-03-1986,20.3031456
27-03-1986,17.5847328
28-03-1986,15.8290912
29-03-1986,14.6114688
30-03-1986,13.0823616
31-03-1986,11.6948384
01-04-1986,10.3922656
02-04-1986,9.4578112
03-04-1986,18.8589888
04-04-1986,32.847488
05-04-1986,37.378176
06-04-1986,26.19304
07-04-1986,21.379184
08-04-1986,17.9528512
09-04-1986,16.1688928
10-04-1986,15.1211712
11-04-1986,14.1017664
12-04-1986,12.884144
13-04-1986,12.1195904
14-04-1986,59.182112
15-04-1986,50.403904
16-04-1986,31.14848
17-04-1986,25.48512
18-04-1986,22.65344
19-04-1986,33.98016
20-04-1986,28.3168
21-04-1986,22.8799744
22-04-1986,20.3597792
23-04-1986,18.7174048
24-04-1986,17.7263168
25-04-1986,17.6130496
26-04-1986,17.3015648
27-04-1986,18.7740384
28-04-1986,22.8799744
29-04-1986,20.4164128
30-04-1986,18.1793856
01-05-1986,17.5280992
02-05-1986,17.3581984
03-05-1986,15.5176064
04-05-1986,14.1017664
05-05-1986,12.9974112
06-05-1986,11.9496896
07-05-1986,11.3833536
08-05-1986,11.8647392
09-05-1986,18.3209696
10-05-1986,25.9948224
11-05-1986,29.449472
12-05-1986,24.8904672
13-05-1986,21.2092832
14-05-1986,20.8977984
15-05-1986,20.8411648
16-05-1986,19.1421568
17-05-1986,17.839584
18-05-1986,15.8007744
19-05-1986,14.1867168
20-05-1986,13.1106784
21-05-1986,12.03464
22-05-1986,10.9869184
23-05-1986,10.1374144
24-05-1986,10.0807808
25-05-1986,10.2223648
26-05-1986,10.2506816
27-05-1986,10.7320672
28-05-1986,11.3833536
29-05-1986,11.1001856
30-05-1986,10.8170176
31-05-1986,10.9302848
01-06-1986,9.6843456
02-06-1986,8.353456
03-06-1986,7.4473184
04-06-1986,6.9092992
05-06-1986,6.654448
06-06-1986,6.2013792
07-06-1986,7.1924672
08-06-1986,7.4473184
09-06-1986,6.6827648
10-06-1986,6.796032
11-06-1986,8.1552384
12-06-1986,7.9003872
13-06-1986,6.937616
14-06-1986,6.4562304
15-06-1986,5.8615776
16-06-1986,5.2102912
17-06-1986,4.6439552
18-06-1986,4.2192032
19-06-1986,3.7378176
20-06-1986,4.1625696
21-06-1986,9.344544
22-06-1986,53.80192
23-06-1986,95.144448
24-06-1986,58.898944
25-06-1986,33.413824
26-06-1986,23.786112
27-06-1986,19.5669088
28-06-1986,17.8962176
29-06-1986,17.0183968
30-06-1986,17.698
01-07-1986,18.0944352
02-07-1986,15.9140416
03-07-1986,13.8185984
04-07-1986,12.2894912
05-07-1986,10.9869184
06-07-1986,9.8825632
07-07-1986,9.1463264
08-07-1986,8.6083072
09-07-1986,8.1552384
10-07-1986,7.78712
11-07-1986,9.344544
12-07-1986,10.5904832
13-07-1986,10.477216
14-07-1986,9.0896928
15-07-1986,7.8437536
16-07-1986,6.9942496
17-07-1986,6.2580128
18-07-1986,5.5500928
19-07-1986,5.3235584
20-07-1986,4.7855392
21-07-1986,4.4174208
22-07-1986,4.1625696
23-07-1986,3.7661344
24-07-1986,3.3413824
25-07-1986,3.1714816
26-07-1986,3.6245504
27-07-1986,4.3324704
28-07-1986,3.822768
29-07-1986,3.5679168
30-07-1986,3.3130656
31-07-1986,3.256432
01-08-1986,3.114848
02-08-1986,3.3413824
03-08-1986,2.9166304
04-08-1986,2.6334624
05-08-1986,2.336136
06-08-1986,2.22003712
07-08-1986,2.11526496
08-08-1986,1.89156224
09-08-1986,1.80944352
10-08-1986,1.73015648
11-08-1986,1.8122752
12-08-1986,2.11243328
13-08-1986,1.91421568
14-08-1986,1.81510688
15-08-1986,1.67635456
16-08-1986,1.5857408
17-08-1986,1.97084928
18-08-1986,2.4635616
19-08-1986,2.7184128
20-08-1986,2.02748288
21-08-1986,2.19172032
22-08-1986,2.20304704
23-08-1986,2.0954432
24-08-1986,1.95102752
25-08-1986,1.82360192
26-08-1986,2.15774016
27-08-1986,2.973264
28-08-1986,3.114848
29-08-1986,3.0298976
30-08-1986,2.83168
31-08-1986,2.73823456
01-09-1986,2.67310592
02-09-1986,2.60797728
03-09-1986,2.45223488
04-09-1986,2.265344
05-09-1986,2.03314624
06-09-1986,1.82926528
07-09-1986,1.6565328
08-09-1986,1.51211712
09-09-1986,1.4441568
10-09-1986,3.1997984
11-09-1986,2.75805632
12-09-1986,1.8830672
13-09-1986,1.59423584
14-09-1986,2.9166304
15-09-1986,8.4384064
16-09-1986,10.9302848
17-09-1986,41.908864
18-09-1986,42.4752
19-09-1986,78.437536
20-09-1986,59.748448
21-09-1986,47.005888
22-09-1986,60.031616
23-09-1986,65.978144
24-09-1986,50.403904
25-09-1986,42.758368
26-09-1986,36.245504
27-09-1986,30.865312
28-09-1986,26.617792
29-09-1986,23.7294784
30-09-1986,21.4641344
01-10-1986,20.0199776
02-10-1986,18.689088
03-10-1986,18.0094848
04-10-1986,17.414832
05-10-1986,16.8768128
06-10-1986,15.857408
07-10-1986,15.0928544
08-10-1986,14.4698848
09-10-1986,13.7902816
10-10-1986,13.3372128
11-10-1986,13.1956288
12-10-1986,13.3938464
13-10-1986,12.7708768
14-10-1986,11.9496896
15-10-1986,11.2417696
16-10-1986,10.5904832
17-10-1986,10.1090976
18-10-1986,9.4578112
19-10-1986,8.8631584
20-10-1986,8.4384064
21-10-1986,8.1835552
22-10-1986,7.78712
23-10-1986,7.9853376
24-10-1986,8.0986048
25-10-1986,8.2401888
26-10-1986,7.8154368
27-10-1986,7.4190016
28-10-1986,7.0792
29-10-1986,6.9659328
30-10-1986,6.4845472
31-10-1986,6.1164288
01-11-1986,5.8332608
02-11-1986,5.4934592
03-11-1986,5.380192
04-11-1986,5.2669248
05-11-1986,5.0403904
06-11-1986,5.097024
07-11-1986,4.9837568
08-11-1986,5.946528
09-11-1986,5.380192
10-11-1986,4.389104
11-11-1986,2.70708608
12-11-1986,2.83168
13-11-1986,3.398016
14-11-1986,3.4829664
15-11-1986,3.3130656
16-11-1986,3.3413824
17-11-1986,3.4263328
18-11-1986,3.4829664
19-11-1986,3.3696992
20-11-1986,3.3413824
21-11-1986,3.4829664
22-11-1986,3.7378176
23-11-1986,3.9926688
24-11-1986,4.1625696
25-11-1986,4.672272
26-11-1986,4.8988064
27-11-1986,4.9837568
28-11-1986,5.4368256
29-11-1986,5.2102912
30-11-1986,5.3235584
01-12-1986,5.2669248
02-12-1986,4.813856
03-12-1986,3.7378176
04-12-1986,3.114848
05-12-1986,4.1342528
06-12-1986,4.2192032
07-12-1986,3.964352
08-12-1986,3.5962336
09-12-1986,3.256432
10-12-1986,3.0298976
11-12-1986,3.2281152
12-12-1986,2.40126464
13-12-1986,2.12092832
14-12-1986,2.28233408
15-12-1986,2.10393824
16-12-1986,2.18322528
17-12-1986,2.27667072
18-12-1986,2.31065088
19-12-1986,2.3078192
20-12-1986,2.23136384
21-12-1986,2.21437376
22-12-1986,1.89439392
23-12-1986,1.84625536
24-12-1986,1.840592
25-12-1986,1.88589888
26-12-1986,1.93403744
27-12-1986,1.83492864
28-12-1986,1.8264336
29-12-1986,1.840592
30-12-1986,1.89439392
31-12-1986,1.82926528
01-01-1987,1.77263168
02-01-1987,1.89439392
03-01-1987,1.56308736
04-01-1987,1.50362208
05-01-1987,1.50362208
06-01-1987,1.60556256
07-01-1987,1.699008
08-01-1987,1.74431488
09-01-1987,1.74714656
10-01-1987,1.63954272
11-01-1987,1.5857408
12-01-1987,1.46964192
13-01-1987,1.51211712
14-01-1987,1.6423744
15-01-1987,1.74431488
16-01-1987,1.69334464
17-01-1987,1.35071136
18-01-1987,1.3308896
19-01-1987,1.33938464
20-01-1987,1.26576096
21-01-1987,1.3025728
22-01-1987,1.18647392
23-01-1987,1.13833536
24-01-1987,1.11568192
25-01-1987,1.05904832
26-01-1987,1.06188
27-01-1987,1.0760384
28-01-1987,1.0760384
29-01-1987,1.11001856
30-01-1987,1.1609888
31-01-1987,1.18364224
01-02-1987,1.2600976
02-02-1987,1.36486976
03-02-1987,1.557424
04-02-1987,1.46964192
05-02-1987,1.43566176
06-02-1987,1.60273088
07-02-1987,1.74431488
08-02-1987,2.9449472
09-02-1987,3.3130656
10-02-1987,3.7661344
11-02-1987,4.1908864
12-02-1987,2.548512
13-02-1987,2.3219776
14-02-1987,2.5201952
15-02-1987,3.0582144
16-02-1987,2.3786112
17-02-1987,2.6617792
18-02-1987,2.406928
19-02-1987,2.4352448
20-02-1987,2.4352448
21-02-1987,2.4352448
22-02-1987,1.9255424
23-02-1987,2.0104928
24-02-1987,1.68768128
25-02-1987,1.70750304
26-02-1987,1.7131664
27-02-1987,2.00199776
28-02-1987,2.20304704
01-03-1987,2.16340352
02-03-1987,2.01615616
03-03-1987,2.1803936
04-03-1987,2.22570048
05-03-1987,2.33330432
06-03-1987,2.43241312
07-03-1987,2.71274944
08-03-1987,2.8883136
09-03-1987,2.34179936
10-03-1987,2.0104928
11-03-1987,2.46072992
12-03-1987,2.65045248
13-03-1987,2.4494032
14-03-1987,2.45506656
15-03-1987,2.51736352
16-03-1987,2.44373984
17-03-1987,2.63063072
18-03-1987,8.0419712
19-03-1987,15.9140416
20-03-1987,14.9512704
21-03-1987,16.0556256
22-03-1987,16.2538432
23-03-1987,20.812848
24-03-1987,36.245504
25-03-1987,36.245504
26-03-1987,36.81184
27-03-1987,28.883136
28-03-1987,24.1825472
29-03-1987,14.9795872
30-03-1987,18.0944352
31-03-1987,20.1332448
01-04-1987,17.4431488
02-04-1987,17.8112672
03-04-1987,16.5086944
04-04-1987,14.7530528
05-04-1987,13.9601824
06-04-1987,13.2239456
07-04-1987,12.2894912
08-04-1987,11.8081056
09-04-1987,11.32672
10-04-1987,10.477216
11-04-1987,10.1657312
12-04-1987,9.9958304
13-04-1987,9.5993952
14-04-1987,10.5338496
15-04-1987,10.0807808
16-04-1987,9.2312768
17-04-1987,8.636624
18-04-1987,7.7304864
19-04-1987,6.937616
20-04-1987,6.229696
21-04-1987,5.7199936
22-04-1987,5.4085088
23-04-1987,5.4368256
24-04-1987,4.8421728
25-04-1987,4.3041536
26-04-1987,3.9360352
27-04-1987,3.6245504
28-04-1987,3.5396
29-04-1987,3.2281152
30-04-1987,2.9166304
01-05-1987,2.70142272
02-05-1987,2.8883136
03-05-1987,3.3130656
04-05-1987,3.9926688
05-05-1987,3.7944512
06-05-1987,3.1997984
07-05-1987,2.7750464
08-05-1987,2.36728448
09-05-1987,2.2087104
10-05-1987,2.08977984
11-05-1987,1.91987904
12-05-1987,1.73015648
13-05-1987,1.5998992
14-05-1987,1.54609728
15-05-1987,1.28275104
16-05-1987,1.12984032
17-05-1987,1.0760384
18-05-1987,0.991088
19-05-1987,0.99675136
20-05-1987,1.05338496
21-05-1987,1.1043552
22-05-1987,1.19780064
23-05-1987,1.1751472
24-05-1987,1.10152352
25-05-1987,1.63104768
26-05-1987,3.1997984
27-05-1987,3.5396
28-05-1987,3.0582144
29-05-1987,2.51453184
30-05-1987,2.24269056
31-05-1987,2.20304704
01-06-1987,1.79528512
02-06-1987,1.42716672
03-06-1987,1.1751472
04-06-1987,1.0477216
05-06-1987,0.92879104
06-06-1987,0.8353456
07-06-1987,0.75889024
08-06-1987,0.6937616
09-06-1987,0.66261312
10-06-1987,0.73340512
11-06-1987,0.77588032
12-06-1987,0.85233568
13-06-1987,0.87215744
14-06-1987,0.77588032
15-06-1987,0.66261312
16-06-1987,0.62863296
17-06-1987,0.64279136
18-06-1987,0.849504
19-06-1987,0.849504
20-06-1987,0.8778208
21-06-1987,0.8778208
22-06-1987,0.8211872
23-06-1987,0.7645536
24-06-1987,0.8211872
25-06-1987,0.8778208
26-06-1987,0.8778208
27-06-1987,0.849504
28-06-1987,0.7362368
29-06-1987,0.6796032
30-06-1987,0.6229696
01-07-1987,0.6512864
02-07-1987,0.70792
03-07-1987,0.6796032
04-07-1987,0.7362368
05-07-1987,0.7928704
06-07-1987,0.7928704
07-07-1987,0.991088
08-07-1987,1.0477216
09-07-1987,1.2459392
10-07-1987,3.822768
11-07-1987,4.4740544
12-07-1987,3.6528672
13-07-1987,4.672272
14-07-1987,7.1358336
15-07-1987,6.512864
16-07-1987,5.4368256
17-07-1987,5.4368256
18-07-1987,5.5500928
19-07-1987,5.7483104
20-07-1987,5.4368256
21-07-1987,3.1714816
22-07-1987,3.398016
23-07-1987,3.4263328
24-07-1987,3.0015808
25-07-1987,2.63912576
26-07-1987,2.336136
27-07-1987,2.12942336
28-07-1987,1.8830672
29-07-1987,1.67918624
30-07-1987,1.4441568
31-07-1987,1.29974112
01-08-1987,1.15249376
02-08-1987,1.00241472
03-08-1987,0.8070288
04-08-1987,0.66261312
05-08-1987,0.566336
06-08-1987,0.5238608
07-08-1987,0.495544
08-08-1987,0.49271232
09-08-1987,0.53518752
10-08-1987,0.8070288
11-08-1987,0.73906848
12-08-1987,0.5946528
13-08-1987,0.5097024
14-08-1987,0.48421728
15-08-1987,0.45023712
16-08-1987,0.41908864
17-08-1987,0.39926688
18-08-1987,0.37661344
19-08-1987,0.38794016
20-08-1987,0.39360352
21-08-1987,0.37095008
22-08-1987,0.33696992
23-08-1987,0.3114848
24-08-1987,0.31997984
25-08-1987,0.3681184
26-08-1987,0.3681184
27-08-1987,0.38510848
28-08-1987,0.4105936
29-08-1987,0.41908864
30-08-1987,0.37378176
31-08-1987,0.33413824
01-09-1987,0.30298976
02-09-1987,0.248055168
03-09-1987,0.34829664
04-09-1987,0.274389792
05-09-1987,0.2336136
06-09-1987,0.22795024
07-09-1987,0.207562144
08-09-1987,0.207278976
09-09-1987,0.176413664
10-09-1987,0.178679008
11-09-1987,0.205863136
12-09-1987,0.30298976
13-09-1987,0.24210864
14-09-1987,0.21803936
15-09-1987,0.30582144
16-09-1987,0.51536576
17-09-1987,0.5521776
18-09-1987,0.566336
19-09-1987,0.58332608
20-09-1987,0.51253408
21-09-1987,0.4813856
22-09-1987,0.4813856
23-09-1987,0.4530688
24-09-1987,0.424752
25-09-1987,0.3964352
26-09-1987,0.3681184
27-09-1987,0.3398016
28-09-1987,0.3114848
29-09-1987,0.3114848
30-09-1987,0.283168
01-10-1987,0.2548512
02-10-1987,0.2548512
03-10-1987,0.2265344
04-10-1987,0.2265344
05-10-1987,0.1982176
06-10-1987,0.16706912
07-10-1987,0.16706912
08-10-1987,0.16140576
09-10-1987,0.15857408
10-10-1987,0.20104928
11-10-1987,0.18122752
12-10-1987,0.16140576
13-10-1987,0.15291072
14-10-1987,0.15291072
15-10-1987,0.16706912
16-10-1987,0.26051456
17-10-1987,0.424752
18-10-1987,0.4530688
19-10-1987,0.4813856
20-10-1987,0.4530688
21-10-1987,0.424752
22-10-1987,0.424752
23-10-1987,0.4813856
24-10-1987,0.424752
25-10-1987,0.4530688
26-10-1987,0.424752
27-10-1987,0.424752
28-10-1987,0.3964352
29-10-1987,0.3964352
30-10-1987,0.3681184
31-10-1987,0.3681184
01-11-1987,0.3681184
02-11-1987,0.3398016
03-11-1987,0.3398016
04-11-1987,0.3398016
05-11-1987,0.3398016
06-11-1987,0.3398016
07-11-1987,0.3114848
08-11-1987,0.3114848
09-11-1987,0.3114848
10-11-1987,0.283168
11-11-1987,0.283168
12-11-1987,0.3114848
13-11-1987,0.3398016
14-11-1987,0.3681184
15-11-1987,0.3681184
16-11-1987,0.4530688
17-11-1987,0.3964352
18-11-1987,0.3681184
19-11-1987,0.3964352
20-11-1987,0.3398016
21-11-1987,0.3114848
22-11-1987,0.3681184
23-11-1987,0.424752
24-11-1987,0.3964352
25-11-1987,0.3681184
26-11-1987,0.3964352
27-11-1987,0.3681184
28-11-1987,0.3964352
29-11-1987,0.424752
30-11-1987,0.3681184
01-12-1987,0.424752
02-12-1987,0.3964352
03-12-1987,0.424752
04-12-1987,0.3964352
05-12-1987,0.3964352
06-12-1987,0.4530688
07-12-1987,0.4813856
08-12-1987,0.5380192
09-12-1987,0.566336
10-12-1987,0.5380192
11-12-1987,0.6512864
12-12-1987,0.6512864
13-12-1987,0.424752
14-12-1987,0.5097024
15-12-1987,0.5097024
16-12-1987,0.5097024
17-12-1987,0.5380192
18-12-1987,0.4813856
19-12-1987,0.4530688
20-12-1987,0.424752
21-12-1987,0.3964352
22-12-1987,0.3964352
23-12-1987,0.424752
24-12-1987,0.3681184
25-12-1987,0.3398016
26-12-1987,0.27184128
27-12-1987,0.26617792
28-12-1987,0.283168
29-12-1987,0.27467296
30-12-1987,0.3114848
31-12-1987,0.283168
01-01-1988,0.2548512
02-01-1988,0.2406928
03-01-1988,0.2265344
04-01-1988,0.212376
05-01-1988,0.1699008
06-01-1988,0.1557424
07-01-1988,0.141584
08-01-1988,0.141584
09-01-1988,0.1132672
10-01-1988,0.1132672
11-01-1988,0.1132672
12-01-1988,0.1274256
13-01-1988,0.1274256
14-01-1988,0.141584
15-01-1988,0.141584
16-01-1988,0.1557424
17-01-1988,0.1699008
18-01-1988,0.1699008
19-01-1988,0.1982176
20-01-1988,0.1840592
21-01-1988,0.1699008
22-01-1988,0.1699008
23-01-1988,0.1699008
24-01-1988,0.1699008
25-01-1988,0.1699008
26-01-1988,0.141584
27-01-1988,0.141584
28-01-1988,0.1699008
29-01-1988,0.1699008
30-01-1988,0.1699008
31-01-1988,0.1557424
01-02-1988,0.1132672
02-02-1988,0.1132672
03-02-1988,0.1132672
04-02-1988,0.0991088
05-02-1988,0.0991088
06-02-1988,0.0991088
07-02-1988,0.0849504
08-02-1988,0.0849504
09-02-1988,0.0849504
10-02-1988,0.070792
11-02-1988,0.0566336
12-02-1988,0.0566336
13-02-1988,0.070792
14-02-1988,0.0849504
15-02-1988,0.0849504
16-02-1988,0.0849504
17-02-1988,0.0849504
18-02-1988,0.0849504
19-02-1988,0.0849504
20-02-1988,0.0991088
21-02-1988,0.0991088
22-02-1988,0.1132672
23-02-1988,0.0991088
24-02-1988,0.0991088
25-02-1988,0.141584
26-02-1988,0.1699008
27-02-1988,0.2265344
28-02-1988,0.283168
29-02-1988,0.283168
01-03-1988,0.424752
02-03-1988,0.566336
03-03-1988,1.132672
04-03-1988,1.699008
05-03-1988,4.24752
06-03-1988,4.3041536
07-03-1988,6.1447456
08-03-1988,4.95544
09-03-1988,5.238608
10-03-1988,5.3518752
11-03-1988,6.3995968
12-03-1988,6.3146464
13-03-1988,3.681184
14-03-1988,4.24752
15-03-1988,4.813856
16-03-1988,5.097024
17-03-1988,5.8332608
18-03-1988,5.4651424
19-03-1988,4.672272
20-03-1988,3.8794016
21-03-1988,3.1714816
22-03-1988,2.7467296
23-03-1988,2.548512
24-03-1988,2.7750464
25-03-1988,2.9449472
26-03-1988,2.83168
27-03-1988,2.690096
28-03-1988,2.6334624
29-03-1988,2.3219776
30-03-1988,2.1803936
31-03-1988,2.12376
01-04-1988,2.0104928
02-04-1988,2.4635616
03-04-1988,3.5679168
04-04-1988,3.822768
05-04-1988,3.681184
06-04-1988,3.9077184
07-04-1988,3.822768
08-04-1988,3.5112832
09-04-1988,3.0865312
10-04-1988,2.8033632
11-04-1988,2.6617792
12-04-1988,2.4918784
13-04-1988,2.2936608
14-04-1988,2.0954432
15-04-1988,1.9255424
16-04-1988,1.8122752
17-04-1988,1.699008
18-04-1988,1.5007904
19-04-1988,1.3592064
20-04-1988,1.3875232
21-04-1988,1.41584
22-04-1988,1.557424
23-04-1988,2.0954432
24-04-1988,3.2847488
25-04-1988,3.7661344
26-04-1988,3.7661344
27-04-1988,4.8988064
28-04-1988,5.4934592
29-04-1988,4.8421728
30-04-1988,4.0493024
01-05-1988,3.4829664
02-05-1988,3.1431648
03-05-1988,3.0865312
04-05-1988,2.7467296
05-05-1988,2.406928
06-05-1988,2.0954432
07-05-1988,1.9255424
08-05-1988,1.7556416
09-05-1988,1.6140576
10-05-1988,1.5007904
11-05-1988,1.4441568
12-05-1988,1.3875232
13-05-1988,1.1893056
14-05-1988,1.1043552
15-05-1988,1.0477216
16-05-1988,0.991088
17-05-1988,0.9344544
18-05-1988,0.9061376
19-05-1988,0.9344544
20-05-1988,0.849504
21-05-1988,1.1043552
22-05-1988,1.3592064
23-05-1988,1.8972256
24-05-1988,1.9255424
25-05-1988,1.4441568
26-05-1988,1.3025728
27-05-1988,2.0104928
28-05-1988,2.5768288
29-05-1988,2.1803936
30-05-1988,1.5291072
31-05-1988,1.3308896
01-06-1988,1.3308896
02-06-1988,1.3025728
03-06-1988,1.2176224
04-06-1988,1.0194048
05-06-1988,0.8778208
06-06-1988,0.70792
07-06-1988,0.5946528
08-06-1988,0.5946528
09-06-1988,0.5097024
10-06-1988,0.4530688
11-06-1988,0.3964352
12-06-1988,0.3114848
13-06-1988,0.3114848
14-06-1988,0.3114848
15-06-1988,0.3114848
16-06-1988,0.27467296
17-06-1988,0.25768288
18-06-1988,0.23502944
19-06-1988,0.21520768
20-06-1988,0.20388096
21-06-1988,0.18122752
22-06-1988,0.15291072
23-06-1988,0.13875232
24-06-1988,0.14441568
25-06-1988,0.14441568
26-06-1988,0.141584
27-06-1988,0.12176224
28-06-1988,0.10477216
29-06-1988,0.141584
30-06-1988,0.1132672
01-07-1988,0.1132672
02-07-1988,0.0849504
03-07-1988,0.0849504
04-07-1988,0.0849504
05-07-1988,0.070792
06-07-1988,0.070792
07-07-1988,0.0849504
08-07-1988,0.0849504
09-07-1988,0.0849504
10-07-1988,0.070792
11-07-1988,0.070792
12-07-1988,0.1132672
13-07-1988,0.0849504
14-07-1988,0.0849504
15-07-1988,0.070792
16-07-1988,0.070792
17-07-1988,0.0566336
18-07-1988,0.0566336
19-07-1988,0.0849504
20-07-1988,0.08778208
21-07-1988,0.07645536
22-07-1988,0.070792
23-07-1988,0.06796032
24-07-1988,0.05946528
25-07-1988,0.05380192
26-07-1988,0.04530688
27-07-1988,0.03398016
28-07-1988,0.03114848
29-07-1988,0.03964352
30-07-1988,0.0424752
31-07-1988,0.024635616
01-08-1988,0.0283168
02-08-1988,0.0424752
03-08-1988,0.11893056
04-08-1988,0.16423744
05-08-1988,0.18689088
06-08-1988,0.11893056
07-08-1988,0.1132672
08-08-1988,0.10760384
09-08-1988,0.10194048
10-08-1988,0.06512864
11-08-1988,0.04813856
12-08-1988,0.03681184
13-08-1988,0.10477216
14-08-1988,0.09061376
15-08-1988,0.07645536
16-08-1988,0.06796032
17-08-1988,0.05097024
18-08-1988,0.04813856
19-08-1988,0.04530688
20-08-1988,0.03964352
21-08-1988,0.2548512
22-08-1988,0.27467296
23-08-1988,0.20671264
24-08-1988,0.11893056
25-08-1988,0.07928704
26-08-1988,0.07362368
27-08-1988,0.10477216
28-08-1988,0.0849504
29-08-1988,0.07928704
30-08-1988,0.04813856
31-08-1988,0.04813856
01-09-1988,0.03681184
02-09-1988,0.0283168
03-09-1988,0.019538592
04-09-1988,0.013875232
05-09-1988,0.01840592
06-09-1988,0.011609888
07-09-1988,0.0141584
08-09-1988,0.01557424
09-09-1988,0.010477216
10-09-1988,0.03398016
11-09-1988,0.08211872
12-09-1988,0.03114848
13-09-1988,0.03398016
14-09-1988,0.03964352
15-09-1988,0.1699008
16-09-1988,0.0849504
17-09-1988,0.0566336
18-09-1988,0.0566336
19-09-1988,0.0849504
20-09-1988,0.0566336
21-09-1988,0.0566336
22-09-1988,0.0283168
23-09-1988,0.0283168
24-09-1988,0.0283168
25-09-1988,0.0283168
26-09-1988,0.0283168
27-09-1988,0.0424752
28-09-1988,0.283168
29-09-1988,0.2265344
30-09-1988,0.141584
01-10-1988,0.11893056
02-10-1988,0.1132672
03-10-1988,0.1132672
04-10-1988,0.1132672
05-10-1988,0.0991088
06-10-1988,0.0991088
07-10-1988,0.1132672
08-10-1988,0.1132672
09-10-1988,0.0991088
10-10-1988,0.0991088
11-10-1988,0.1132672
12-10-1988,0.0991088
13-10-1988,0.0991088
14-10-1988,0.0991088
15-10-1988,0.0991088
16-10-1988,0.0991088
17-10-1988,0.0991088
18-10-1988,0.0991088
19-10-1988,0.0991088
20-10-1988,0.1132672
21-10-1988,0.0991088
22-10-1988,0.0991088
23-10-1988,0.0849504
24-10-1988,0.0849504
25-10-1988,0.0849504
26-10-1988,0.0849504
27-10-1988,0.0849504
28-10-1988,0.070792
29-10-1988,0.070792
30-10-1988,0.070792
31-10-1988,0.1274256
01-11-1988,0.1274256
02-11-1988,0.1274256
03-11-1988,0.141584
04-11-1988,0.1274256
05-11-1988,0.1274256
06-11-1988,0.141584
07-11-1988,0.1557424
08-11-1988,0.141584
09-11-1988,0.1557424
10-11-1988,0.141584
11-11-1988,0.212376
12-11-1988,0.283168
13-11-1988,0.2265344
14-11-1988,0.2265344
15-11-1988,0.2406928
16-11-1988,0.2265344
17-11-1988,0.1840592
18-11-1988,0.2690096
19-11-1988,0.2406928
20-11-1988,0.1982176
21-11-1988,0.1557424
22-11-1988,0.1840592
23-11-1988,0.1557424
24-11-1988,0.1557424
25-11-1988,0.141584
26-11-1988,0.141584
27-11-1988,0.1557424
28-11-1988,0.1274256
29-11-1988,0.141584
30-11-1988,0.141584
01-12-1988,0.1557424
02-12-1988,0.1699008
03-12-1988,0.1699008
04-12-1988,0.1840592
05-12-1988,0.1982176
06-12-1988,0.1982176
07-12-1988,0.1982176
08-12-1988,0.141584
09-12-1988,0.1132672
10-12-1988,0.0991088
11-12-1988,0.0991088
12-12-1988,0.0849504
13-12-1988,0.0991088
14-12-1988,0.141584
15-12-1988,0.1132672
16-12-1988,0.1132672
17-12-1988,0.0991088
18-12-1988,0.0849504
19-12-1988,0.1132672
20-12-1988,0.1132672
21-12-1988,0.1132672
22-12-1988,0.1274256
23-12-1988,0.1274256
24-12-1988,0.1274256
25-12-1988,0.0991088
26-12-1988,0.1132672
27-12-1988,0.0991088
28-12-1988,0.070792
29-12-1988,0.0566336
30-12-1988,0.0566336
31-12-1988,0.0566336
01-01-1989,0.0566336
02-01-1989,0.0566336
03-01-1989,0.0424752
04-01-1989,0.0566336
05-01-1989,0.0424752
06-01-1989,0.0424752
07-01-1989,0.0424752
08-01-1989,0.0424752
09-01-1989,0.0424752
10-01-1989,0.01982176
11-01-1989,0.0141584
12-01-1989,0.0141584
13-01-1989,0.01982176
14-01-1989,0.0283168
15-01-1989,0.0424752
16-01-1989,0.0424752
17-01-1989,0.0424752
18-01-1989,0.0424752
19-01-1989,0.0424752
20-01-1989,0.0424752
21-01-1989,0.0424752
22-01-1989,0.0424752
23-01-1989,0.0424752
24-01-1989,0.0566336
25-01-1989,0.0566336
26-01-1989,0.0424752
27-01-1989,0.0566336
28-01-1989,0.0566336
29-01-1989,0.0566336
30-01-1989,0.070792
31-01-1989,0.070792
01-02-1989,0.0566336
02-02-1989,0.0283168
03-02-1989,0.0141584
04-02-1989,0.01132672
05-02-1989,0.00849504
06-02-1989,0.01132672
07-02-1989,0.0141584
08-02-1989,0.00849504
09-02-1989,0.00849504
10-02-1989,0.00991088
11-02-1989,0.01699008
12-02-1989,0.0141584
13-02-1989,0.01840592
14-02-1989,0.01699008
15-02-1989,0.01274256
16-02-1989,0.01274256
17-02-1989,0.00849504
18-02-1989,0.00849504
19-02-1989,0.00849504
20-02-1989,0.01132672
21-02-1989,0.01132672
22-02-1989,0.01132672
23-02-1989,0.0141584
24-02-1989,0.02265344
25-02-1989,0.0141584
26-02-1989,0.01132672
27-02-1989,0.00849504
28-02-1989,0.01132672
01-03-1989,0.00849504
02-03-1989,0.00849504
03-03-1989,0.00849504
04-03-1989,0.0070792
05-03-1989,0.00566336
06-03-1989,0.00424752
07-03-1989,0.0283168
08-03-1989,0.1699008
09-03-1989,0.991088
10-03-1989,5.66336
11-03-1989,4.530688
12-03-1989,3.681184
13-03-1989,2.690096
14-03-1989,1.699008
15-03-1989,0.849504
16-03-1989,0.70792
17-03-1989,0.6512864
18-03-1989,0.6512864
19-03-1989,0.7928704
20-03-1989,0.849504
21-03-1989,0.849504
22-03-1989,0.991088
23-03-1989,1.9255424
24-03-1989,3.0298976
25-03-1989,4.1908864
26-03-1989,2.9166304
27-03-1989,2.0671264
28-03-1989,1.8972256
29-03-1989,1.8122752
30-03-1989,1.8122752
31-03-1989,1.5857408
01-04-1989,1.4441568
02-04-1989,1.274256
03-04-1989,1.1609888
04-04-1989,1.0194048
05-04-1989,0.8778208
06-04-1989,0.7928704
07-04-1989,0.8211872
08-04-1989,0.8211872
09-04-1989,0.7645536
10-04-1989,0.7362368
11-04-1989,0.6796032
12-04-1989,0.6512864
13-04-1989,0.6512864
14-04-1989,0.5946528
15-04-1989,0.566336
16-04-1989,0.5380192
17-04-1989,0.5380192
18-04-1989,0.5097024
19-04-1989,0.4813856
20-04-1989,0.4813856
21-04-1989,0.4530688
22-04-1989,0.4530688
23-04-1989,0.4530688
24-04-1989,0.4530688
25-04-1989,0.4530688
26-04-1989,0.4530688
27-04-1989,0.424752
28-04-1989,0.424752
29-04-1989,0.5380192
30-04-1989,0.566336
01-05-1989,0.566336
02-05-1989,0.5097024
03-05-1989,0.5097024
04-05-1989,0.5380192
05-05-1989,0.4813856
06-05-1989,0.3964352
07-05-1989,0.3398016
08-05-1989,0.3398016
09-05-1989,0.3114848
10-05-1989,0.26617792
11-05-1989,0.21803936
12-05-1989,0.18972256
13-05-1989,0.24918784
14-05-1989,0.21803936
15-05-1989,0.18972256
16-05-1989,0.17839584
17-05-1989,0.14441568
18-05-1989,0.17839584
19-05-1989,0.18689088
20-05-1989,0.09627712
21-05-1989,0.13308896
22-05-1989,0.15857408
23-05-1989,0.1840592
24-05-1989,0.16423744
25-05-1989,0.1557424
26-05-1989,0.15291072
27-05-1989,0.14441568
28-05-1989,0.141584
29-05-1989,0.141584
30-05-1989,0.2265344
31-05-1989,0.1699008
01-06-1989,0.15007904
02-06-1989,0.141584
03-06-1989,0.13308896
04-06-1989,0.12176224
05-06-1989,0.11893056
06-06-1989,0.10760384
07-06-1989,0.09344544
08-06-1989,0.0849504
09-06-1989,0.07645536
10-06-1989,0.070792
11-06-1989,0.0566336
12-06-1989,0.05380192
13-06-1989,0.05097024
14-06-1989,0.04530688
15-06-1989,0.0424752
16-06-1989,0.03964352
17-06-1989,0.11043552
18-06-1989,0.07928704
19-06-1989,0.07362368
20-06-1989,0.05097024
21-06-1989,0.03681184
22-06-1989,0.03681184
23-06-1989,0.0566336
24-06-1989,0.05946528
25-06-1989,0.05946528
26-06-1989,0.26334624
27-06-1989,0.13308896
28-06-1989,0.11043552
29-06-1989,0.08778208
30-06-1989,0.07645536
01-07-1989,0.06796032
02-07-1989,0.05380192
03-07-1989,0.04530688
04-07-1989,0.04530688
05-07-1989,0.03398016
06-07-1989,0.026617792
07-07-1989,0.019255424
08-07-1989,0.016423744
09-07-1989,0.013875232
10-07-1989,0.012176224
11-07-1989,0.011893056
12-07-1989,0.011043552
13-07-1989,0.011043552
14-07-1989,0.011609888
15-07-1989,0.011043552
16-07-1989,0.00991088
17-07-1989,0.06512864
18-07-1989,0.03114848
19-07-1989,0.04813856
20-07-1989,0.04813856
21-07-1989,0.023219776
22-07-1989,0.015291072
23-07-1989,0.024918784
24-07-1989,0.011609888
25-07-1989,0.00991088
26-07-1989,0.015007904
27-07-1989,0.010477216
28-07-1989,0.006796032
29-07-1989,0.012459392
30-07-1989,0.018972256
31-07-1989,0.010760384
01-08-1989,0.008211872
02-08-1989,0.00566336
03-08-1989,0.005946528
04-08-1989,0.005380192
05-08-1989,0.003964352
06-08-1989,0.003114848
07-08-1989,0.00283168
08-08-1989,0.003398016
09-08-1989,0.003964352
10-08-1989,0.003964352
11-08-1989,0.003964352
12-08-1989,0.0283168
13-08-1989,0.0566336
14-08-1989,0.005380192
15-08-1989,0.005380192
16-08-1989,0.005097024
17-08-1989,0.004530688
18-08-1989,0.00424752
19-08-1989,0.1840592
20-08-1989,0.03964352
21-08-1989,0.027184128
22-08-1989,0.018122752
23-08-1989,0.013025728
24-08-1989,0.010760384
25-08-1989,0.009627712
26-08-1989,0.03964352
27-08-1989,0.0141584
28-08-1989,0.01274256
29-08-1989,0.010194048
30-08-1989,0.009061376
31-08-1989,0.011043552
01-09-1989,0.010760384
02-09-1989,0.020954432
03-09-1989,0.00991088
04-09-1989,0.21803936
05-09-1989,0.020104928
06-09-1989,0.012459392
07-09-1989,0.4530688
08-09-1989,0.11609888
09-09-1989,0.070792
10-09-1989,0.03964352
11-09-1989,0.024352448
12-09-1989,0.01982176
13-09-1989,0.017273248
14-09-1989,0.028033632
15-09-1989,0.01274256
16-09-1989,0.021803936
17-09-1989,0.01982176
18-09-1989,0.020104928
19-09-1989,0.05946528
20-09-1989,0.021520768
21-09-1989,0.019538592
22-09-1989,0.027467296
23-09-1989,0.03398016
24-09-1989,0.04530688
25-09-1989,0.06512864
26-09-1989,0.0424752
27-09-1989,0.0283168
28-09-1989,0.03114848
29-09-1989,0.0424752
30-09-1989,0.022087104
01-10-1989,0.021520768
02-10-1989,0.03398016
03-10-1989,0.009061376
04-10-1989,0.017556416
05-10-1989,0.016706912
06-10-1989,0.016706912
07-10-1989,0.01132672
08-10-1989,0.018972256
09-10-1989,0.01699008
10-10-1989,0.020954432
11-10-1989,0.022936608
12-10-1989,0.025201952
13-10-1989,0.03114848
14-10-1989,0.03114848
15-10-1989,0.02548512
16-10-1989,0.03398016
17-10-1989,0.020388096
18-10-1989,0.005380192
19-10-1989,0.006796032
20-10-1989,0.009061376
21-10-1989,0.010194048
22-10-1989,0.013025728
23-10-1989,0.02548512
24-10-1989,0.012176224
25-10-1989,0.008778208
26-10-1989,0.009627712
27-10-1989,0.011893056
28-10-1989,0.009627712
29-10-1989,0.024352448
30-10-1989,0.020104928
31-10-1989,0.018689088
01-11-1989,0.01982176
02-11-1989,0.023786112
03-11-1989,0.03114848
04-11-1989,0.03398016
05-11-1989,0.05097024
06-11-1989,0.05097024
07-11-1989,0.0424752
08-11-1989,0.0424752
09-11-1989,0.0424752
10-11-1989,0.03398016
11-11-1989,0.03398016
12-11-1989,0.02406928
13-11-1989,0.027467296
14-11-1989,0.023786112
15-11-1989,0.023219776
16-11-1989,0.019538592
17-11-1989,0.016423744
18-11-1989,0.016423744
19-11-1989,0.018122752
20-11-1989,0.01982176
21-11-1989,0.023786112
22-11-1989,0.03398016
23-11-1989,0.03114848
24-11-1989,0.022370272
25-11-1989,0.016706912
26-11-1989,0.023786112
27-11-1989,0.0424752
28-11-1989,0.026617792
29-11-1989,0.01840592
30-11-1989,0.017273248
01-12-1989,0.019255424
02-12-1989,0.022370272
03-12-1989,0.020388096
04-12-1989,0.01982176
05-12-1989,0.0283168
06-12-1989,0.03398016
07-12-1989,0.03114848
08-12-1989,0.0283168
09-12-1989,0.03398016
10-12-1989,0.03398016
11-12-1989,0.03398016
12-12-1989,0.0283168
13-12-1989,0.02548512
14-12-1989,0.01699008
15-12-1989,0.01982176
16-12-1989,0.0212376
17-12-1989,0.01982176
18-12-1989,0.01699008
19-12-1989,0.010194048
20-12-1989,0.006229696
21-12-1989,0.003398016
22-12-1989,0.003964352
23-12-1989,0.005097024
24-12-1989,0.012459392
25-12-1989,0.0283168
26-12-1989,0.03114848
27-12-1989,0.03398016
28-12-1989,0.03681184
29-12-1989,0.03398016
30-12-1989,0.03114848
31-12-1989,0.0283168
01-01-1990,0.0283168
02-01-1990,0.03114848
03-01-1990,0.0283168
04-01-1990,0.0283168
05-01-1990,0.0283168
06-01-1990,0.03114848
07-01-1990,0.03114848
08-01-1990,0.03398016
09-01-1990,0.03681184
10-01-1990,0.03681184
11-01-1990,0.03398016
12-01-1990,0.03114848
13-01-1990,0.03398016
14-01-1990,0.03681184
15-01-1990,0.03681184
16-01-1990,0.03398016
17-01-1990,0.03114848
18-01-1990,0.03114848
19-01-1990,0.03114848
20-01-1990,0.03114848
21-01-1990,0.03114848
22-01-1990,0.03398016
23-01-1990,0.03398016
24-01-1990,0.03114848
25-01-1990,0.03114848
26-01-1990,0.03398016
27-01-1990,0.03398016
28-01-1990,0.03398016
29-01-1990,0.03681184
30-01-1990,0.03398016
31-01-1990,0.03114848
01-02-1990,0.0283168
02-02-1990,0.0283168
03-02-1990,0.0283168
04-02-1990,0.03114848
05-02-1990,0.03398016
06-02-1990,0.03681184
07-02-1990,0.03964352
08-02-1990,0.03681184
09-02-1990,0.03398016
10-02-1990,0.03398016
11-02-1990,0.03681184
12-02-1990,0.03681184
13-02-1990,0.03398016
14-02-1990,0.03114848
15-02-1990,0.03114848
16-02-1990,0.02265344
17-02-1990,0.022087104
18-02-1990,0.02548512
19-02-1990,0.03114848
20-02-1990,0.03398016
21-02-1990,0.03398016
22-02-1990,0.03398016
23-02-1990,0.03398016
24-02-1990,0.03114848
25-02-1990,0.03114848
26-02-1990,0.03398016
27-02-1990,0.03681184
28-02-1990,0.0424752
01-03-1990,0.04813856
02-03-1990,0.05097024
03-03-1990,0.05380192
04-03-1990,0.06229696
05-03-1990,0.07645536
06-03-1990,0.07928704
07-03-1990,0.11043552
08-03-1990,0.1840592
09-03-1990,0.11609888
10-03-1990,0.12176224
11-03-1990,0.1557424
12-03-1990,0.24635616
13-03-1990,0.3398016
14-03-1990,0.27467296
15-03-1990,0.21520768
16-03-1990,0.15857408
17-03-1990,0.13025728
18-03-1990,0.0991088
19-03-1990,0.07928704
20-03-1990,0.070792
21-03-1990,0.0566336
22-03-1990,0.0991088
23-03-1990,0.07645536
24-03-1990,0.06796032
25-03-1990,0.07645536
26-03-1990,0.07928704
27-03-1990,0.0849504
28-03-1990,0.070792
29-03-1990,0.06796032
30-03-1990,0.07362368
31-03-1990,0.06229696
01-04-1990,0.07645536
02-04-1990,0.08211872
03-04-1990,0.0849504
04-04-1990,0.07362368
05-04-1990,0.07362368
06-04-1990,0.05097024
07-04-1990,0.070792
08-04-1990,0.070792
09-04-1990,0.070792
10-04-1990,0.070792
11-04-1990,0.07362368
12-04-1990,0.07645536
13-04-1990,0.07362368
14-04-1990,0.07645536
15-04-1990,0.07362368
16-04-1990,0.05097024
17-04-1990,0.06796032
18-04-1990,0.06229696
19-04-1990,0.0566336
20-04-1990,0.06229696
21-04-1990,0.04530688
22-04-1990,0.07645536
23-04-1990,0.06229696
24-04-1990,0.0566336
25-04-1990,0.03114848
26-04-1990,0.070792
27-04-1990,0.283168
28-04-1990,0.11609888
29-04-1990,0.26334624
30-04-1990,0.1699008
01-05-1990,0.13308896
02-05-1990,0.11609888
03-05-1990,0.12176224
04-05-1990,0.13875232
05-05-1990,0.11609888
06-05-1990,0.08778208
07-05-1990,0.09061376
08-05-1990,0.1132672
09-05-1990,0.1274256
10-05-1990,0.0991088
11-05-1990,0.0991088
12-05-1990,0.12459392
13-05-1990,0.09627712
14-05-1990,0.22087104
15-05-1990,0.24918784
16-05-1990,0.212376
17-05-1990,0.23786112
18-05-1990,0.3114848
19-05-1990,0.70792
20-05-1990,0.4530688
21-05-1990,0.3681184
22-05-1990,0.3964352
23-05-1990,0.3964352
24-05-1990,0.3398016
25-05-1990,0.3681184
26-05-1990,0.3398016
27-05-1990,0.3114848
28-05-1990,0.3114848
29-05-1990,0.28033632
30-05-1990,0.27750464
31-05-1990,0.19538592
01-06-1990,0.16706912
02-06-1990,0.1982176
03-06-1990,0.16140576
04-06-1990,0.16140576
05-06-1990,0.141584
06-06-1990,0.283168
07-06-1990,0.2548512
08-06-1990,0.17556416
09-06-1990,0.12459392
10-06-1990,0.10477216
11-06-1990,0.09061376
12-06-1990,0.05380192
13-06-1990,0.04813856
14-06-1990,0.03398016
15-06-1990,0.0283168
16-06-1990,0.09344544
17-06-1990,0.04813856
18-06-1990,0.03681184
19-06-1990,0.24635616
20-06-1990,0.09061376
21-06-1990,1.4724736
22-06-1990,1.3308896
23-06-1990,1.4724736
24-06-1990,2.265344
25-06-1990,3.0015808
26-06-1990,3.5112832
27-06-1990,4.2758368
28-06-1990,12.884144
29-06-1990,6.37128
30-06-1990,9.4578112
01-07-1990,9.8542464
02-07-1990,6.9659328
03-07-1990,4.8704896
04-07-1990,3.9077184
05-07-1990,3.681184
06-07-1990,3.3413824
07-07-1990,2.83168
08-07-1990,2.3219776
09-07-1990,2.1803936
10-07-1990,2.0104928
11-07-1990,1.7273248
12-07-1990,1.5007904
13-07-1990,1.41584
14-07-1990,1.3025728
15-07-1990,1.132672
16-07-1990,1.0194048
17-07-1990,0.9061376
18-07-1990,0.7928704
19-07-1990,0.9061376
20-07-1990,1.7273248
21-07-1990,2.3502944
22-07-1990,1.7556416
23-07-1990,1.1893056
24-07-1990,0.9344544
25-07-1990,0.7928704
26-07-1990,0.991088
27-07-1990,0.9344544
28-07-1990,0.7645536
29-07-1990,0.8211872
30-07-1990,0.7645536
31-07-1990,0.6796032
01-08-1990,0.5946528
02-08-1990,0.5097024
03-08-1990,0.4530688
04-08-1990,0.424752
05-08-1990,0.3681184
06-08-1990,0.283168
07-08-1990,0.25201952
08-08-1990,0.23502944
09-08-1990,0.21520768
10-08-1990,0.3964352
11-08-1990,0.3398016
12-08-1990,0.26051456
13-08-1990,0.4813856
14-08-1990,0.424752
15-08-1990,0.991088
16-08-1990,1.2459392
17-08-1990,0.6512864
18-08-1990,0.5097024
19-08-1990,0.424752
20-08-1990,0.4530688
21-08-1990,0.7928704
22-08-1990,0.7928704
23-08-1990,0.9344544
24-08-1990,0.849504
25-08-1990,0.7645536
26-08-1990,0.6796032
27-08-1990,0.6229696
28-08-1990,0.5097024
29-08-1990,0.4813856
30-08-1990,0.424752
31-08-1990,0.3681184
01-09-1990,0.27750464
02-09-1990,0.24635616
03-09-1990,0.21520768
04-09-1990,0.1840592
05-09-1990,0.1840592
06-09-1990,0.13592064
07-09-1990,0.15291072
08-09-1990,0.13875232
09-09-1990,0.13592064
10-09-1990,0.12176224
11-09-1990,0.11043552
12-09-1990,0.09061376
13-09-1990,0.08778208
14-09-1990,0.08778208
15-09-1990,0.06796032
16-09-1990,0.06229696
17-09-1990,0.05946528
18-09-1990,0.06796032
19-09-1990,0.070792
20-09-1990,0.08211872
21-09-1990,0.08211872
22-09-1990,0.070792
23-09-1990,0.07928704
24-09-1990,0.05946528
25-09-1990,0.06796032
26-09-1990,0.0566336
27-09-1990,0.04813856
28-09-1990,0.05097024
29-09-1990,0.05946528
30-09-1990,0.06796032
01-10-1990,0.0566336
02-10-1990,0.0424752
03-10-1990,0.20104928
04-10-1990,0.1132672
05-10-1990,0.07645536
06-10-1990,0.0566336
07-10-1990,0.06229696
08-10-1990,0.070792
09-10-1990,0.07928704
10-10-1990,0.09627712
11-10-1990,0.11609888
12-10-1990,0.0991088
13-10-1990,0.09344544
14-10-1990,0.1132672
15-10-1990,0.11893056
16-10-1990,0.1132672
17-10-1990,0.1132672
18-10-1990,0.13875232
19-10-1990,0.1699008
20-10-1990,0.10760384
21-10-1990,0.1132672
22-10-1990,0.13025728
23-10-1990,0.11609888
24-10-1990,0.1132672
25-10-1990,0.11043552
26-10-1990,0.11609888
27-10-1990,0.11893056
28-10-1990,0.09344544
29-10-1990,0.10194048
30-10-1990,0.10194048
31-10-1990,0.10477216
01-11-1990,0.12176224
02-11-1990,0.10477216
03-11-1990,0.12459392
04-11-1990,0.10477216
05-11-1990,0.10760384
06-11-1990,0.09344544
07-11-1990,0.07645536
08-11-1990,0.06796032
09-11-1990,0.08211872
10-11-1990,0.0849504
11-11-1990,0.09061376
12-11-1990,0.09061376
13-11-1990,0.10194048
14-11-1990,0.0849504
15-11-1990,0.08211872
16-11-1990,0.07645536
17-11-1990,0.07362368
18-11-1990,0.070792
19-11-1990,0.08211872
20-11-1990,0.06796032
21-11-1990,0.07645536
22-11-1990,0.070792
23-11-1990,0.07928704
24-11-1990,0.07928704
25-11-1990,0.06512864
26-11-1990,0.0566336
27-11-1990,0.0424752
28-11-1990,0.0283168
29-11-1990,0.03398016
30-11-1990,0.03114848
01-12-1990,0.02548512
02-12-1990,0.02265344
03-12-1990,0.0212376
04-12-1990,0.01982176
05-12-1990,0.01840592
06-12-1990,0.01699008
07-12-1990,0.01840592
08-12-1990,0.01982176
09-12-1990,0.02265344
10-12-1990,0.0283168
11-12-1990,0.03681184
12-12-1990,0.0424752
13-12-1990,0.0849504
14-12-1990,0.0424752
15-12-1990,0.03964352
16-12-1990,0.03681184
17-12-1990,0.0283168
18-12-1990,0.02548512
19-12-1990,0.02406928
20-12-1990,0.02265344
21-12-1990,0.01840592
22-12-1990,0.01274256
23-12-1990,0.0070792
24-12-1990,0.007362368
25-12-1990,0.007928704
26-12-1990,0.009061376
27-12-1990,0.00991088
28-12-1990,0.01132672
29-12-1990,0.01132672
30-12-1990,0.00991088
31-12-1990,0.00849504
01-01-1991,0.01132672
02-01-1991,0.01274256
03-01-1991,0.01132672
04-01-1991,0.00991088
05-01-1991,0.00991088
06-01-1991,0.00991088
07-01-1991,0.00991088
08-01-1991,0.00991088
09-01-1991,0.00991088
10-01-1991,0.00991088
11-01-1991,0.01132672
12-01-1991,0.01132672
13-01-1991,0.0141584
14-01-1991,0.01699008
15-01-1991,0.01982176
16-01-1991,0.01699008
17-01-1991,0.01557424
18-01-1991,0.0141584
19-01-1991,0.01699008
20-01-1991,0.01982176
21-01-1991,0.0141584
22-01-1991,0.01557424
23-01-1991,0.01557424
24-01-1991,0.01557424
25-01-1991,0.01132672
26-01-1991,0.010760384
27-01-1991,0.00991088
28-01-1991,0.01132672
29-01-1991,0.010477216
30-01-1991,0.009627712
31-01-1991,0.010477216
01-02-1991,0.01274256
02-02-1991,0.01982176
03-02-1991,0.02548512
04-02-1991,0.0424752
05-02-1991,0.0566336
06-02-1991,0.06796032
07-02-1991,0.070792
08-02-1991,0.06512864
09-02-1991,0.04530688
10-02-1991,0.03681184
11-02-1991,0.02548512
12-02-1991,0.01699008
13-02-1991,0.01982176
14-02-1991,0.02265344
15-02-1991,0.01699008
16-02-1991,0.0141584
17-02-1991,0.01699008
18-02-1991,0.01982176
19-02-1991,0.02265344
20-02-1991,0.02265344
21-02-1991,0.02265344
22-02-1991,0.02265344
23-02-1991,0.02265344
24-02-1991,0.01982176
25-02-1991,0.01699008
26-02-1991,0.01699008
27-02-1991,0.01982176
28-02-1991,0.02265344
01-03-1991,0.03681184
02-03-1991,0.0283168
03-03-1991,0.02265344
04-03-1991,0.03398016
05-03-1991,0.05097024
06-03-1991,0.0849504
07-03-1991,0.04813856
08-03-1991,0.05097024
09-03-1991,0.0566336
10-03-1991,0.05946528
11-03-1991,0.06512864
12-03-1991,0.07928704
13-03-1991,0.0849504
14-03-1991,0.0991088
15-03-1991,0.1132672
16-03-1991,0.0991088
17-03-1991,0.12459392
18-03-1991,0.1274256
19-03-1991,0.15007904
20-03-1991,0.24918784
21-03-1991,0.3114848
22-03-1991,0.22087104
23-03-1991,0.212376
24-03-1991,0.20671264
25-03-1991,0.20671264
26-03-1991,0.1982176
27-03-1991,0.25201952
28-03-1991,0.1982176
29-03-1991,0.15291072
30-03-1991,0.1274256
31-03-1991,0.13308896
01-04-1991,0.13308896
02-04-1991,0.1274256
03-04-1991,0.1840592
04-04-1991,0.26051456
05-04-1991,0.12176224
06-04-1991,0.10194048
07-04-1991,0.09061376
08-04-1991,0.06796032
09-04-1991,0.070792
10-04-1991,0.05946528
11-04-1991,0.0849504
12-04-1991,0.15857408
13-04-1991,0.16706912
14-04-1991,0.1840592
15-04-1991,0.283168
16-04-1991,0.22370272
17-04-1991,0.17556416
18-04-1991,0.17556416
19-04-1991,0.17839584
20-04-1991,0.15007904
21-04-1991,0.1557424
22-04-1991,0.1274256
23-04-1991,0.13025728
24-04-1991,0.1132672
25-04-1991,0.09627712
26-04-1991,0.08211872
27-04-1991,0.10194048
28-04-1991,0.10477216
29-04-1991,0.23786112
30-04-1991,0.16140576
01-05-1991,0.19538592
02-05-1991,0.19255424
03-05-1991,0.2548512
04-05-1991,0.3114848
05-05-1991,0.3681184
06-05-1991,0.424752
07-05-1991,0.4813856
08-05-1991,0.4813856
09-05-1991,0.4530688
10-05-1991,0.4813856
11-05-1991,0.4530688
12-05-1991,0.4530688
13-05-1991,0.424752
14-05-1991,0.424752
15-05-1991,0.424752
16-05-1991,0.6512864
17-05-1991,0.9344544
18-05-1991,0.4530688
19-05-1991,0.4530688
20-05-1991,0.424752
21-05-1991,0.3964352
22-05-1991,0.3681184
23-05-1991,0.3681184
24-05-1991,0.3398016
25-05-1991,0.3398016
26-05-1991,0.3398016
27-05-1991,0.3398016
28-05-1991,0.3964352
29-05-1991,0.424752
30-05-1991,1.274256
31-05-1991,1.132672
01-06-1991,0.7362368
02-06-1991,0.5380192
03-06-1991,0.4530688
04-06-1991,0.8778208
05-06-1991,0.7645536
06-06-1991,0.6512864
07-06-1991,0.6796032
08-06-1991,0.5946528
09-06-1991,0.4530688
10-06-1991,0.8211872
11-06-1991,0.4530688
12-06-1991,0.5380192
13-06-1991,0.4813856
14-06-1991,0.3114848
15-06-1991,0.566336
16-06-1991,0.4530688
17-06-1991,0.3398016
18-06-1991,0.27184128
19-06-1991,0.25768288
20-06-1991,0.22370272
21-06-1991,0.6796032
22-06-1991,8.0136544
23-06-1991,8.8065248
24-06-1991,5.2102912
25-06-1991,3.5396
26-06-1991,1.840592
27-06-1991,1.3308896
28-06-1991,1.0760384
29-06-1991,0.9061376
30-06-1991,0.8211872
01-07-1991,0.7645536
02-07-1991,0.6796032
03-07-1991,0.6229696
04-07-1991,0.5946528
05-07-1991,0.566336
06-07-1991,0.566336
07-07-1991,0.5380192
08-07-1991,0.5097024
09-07-1991,0.5380192
10-07-1991,0.5097024
11-07-1991,0.6229696
12-07-1991,0.5380192
13-07-1991,0.4813856
14-07-1991,0.4530688
15-07-1991,0.4530688
16-07-1991,0.3964352
17-07-1991,0.3398016
18-07-1991,0.3681184
19-07-1991,0.3114848
20-07-1991,0.26051456
21-07-1991,0.24635616
22-07-1991,0.23219776
23-07-1991,0.21803936
24-07-1991,0.1982176
25-07-1991,0.141584
26-07-1991,0.13875232
27-07-1991,0.15291072
28-07-1991,0.26051456
29-07-1991,0.16706912
30-07-1991,0.13592064
31-07-1991,0.13592064
01-08-1991,0.11893056
02-08-1991,0.19538592
03-08-1991,0.13592064
04-08-1991,0.10760384
05-08-1991,0.0991088
06-08-1991,0.13592064
07-08-1991,0.1982176
08-08-1991,0.21803936
09-08-1991,0.22087104
10-08-1991,0.19255424
11-08-1991,0.16423744
12-08-1991,0.141584
13-08-1991,0.10760384
14-08-1991,0.09061376
15-08-1991,0.08211872
16-08-1991,0.08211872
17-08-1991,0.06796032
18-08-1991,0.06229696
19-08-1991,0.05097024
20-08-1991,0.05097024
21-08-1991,0.0424752
22-08-1991,0.03964352
23-08-1991,0.03398016
24-08-1991,0.03114848
25-08-1991,0.0283168
26-08-1991,0.0283168
27-08-1991,0.0283168
28-08-1991,0.023786112
29-08-1991,0.020671264
30-08-1991,0.020671264
31-08-1991,0.01840592
01-09-1991,0.016706912
02-09-1991,0.016706912
03-09-1991,0.018122752
04-09-1991,0.015291072
05-09-1991,0.020954432
06-09-1991,0.020104928
07-09-1991,0.020954432
08-09-1991,0.024635616
09-09-1991,0.0212376
10-09-1991,0.01982176
11-09-1991,0.18122752
12-09-1991,0.070792
13-09-1991,0.14724736
14-09-1991,0.07928704
15-09-1991,0.04530688
16-09-1991,0.03398016
17-09-1991,0.03398016
18-09-1991,0.03681184
19-09-1991,0.03681184
20-09-1991,0.0424752
21-09-1991,0.03114848
22-09-1991,0.0283168
23-09-1991,0.03964352
24-09-1991,0.08211872
25-09-1991,0.03681184
26-09-1991,0.03398016
27-09-1991,0.03114848
28-09-1991,0.03398016
29-09-1991,0.03114848
30-09-1991,0.02548512
01-10-1991,0.025201952
02-10-1991,0.025201952
03-10-1991,0.023502944
04-10-1991,0.024918784
05-10-1991,0.026334624
06-10-1991,0.024352448
07-10-1991,0.026334624
08-10-1991,0.025768288
09-10-1991,0.027184128
10-10-1991,0.03114848
11-10-1991,0.026051456
12-10-1991,0.02548512
13-10-1991,0.024918784
14-10-1991,0.023502944
15-10-1991,0.027467296
16-10-1991,0.03114848
17-10-1991,0.03114848
18-10-1991,0.03114848
19-10-1991,0.03398016
20-10-1991,0.03681184
21-10-1991,0.03681184
22-10-1991,0.03681184
23-10-1991,0.03398016
24-10-1991,0.0283168
25-10-1991,0.0283168
26-10-1991,0.03114848
27-10-1991,0.03681184
28-10-1991,0.10477216
29-10-1991,0.07362368
30-10-1991,0.06229696
31-10-1991,0.0566336
01-11-1991,0.05380192
02-11-1991,0.05380192
03-11-1991,0.05097024
04-11-1991,0.05097024
05-11-1991,0.04813856
06-11-1991,0.04813856
07-11-1991,0.05097024
08-11-1991,0.05380192
09-11-1991,0.0566336
10-11-1991,0.0566336
11-11-1991,0.0566336
12-11-1991,0.06229696
13-11-1991,0.07362368
14-11-1991,0.070792
15-11-1991,0.070792
16-11-1991,0.07362368
17-11-1991,0.1132672
18-11-1991,0.1274256
19-11-1991,0.141584
20-11-1991,0.13592064
21-11-1991,0.11893056
22-11-1991,0.1132672
23-11-1991,0.10477216
24-11-1991,0.09627712
25-11-1991,0.08778208
26-11-1991,0.0849504
27-11-1991,0.07928704
28-11-1991,0.07645536
29-11-1991,0.07362368
30-11-1991,0.06512864
01-12-1991,0.05380192
02-12-1991,0.05097024
03-12-1991,0.04813856
04-12-1991,0.0424752
05-12-1991,0.03964352
06-12-1991,0.0424752
07-12-1991,0.04530688
08-12-1991,0.04813856
09-12-1991,0.05097024
10-12-1991,0.05380192
11-12-1991,0.05946528
12-12-1991,0.06512864
13-12-1991,0.07645536
14-12-1991,0.07362368
15-12-1991,0.06512864
16-12-1991,0.07362368
17-12-1991,0.070792
18-12-1991,0.06512864
19-12-1991,0.06229696
20-12-1991,0.06229696
21-12-1991,0.06512864
22-12-1991,0.06796032
23-12-1991,0.070792
24-12-1991,0.070792
25-12-1991,0.07362368
26-12-1991,0.07645536
27-12-1991,0.07362368
28-12-1991,0.070792
29-12-1991,0.06796032
30-12-1991,0.06512864
31-12-1991,0.06512864
01-01-1992,0.06512864
02-01-1992,0.06512864
03-01-1992,0.06229696
04-01-1992,0.06512864
05-01-1992,0.05946528
06-01-1992,0.0566336
07-01-1992,0.0566336
08-01-1992,0.0566336
09-01-1992,0.05380192
10-01-1992,0.0566336
11-01-1992,0.05946528
12-01-1992,0.0566336
13-01-1992,0.04530688
14-01-1992,0.03681184
15-01-1992,0.02548512
16-01-1992,0.03114848
17-01-1992,0.03114848
18-01-1992,0.0283168
19-01-1992,0.03964352
20-01-1992,0.04813856
21-01-1992,0.070792
22-01-1992,0.09627712
23-01-1992,0.09344544
24-01-1992,0.09344544
25-01-1992,0.0849504
26-01-1992,0.09061376
27-01-1992,0.09344544
28-01-1992,0.10194048
29-01-1992,0.1274256
30-01-1992,0.1557424
31-01-1992,0.1982176
01-02-1992,0.2548512
02-02-1992,0.3398016
03-02-1992,0.3681184
04-02-1992,0.424752
05-02-1992,0.4813856
06-02-1992,0.4813856
07-02-1992,0.4530688
08-02-1992,0.424752
09-02-1992,0.3681184
10-02-1992,0.3114848
11-02-1992,0.283168
12-02-1992,0.283168
13-02-1992,0.3114848
14-02-1992,0.3398016
15-02-1992,0.3681184
16-02-1992,0.4530688
17-02-1992,5.66336
18-02-1992,14.1584
19-02-1992,11.32672
20-02-1992,9.627712
21-02-1992,8.49504
22-02-1992,7.0792
23-02-1992,7.928704
24-02-1992,8.49504
25-02-1992,7.928704
26-02-1992,22.65344
27-02-1992,19.82176
28-02-1992,16.99008
29-02-1992,14.1584
01-03-1992,11.32672
02-03-1992,9.5144448
03-03-1992,7.5889024
04-03-1992,6.4562304
05-03-1992,6.2580128
06-03-1992,6.512864
07-03-1992,7.0508832
08-03-1992,6.8526656
09-03-1992,5.4368256
10-03-1992,4.1342528
11-03-1992,4.0209856
12-03-1992,3.964352
13-03-1992,3.7944512
14-03-1992,3.7095008
15-03-1992,3.7095008
16-03-1992,3.5396
17-03-1992,3.4546496
18-03-1992,2.973264
19-03-1992,2.5768288
20-03-1992,2.3219776
21-03-1992,2.1803936
22-03-1992,2.0671264
23-03-1992,2.0104928
24-03-1992,1.8689088
25-03-1992,1.6706912
26-03-1992,1.557424
27-03-1992,1.4441568
28-03-1992,1.3875232
29-03-1992,1.3592064
30-03-1992,1.3875232
31-03-1992,1.3308896
01-04-1992,1.1893056
02-04-1992,1.132672
03-04-1992,1.0760384
04-04-1992,1.0477216
05-04-1992,0.9344544
06-04-1992,0.849504
07-04-1992,0.7928704
08-04-1992,0.7645536
09-04-1992,0.7928704
10-04-1992,0.849504
11-04-1992,0.849504
12-04-1992,0.8211872
13-04-1992,0.7645536
14-04-1992,0.7645536
15-04-1992,0.7928704
16-04-1992,0.849504
17-04-1992,0.8778208
18-04-1992,0.9627712
19-04-1992,1.0477216
20-04-1992,1.2176224
21-04-1992,1.274256
22-04-1992,1.132672
23-04-1992,1.7839584
24-04-1992,2.2936608
25-04-1992,2.7467296
26-04-1992,2.4918784
27-04-1992,2.0671264
28-04-1992,1.840592
29-04-1992,1.699008
30-04-1992,1.5007904
01-05-1992,1.3875232
02-05-1992,1.2459392
03-05-1992,1.2459392
04-05-1992,1.1043552
05-05-1992,0.9627712
06-05-1992,0.7928704
07-05-1992,0.6796032
08-05-1992,0.5946528
09-05-1992,0.566336
10-05-1992,0.4813856
11-05-1992,0.4530688
12-05-1992,0.424752
13-05-1992,0.3964352
14-05-1992,0.3681184
15-05-1992,0.566336
16-05-1992,1.2176224
17-05-1992,0.8778208
18-05-1992,0.6796032
19-05-1992,0.5380192
20-05-1992,0.424752
21-05-1992,0.3398016
22-05-1992,0.3114848
23-05-1992,0.283168
24-05-1992,0.26051456
25-05-1992,0.26051456
26-05-1992,0.26051456
27-05-1992,0.26051456
28-05-1992,0.2548512
29-05-1992,0.22936608
30-05-1992,0.212376
31-05-1992,0.19255424
01-06-1992,0.1840592
02-06-1992,0.19538592
03-06-1992,0.18122752
04-06-1992,0.19255424
05-06-1992,0.17273248
06-06-1992,0.17839584
07-06-1992,0.17556416
08-06-1992,0.19538592
09-06-1992,0.18122752
10-06-1992,0.17273248
11-06-1992,0.15857408
12-06-1992,0.14724736
13-06-1992,0.14724736
14-06-1992,0.12176224
15-06-1992,0.14441568
16-06-1992,0.12459392
17-06-1992,0.16423744
18-06-1992,0.20104928
19-06-1992,0.3114848
20-06-1992,0.4813856
21-06-1992,0.6229696
22-06-1992,0.566336
23-06-1992,0.5097024
24-06-1992,0.424752
25-06-1992,0.3681184
26-06-1992,0.283168
27-06-1992,0.24918784
28-06-1992,0.2265344
29-06-1992,0.27184128
30-06-1992,0.3398016
01-07-1992,2.0954432
02-07-1992,7.4756352
03-07-1992,6.2580128
04-07-1992,4.105936
05-07-1992,3.3696992
06-07-1992,2.3786112
07-07-1992,1.6423744
08-07-1992,1.6423744
09-07-1992,1.840592
10-07-1992,7.8154368
11-07-1992,13.4221632
12-07-1992,22.0587872
13-07-1992,25.2302688
14-07-1992,16.99008
15-07-1992,10.4205824
16-07-1992,7.6172192
17-07-1992,6.2580128
18-07-1992,5.0403904
19-07-1992,4.2192032
20-07-1992,3.9360352
21-07-1992,3.8510848
22-07-1992,4.389104
23-07-1992,4.5590048
24-07-1992,4.7289056
25-07-1992,5.66336
26-07-1992,6.2580128
27-07-1992,6.3995968
28-07-1992,5.3235584
29-07-1992,4.5590048
30-07-1992,4.0209856
31-07-1992,3.7661344
01-08-1992,3.5962336
02-08-1992,3.5112832
03-08-1992,3.3130656
04-08-1992,3.1714816
05-08-1992,3.0015808
06-08-1992,2.8883136
07-08-1992,12.6859264
08-08-1992,23.2480928
09-08-1992,17.4714656
10-08-1992,28.883136
11-08-1992,25.3718528
12-08-1992,22.228688
13-08-1992,17.981168
14-08-1992,14.9512704
15-08-1992,12.6859264
16-08-1992,11.2134528
17-08-1992,9.9675136
18-08-1992,9.3162272
19-08-1992,8.6083072
20-08-1992,8.1835552
21-08-1992,7.7588032
22-08-1992,7.362368
23-08-1992,6.8526656
24-08-1992,7.220784
25-08-1992,8.778208
26-08-1992,10.6188
27-08-1992,10.4205824
28-08-1992,9.769296
29-08-1992,8.778208
30-08-1992,7.7588032
31-08-1992,6.9942496
01-09-1992,7.7588032
02-09-1992,15.6591904
03-09-1992,14.4982016
04-09-1992,9.9675136
05-09-1992,9.1180096
06-09-1992,8.2685056
07-09-1992,10.9302848
08-09-1992,12.0629568
09-09-1992,9.6843456
10-09-1992,8.4384064
11-09-1992,7.362368
12-09-1992,6.6827648
13-09-1992,6.2580128
14-09-1992,5.9748448
15-09-1992,5.7199936
16-09-1992,5.6350432
17-09-1992,5.4368256
18-09-1992,5.2669248
19-09-1992,5.0687072
20-09-1992,4.8704896
21-09-1992,4.7005888
22-09-1992,4.530688
23-09-1992,4.4174208
24-09-1992,4.1908864
25-09-1992,4.0209856
26-09-1992,3.7944512
27-09-1992,3.6528672
28-09-1992,3.5112832
29-09-1992,3.398016
30-09-1992,3.256432
01-10-1992,3.1714816
02-10-1992,3.0582144
03-10-1992,2.8883136
04-10-1992,2.7184128
05-10-1992,2.6051456
06-10-1992,2.6617792
07-10-1992,3.3413824
08-10-1992,6.9092992
09-10-1992,8.4667232
10-10-1992,7.0225664
11-10-1992,5.7766272
12-10-1992,4.7289056
13-10-1992,4.2192032
14-10-1992,3.681184
15-10-1992,3.0582144
16-10-1992,3.1714816
17-10-1992,3.0298976
18-10-1992,2.9449472
19-10-1992,2.83168
20-10-1992,2.83168
21-10-1992,2.7184128
22-10-1992,2.690096
23-10-1992,2.5768288
24-10-1992,2.5201952
25-10-1992,2.4635616
26-10-1992,2.3786112
27-10-1992,2.3219776
28-10-1992,2.265344
29-10-1992,2.2370272
30-10-1992,2.1803936
31-10-1992,2.2936608
01-11-1992,2.7750464
02-11-1992,3.681184
03-11-1992,4.24752
04-11-1992,3.822768
05-11-1992,3.5396
06-11-1992,3.398016
07-11-1992,3.256432
08-11-1992,3.398016
09-11-1992,3.5396
10-11-1992,3.9077184
11-11-1992,4.105936
12-11-1992,4.0209856
13-11-1992,3.5396
14-11-1992,3.3413824
15-11-1992,3.398016
16-11-1992,3.4263328
17-11-1992,3.3130656
18-11-1992,3.3130656
19-11-1992,3.4263328
20-11-1992,3.8794016
21-11-1992,4.6156384
22-11-1992,4.4174208
23-11-1992,3.964352
24-11-1992,3.681184
25-11-1992,3.398016
26-11-1992,3.398016
27-11-1992,3.5396
28-11-1992,3.398016
29-11-1992,3.256432
30-11-1992,3.256432
01-12-1992,3.398016
02-12-1992,3.256432
03-12-1992,3.256432
04-12-1992,2.548512
05-12-1992,1.982176
06-12-1992,1.982176
07-12-1992,2.265344
08-12-1992,2.265344
09-12-1992,2.265344
10-12-1992,2.548512
11-12-1992,2.548512
12-12-1992,2.265344
13-12-1992,2.265344
14-12-1992,2.12376
15-12-1992,2.12376
16-12-1992,2.12376
17-12-1992,2.12376
18-12-1992,2.12376
19-12-1992,1.982176
20-12-1992,1.699008
21-12-1992,1.699008
22-12-1992,1.699008
23-12-1992,1.41584
24-12-1992,1.41584
25-12-1992,1.41584
26-12-1992,1.699008
27-12-1992,1.699008
28-12-1992,1.41584
29-12-1992,1.274256
30-12-1992,1.274256
31-12-1992,1.132672
01-01-1993,1.132672
02-01-1993,1.274256
03-01-1993,1.274256
04-01-1993,1.132672
05-01-1993,1.132672
06-01-1993,0.991088
07-01-1993,0.991088
08-01-1993,0.849504
09-01-1993,0.991088
10-01-1993,0.991088
11-01-1993,0.991088
12-01-1993,1.132672
13-01-1993,1.132672
14-01-1993,0.991088
15-01-1993,0.991088
16-01-1993,0.849504
17-01-1993,0.849504
18-01-1993,0.849504
19-01-1993,0.991088
20-01-1993,0.991088
21-01-1993,0.991088
22-01-1993,1.132672
23-01-1993,0.991088
24-01-1993,0.849504
25-01-1993,0.849504
26-01-1993,0.991088
27-01-1993,0.991088
28-01-1993,0.849504
29-01-1993,0.70792
30-01-1993,0.70792
31-01-1993,0.849504
01-02-1993,0.849504
02-02-1993,0.849504
03-02-1993,0.849504
04-02-1993,0.849504
05-02-1993,0.849504
06-02-1993,0.849504
07-02-1993,0.849504
08-02-1993,0.849504
09-02-1993,0.849504
10-02-1993,0.849504
11-02-1993,0.70792
12-02-1993,0.70792
13-02-1993,0.70792
14-02-1993,0.566336
15-02-1993,0.566336
16-02-1993,0.566336
17-02-1993,0.424752
18-02-1993,0.566336
19-02-1993,0.566336
20-02-1993,0.70792
21-02-1993,0.70792
22-02-1993,0.70792
23-02-1993,0.70792
24-02-1993,0.6796032
25-02-1993,0.70792
26-02-1993,0.566336
27-02-1993,0.70792
28-02-1993,0.849504
01-03-1993,0.849504
02-03-1993,0.849504
03-03-1993,0.991088
04-03-1993,0.991088
05-03-1993,0.991088
06-03-1993,0.991088
07-03-1993,1.132672
08-03-1993,2.83168
09-03-1993,6.229696
10-03-1993,7.0792
11-03-1993,5.66336
12-03-1993,4.24752
13-03-1993,4.24752
14-03-1993,2.83168
15-03-1993,2.83168
16-03-1993,2.12376
17-03-1993,2.83168
18-03-1993,2.690096
19-03-1993,1.41584
20-03-1993,1.41584
21-03-1993,1.699008
22-03-1993,1.274256
23-03-1993,1.41584
24-03-1993,1.840592
25-03-1993,9.344544
26-03-1993,67.96032
27-03-1993,135.637472
28-03-1993,114.68304
29-03-1993,75.03952
30-03-1993,67.96032
31-03-1993,52.952416
01-04-1993,39.077184
02-04-1993,34.263328
03-04-1993,28.599968
04-04-1993,25.3718528
05-04-1993,22.7383904
06-04-1993,20.8977984
07-04-1993,24.918784
08-04-1993,30.015808
09-04-1993,26.2779904
10-04-1993,23.1065088
11-04-1993,25.1453184
12-04-1993,24.9754176
13-04-1993,23.7577952
14-04-1993,24.8904672
15-04-1993,25.2302688
16-04-1993,23.3047264
17-04-1993,20.6429472
18-04-1993,19.2837408
19-04-1993,18.3776032
20-04-1993,17.273248
21-04-1993,15.5176064
22-04-1993,14.9229536
23-04-1993,14.299984
24-04-1993,13.5637472
25-04-1993,13.1106784
26-04-1993,12.4310752
27-04-1993,12.6859264
28-04-1993,12.3461248
29-04-1993,11.4966208
30-04-1993,11.185136
01-05-1993,20.3597792
02-05-1993,27.5239296
03-05-1993,21.7756192
04-05-1993,17.8962176
05-05-1993,15.2344384
06-05-1993,14.1584
07-05-1993,15.4892896
08-05-1993,132.239456
09-05-1993,69.092992
10-05-1993,39.926688
11-05-1993,31.14848
12-05-1993,28.3168
13-05-1993,25.0886848
14-05-1993,22.4552224
15-05-1993,19.9350272
16-05-1993,18.5758208
17-05-1993,17.981168
18-05-1993,18.0944352
19-05-1993,17.273248
20-05-1993,16.706912
21-05-1993,15.9706752
22-05-1993,29.166304
23-05-1993,44.740544
24-05-1993,18.5191872
25-05-1993,14.4698848
26-05-1993,12.4310752
27-05-1993,12.03464
28-05-1993,11.1568192
29-05-1993,13.3372128
30-05-1993,31.14848
31-05-1993,25.1453184
01-06-1993,20.246512
02-06-1993,25.7399712
03-06-1993,21.1243328
04-06-1993,18.3776032
05-06-1993,16.6785952
06-06-1993,14.9795872
07-06-1993,14.8380032
08-06-1993,15.5459232
09-06-1993,14.1584
10-06-1993,13.0823616
11-06-1993,12.2894912
12-06-1993,11.6382048
13-06-1993,15.7441408
14-06-1993,14.8946368
15-06-1993,12.8275104
16-06-1993,22.2570048
17-06-1993,26.4478912
18-06-1993,26.051456
19-06-1993,31.14848
20-06-1993,27.8354144
21-06-1993,25.1736352
22-06-1993,22.1720544
23-06-1993,30.865312
24-06-1993,48.421728
25-06-1993,50.120736
26-06-1993,42.4752
27-06-1993,34.546496
28-06-1993,29.449472
29-06-1993,33.413824
30-06-1993,86.649408
01-07-1993,102.223648
02-07-1993,89.481088
03-07-1993,79.853376
04-07-1993,115.815712
05-07-1993,113.2672
06-07-1993,124.027584
07-07-1993,126.00976
08-07-1993,114.966208
09-07-1993,111.285024
10-07-1993,135.071136
11-07-1993,215.490848
12-07-1993,138.185984
13-07-1993,105.338496
14-07-1993,91.180096
15-07-1993,75.322688
16-07-1993,62.013792
17-07-1993,91.746432
18-07-1993,111.568192
19-07-1993,68.526656
20-07-1993,51.536576
21-07-1993,45.023712
22-07-1993,40.776192
23-07-1993,37.944512
24-07-1993,35.962336
25-07-1993,45.30688
26-07-1993,48.704896
27-07-1993,41.908864
28-07-1993,37.944512
29-07-1993,37.095008
30-07-1993,33.98016
31-07-1993,30.865312
01-08-1993,27.9203648
02-08-1993,25.4284864
03-08-1993,23.5878944
04-08-1993,22.228688
05-08-1993,21.0676992
06-08-1993,20.104928
07-08-1993,19.3686912
08-08-1993,18.4908704
09-08-1993,17.4997824
10-08-1993,16.5936448
11-08-1993,15.8857248
12-08-1993,15.0362208
13-08-1993,14.2433504
14-08-1993,13.7902816
15-08-1993,19.6235424
16-08-1993,25.0037344
17-08-1993,21.2092832
18-08-1993,22.3985888
19-08-1993,26.5328416
20-08-1993,23.4463104
21-08-1993,23.0498752
22-08-1993,20.6429472
23-08-1993,19.397008
24-08-1993,17.6413664
25-08-1993,15.8007744
26-08-1993,13.9601824
27-08-1993,12.4877088
28-08-1993,11.5815712
29-08-1993,10.9869184
30-08-1993,10.194048
31-08-1993,9.5427616
01-09-1993,8.8914752
02-09-1993,8.070288
03-09-1993,7.3057344
04-09-1993,6.9659328
05-09-1993,6.3995968
06-09-1993,5.6916768
07-09-1993,4.5590048
08-09-1993,4.813856
09-09-1993,4.530688
10-09-1993,4.2192032
11-09-1993,3.964352
12-09-1993,3.7661344
13-09-1993,4.24752
14-09-1993,5.2102912
15-09-1993,4.672272
16-09-1993,4.24752
17-09-1993,3.9926688
18-09-1993,3.9926688
19-09-1993,5.9748448
20-09-1993,12.7708768
21-09-1993,13.1956288
22-09-1993,10.9869184
23-09-1993,9.0896928
24-09-1993,8.211872
25-09-1993,7.3340512
26-09-1993,6.3995968
27-09-1993,5.6067264
28-09-1993,5.0687072
29-09-1993,4.5023712
30-09-1993,4.1908864
01-10-1993,3.822768
02-10-1993,3.5679168
03-10-1993,3.4263328
04-10-1993,3.2281152
05-10-1993,3.1997984
06-10-1993,3.0865312
07-10-1993,2.9449472
08-10-1993,2.9166304
09-10-1993,2.7750464
10-10-1993,2.6051456
11-10-1993,2.6334624
12-10-1993,2.5201952
13-10-1993,2.6051456
14-10-1993,2.5768288
15-10-1993,2.6051456
16-10-1993,2.690096
17-10-1993,2.7184128
18-10-1993,2.7467296
19-10-1993,2.8033632
20-10-1993,2.8033632
21-10-1993,2.8033632
22-10-1993,2.690096
23-10-1993,2.6334624
24-10-1993,2.548512
25-10-1993,2.5201952
26-10-1993,2.4635616
27-10-1993,2.3502944
28-10-1993,2.2936608
29-10-1993,2.1520768
30-10-1993,1.982176
31-10-1993,2.0388096
01-11-1993,1.982176
02-11-1993,2.12376
03-11-1993,2.1520768
04-11-1993,2.12376
05-11-1993,2.1803936
06-11-1993,1.840592
07-11-1993,2.0954432
08-11-1993,2.12376
09-11-1993,2.1520768
10-11-1993,2.0954432
11-11-1993,2.0104928
12-11-1993,2.2087104
13-11-1993,4.7289056
14-11-1993,6.229696
15-11-1993,4.2192032
16-11-1993,4.6156384
17-11-1993,4.24752
18-11-1993,4.1625696
19-11-1993,4.0209856
20-11-1993,3.681184
21-11-1993,3.4829664
22-11-1993,3.256432
23-11-1993,2.83168
24-11-1993,2.548512
25-11-1993,2.265344
26-11-1993,1.982176
27-11-1993,2.1803936
28-11-1993,2.265344
29-11-1993,2.2370272
30-11-1993,2.2087104
01-12-1993,2.2087104
02-12-1993,2.1520768
03-12-1993,2.1520768
04-12-1993,2.1803936
05-12-1993,2.265344
06-12-1993,2.3502944
07-12-1993,2.3786112
08-12-1993,2.2087104
09-12-1993,2.1520768
10-12-1993,2.1520768
11-12-1993,2.0388096
12-12-1993,2.0954432
13-12-1993,2.0954432
14-12-1993,2.0954432
15-12-1993,2.0954432
16-12-1993,2.0954432
17-12-1993,2.2087104
18-12-1993,2.2087104
19-12-1993,2.12376
20-12-1993,2.12376
21-12-1993,2.0388096
22-12-1993,1.9255424
23-12-1993,1.840592
24-12-1993,1.6423744
25-12-1993,1.41584
26-12-1993,1.1893056
27-12-1993,1.0477216
28-12-1993,0.991088
29-12-1993,0.991088
30-12-1993,1.132672
31-12-1993,1.274256
01-01-1994,1.1893056
02-01-1994,1.0760384
03-01-1994,0.991088
04-01-1994,0.9061376
05-01-1994,0.7928704
06-01-1994,0.7645536
07-01-1994,0.70792
08-01-1994,0.70792
09-01-1994,0.7362368
10-01-1994,0.7928704
11-01-1994,0.849504
12-01-1994,0.9344544
13-01-1994,0.9061376
14-01-1994,0.7928704
15-01-1994,0.70792
16-01-1994,0.6512864
17-01-1994,0.6229696
18-01-1994,0.6229696
19-01-1994,0.6512864
20-01-1994,0.70792
21-01-1994,0.7928704
22-01-1994,0.9061376
23-01-1994,0.991088
24-01-1994,0.991088
25-01-1994,0.9061376
26-01-1994,0.849504
27-01-1994,0.7645536
28-01-1994,0.70792
29-01-1994,0.6512864
30-01-1994,0.6512864
31-01-1994,0.6229696
01-02-1994,0.6512864
02-02-1994,0.6512864
03-02-1994,0.70792
04-02-1994,0.70792
05-02-1994,0.7362368
06-02-1994,0.7928704
07-02-1994,0.7362368
08-02-1994,0.6512864
09-02-1994,0.566336
10-02-1994,0.6229696
11-02-1994,0.7362368
12-02-1994,0.849504
13-02-1994,0.849504
14-02-1994,0.9061376
15-02-1994,0.991088
16-02-1994,1.132672
17-02-1994,5.66336
18-02-1994,14.1584
19-02-1994,19.82176
20-02-1994,14.1584
21-02-1994,5.66336
22-02-1994,3.398016
23-02-1994,2.265344
24-02-1994,1.982176
25-02-1994,1.699008
26-02-1994,1.557424
27-02-1994,1.41584
28-02-1994,1.41584
01-03-1994,1.557424
02-03-1994,1.7839584
03-03-1994,7.0792
04-03-1994,70.792
05-03-1994,82.685056
06-03-1994,40.776192
07-03-1994,26.8443264
08-03-1994,19.5952256
09-03-1994,21.1809664
10-03-1994,20.4447296
11-03-1994,19.82176
12-03-1994,20.5013632
13-03-1994,22.6817568
14-03-1994,19.2271072
15-03-1994,17.4714656
16-03-1994,15.2061216
17-03-1994,14.1017664
18-03-1994,13.2805792
19-03-1994,12.6859264
20-03-1994,12.4310752
21-03-1994,12.1195904
22-03-1994,11.751472
23-03-1994,11.3550368
24-03-1994,9.91088
25-03-1994,9.627712
26-03-1994,9.1746432
27-03-1994,8.9764256
28-03-1994,8.4384064
29-03-1994,7.9853376
30-03-1994,7.3057344
31-03-1994,7.0792
01-04-1994,6.8243488
02-04-1994,6.5694976
03-04-1994,6.2863296
04-04-1994,6.2013792
05-04-1994,5.521776
06-04-1994,5.521776
07-04-1994,7.1075168
08-04-1994,7.0225664
09-04-1994,6.3995968
10-04-1994,6.0597952
11-04-1994,5.6067264
12-04-1994,6.2863296
13-04-1994,10.6754336
14-04-1994,9.3728608
15-04-1994,12.3744416
16-04-1994,13.2805792
17-04-1994,11.0152352
18-04-1994,9.2879104
19-04-1994,8.0419712
20-04-1994,7.1641504
21-04-1994,6.5411808
22-04-1994,5.804944
23-04-1994,5.380192
24-04-1994,5.1253408
25-04-1994,4.95544
26-04-1994,7.8437536
27-04-1994,14.724736
28-04-1994,12.6292928
29-04-1994,11.9213728
30-04-1994,19.0005728
01-05-1994,20.0766112
02-05-1994,16.28216
03-05-1994,13.8185984
04-05-1994,11.9213728
05-05-1994,10.760384
06-05-1994,13.7619648
07-05-1994,13.2239456
08-05-1994,11.4966208
09-05-1994,9.5993952
10-05-1994,7.9853376
11-05-1994,6.7677152
12-05-1994,5.7199936
13-05-1994,4.9271232
14-05-1994,5.0687072
15-05-1994,5.8615776
16-05-1994,5.0687072
17-05-1994,4.2758368
18-05-1994,3.6245504
19-05-1994,3.114848
20-05-1994,2.7184128
21-05-1994,2.4918784
22-05-1994,2.5201952
23-05-1994,2.4918784
24-05-1994,2.265344
25-05-1994,2.4635616
26-05-1994,2.4635616
27-05-1994,2.3786112
28-05-1994,2.1520768
29-05-1994,1.9255424
30-05-1994,1.699008
31-05-1994,1.5007904
01-06-1994,1.41584
02-06-1994,1.41584
03-06-1994,1.3875232
04-06-1994,1.274256
05-06-1994,11.5815712
06-06-1994,15.4043392
07-06-1994,12.5443424
08-06-1994,10.5904832
09-06-1994,7.78712
10-06-1994,6.1730624
11-06-1994,4.7572224
12-06-1994,3.7095008
13-06-1994,3.398016
14-06-1994,4.1625696
15-06-1994,2.8883136
16-06-1994,2.4918784
17-06-1994,2.4352448
18-06-1994,2.3786112
19-06-1994,2.3219776
20-06-1994,2.265344
21-06-1994,2.2087104
22-06-1994,2.8883136
23-06-1994,23.2764096
24-06-1994,14.6397856
25-06-1994,7.9003872
26-06-1994,5.521776
27-06-1994,5.1536576
28-06-1994,4.4457376
29-06-1994,3.7378176
30-06-1994,3.256432
01-07-1994,2.83168
02-07-1994,2.6617792
03-07-1994,2.5201952
04-07-1994,2.5201952
05-07-1994,2.548512
06-07-1994,2.548512
07-07-1994,3.114848
08-07-1994,4.389104
09-07-1994,3.964352
10-07-1994,3.6245504
11-07-1994,3.256432
12-07-1994,2.8883136
13-07-1994,2.6334624
14-07-1994,2.406928
15-07-1994,2.4635616
16-07-1994,2.2087104
17-07-1994,2.0388096
18-07-1994,1.7839584
19-07-1994,1.6706912
20-07-1994,1.557424
21-07-1994,1.41584
22-07-1994,1.3592064
23-07-1994,1.274256
24-07-1994,1.1609888
25-07-1994,1.0477216
26-07-1994,0.991088
27-07-1994,0.9344544
28-07-1994,0.8211872
29-07-1994,0.7645536
30-07-1994,0.7645536
31-07-1994,0.70792
01-08-1994,0.6229696
02-08-1994,0.5946528
03-08-1994,0.849504
04-08-1994,0.8211872
05-08-1994,0.7362368
06-08-1994,0.566336
07-08-1994,0.4813856
08-08-1994,0.4530688
09-08-1994,0.566336
10-08-1994,0.5380192
11-08-1994,0.6512864
12-08-1994,1.3308896
13-08-1994,1.3308896
14-08-1994,1.0760384
15-08-1994,0.8778208
16-08-1994,0.7645536
17-08-1994,0.70792
18-08-1994,0.6229696
19-08-1994,0.566336
20-08-1994,0.4813856
21-08-1994,0.424752
22-08-1994,0.3964352
23-08-1994,0.3398016
24-08-1994,0.3114848
25-08-1994,0.3398016
26-08-1994,0.283168
27-08-1994,0.283168
28-08-1994,0.27750464
29-08-1994,0.25768288
30-08-1994,0.25768288
31-08-1994,0.24635616
01-09-1994,0.27750464
02-09-1994,0.566336
03-09-1994,0.5380192
04-09-1994,1.2176224
05-09-1994,1.3592064
06-09-1994,1.0477216
07-09-1994,0.8211872
08-09-1994,0.6796032
09-09-1994,0.566336
10-09-1994,0.4813856
11-09-1994,0.3964352
12-09-1994,0.3681184
13-09-1994,0.3398016
14-09-1994,0.3114848
15-09-1994,0.3681184
16-09-1994,0.9061376
17-09-1994,0.8211872
18-09-1994,0.6229696
19-09-1994,0.4813856
20-09-1994,0.424752
21-09-1994,0.3398016
22-09-1994,0.3681184
23-09-1994,0.3398016
24-09-1994,0.3964352
25-09-1994,0.3681184
26-09-1994,0.3398016
27-09-1994,0.3114848
28-09-1994,0.283168
29-09-1994,0.3398016
30-09-1994,0.283168
01-10-1994,0.26617792
02-10-1994,0.26334624
03-10-1994,0.3681184
04-10-1994,0.3398016
05-10-1994,0.3114848
06-10-1994,0.3964352
07-10-1994,0.3964352
08-10-1994,0.3964352
09-10-1994,0.3681184
10-10-1994,0.3398016
11-10-1994,0.3398016
12-10-1994,0.283168
13-10-1994,0.26051456
14-10-1994,0.26334624
15-10-1994,0.3114848
16-10-1994,0.424752
17-10-1994,0.8778208
18-10-1994,0.7928704
19-10-1994,1.1043552
20-10-1994,1.0194048
21-10-1994,0.849504
22-10-1994,0.7362368
23-10-1994,0.6229696
24-10-1994,0.566336
25-10-1994,0.5097024
26-10-1994,0.4813856
27-10-1994,0.4813856
28-10-1994,0.4813856
29-10-1994,0.4813856
30-10-1994,0.424752
31-10-1994,0.3964352
01-11-1994,0.3964352
02-11-1994,0.3964352
03-11-1994,0.424752
04-11-1994,0.3964352
05-11-1994,0.3964352
06-11-1994,0.3681184
07-11-1994,0.3964352
08-11-1994,0.3681184
09-11-1994,0.3681184
10-11-1994,0.3681184
11-11-1994,0.424752
12-11-1994,0.424752
13-11-1994,0.4530688
14-11-1994,0.4530688
15-11-1994,0.424752
16-11-1994,0.3964352
17-11-1994,0.424752
18-11-1994,0.566336
19-11-1994,0.6512864
20-11-1994,0.6512864
21-11-1994,0.6512864
22-11-1994,0.6512864
23-11-1994,0.566336
24-11-1994,0.6512864
25-11-1994,0.70792
26-11-1994,0.70792
27-11-1994,0.6796032
28-11-1994,0.424752
29-11-1994,0.283168
30-11-1994,0.283168
01-12-1994,0.283168
02-12-1994,0.5380192
03-12-1994,0.566336
04-12-1994,0.566336
05-12-1994,0.5097024
06-12-1994,0.4813856
07-12-1994,0.4813856
08-12-1994,0.4530688
09-12-1994,0.4530688
10-12-1994,0.4530688
11-12-1994,0.424752
12-12-1994,0.424752
13-12-1994,0.424752
14-12-1994,0.424752
15-12-1994,0.424752
16-12-1994,0.3964352
17-12-1994,0.3964352
18-12-1994,0.3964352
19-12-1994,0.3964352
20-12-1994,0.3964352
21-12-1994,0.3964352
22-12-1994,0.3964352
23-12-1994,0.3964352
24-12-1994,0.424752
25-12-1994,0.424752
26-12-1994,0.424752
27-12-1994,0.424752
28-12-1994,0.424752
29-12-1994,0.424752
30-12-1994,0.424752
31-12-1994,0.424752
01-01-1995,0.424752
02-01-1995,0.424752
03-01-1995,0.3964352
04-01-1995,0.283168
05-01-1995,0.1982176
06-01-1995,0.1982176
07-01-1995,0.1699008
08-01-1995,0.1699008
09-01-1995,0.1699008
10-01-1995,0.1699008
11-01-1995,0.1840592
12-01-1995,0.1982176
13-01-1995,0.1699008
14-01-1995,0.1699008
15-01-1995,0.1699008
16-01-1995,0.1699008
17-01-1995,0.1982176
18-01-1995,0.2265344
19-01-1995,0.2265344
20-01-1995,0.1982176
21-01-1995,0.1699008
22-01-1995,0.1557424
23-01-1995,0.1557424
24-01-1995,0.1557424
25-01-1995,0.1557424
26-01-1995,0.1699008
27-01-1995,0.1699008
28-01-1995,0.1699008
29-01-1995,0.1699008
30-01-1995,0.141584
31-01-1995,0.1699008
01-02-1995,0.1840592
02-02-1995,0.1982176
03-02-1995,0.1982176
04-02-1995,0.1699008
05-02-1995,0.1557424
06-02-1995,0.1557424
07-02-1995,0.1557424
08-02-1995,0.1699008
09-02-1995,0.1840592
10-02-1995,0.1840592
11-02-1995,0.141584
12-02-1995,0.1274256
13-02-1995,0.1132672
14-02-1995,0.1274256
15-02-1995,0.1274256
16-02-1995,0.1274256
17-02-1995,0.141584
18-02-1995,0.1557424
19-02-1995,0.1982176
20-02-1995,0.283168
21-02-1995,0.424752
22-02-1995,2.83168
23-02-1995,5.66336
24-02-1995,5.097024
25-02-1995,4.530688
26-02-1995,3.964352
27-02-1995,3.398016
28-02-1995,2.83168
01-03-1995,2.265344
02-03-1995,1.41584
03-03-1995,1.0194048
04-03-1995,0.849504
05-03-1995,0.7928704
06-03-1995,0.70792
07-03-1995,0.566336
08-03-1995,0.5097024
09-03-1995,0.6229696
10-03-1995,0.7928704
11-03-1995,2.265344
12-03-1995,25.48512
13-03-1995,22.1437376
14-03-1995,15.6308736
15-03-1995,9.6560288
16-03-1995,7.0508832
17-03-1995,6.3146464
18-03-1995,5.7199936
19-03-1995,5.3518752
20-03-1995,5.1819744
21-03-1995,4.6439552
22-03-1995,4.2192032
23-03-1995,4.6439552
24-03-1995,4.672272
25-03-1995,11.32672
26-03-1995,22.5401728
27-03-1995,21.2376
28-03-1995,17.131664
29-03-1995,13.1106784
30-03-1995,10.8170176
31-03-1995,9.4578112
01-04-1995,8.7498912
02-04-1995,8.0136544
03-04-1995,7.1075168
04-04-1995,6.229696
05-04-1995,5.5500928
06-04-1995,5.2669248
07-04-1995,5.097024
08-04-1995,5.0687072
09-04-1995,5.3518752
10-04-1995,4.95544
11-04-1995,3.9360352
12-04-1995,5.097024
13-04-1995,7.7021696
14-04-1995,17.131664
15-04-1995,34.263328
16-04-1995,27.0142272
17-04-1995,22.2570048
18-04-1995,56.350432
19-04-1995,80.136544
20-04-1995,54.934592
21-04-1995,49.271232
22-04-1995,40.776192
23-04-1995,36.81184
24-04-1995,33.98016
25-04-1995,30.015808
26-04-1995,27.4956128
27-04-1995,25.7399712
28-04-1995,23.1065088
29-04-1995,25.626704
30-04-1995,28.599968
01-05-1995,27.0708608
02-05-1995,25.4568032
03-05-1995,24.6072992
04-05-1995,25.5983872
05-05-1995,22.5401728
06-05-1995,20.1898784
07-05-1995,19.5952256
08-05-1995,21.9172032
09-05-1995,32.281152
10-05-1995,45.873216
11-05-1995,35.112832
12-05-1995,29.166304
13-05-1995,32.281152
14-05-1995,44.740544
15-05-1995,37.378176
16-05-1995,30.015808
17-05-1995,25.5983872
18-05-1995,24.2674976
19-05-1995,22.511856
20-05-1995,20.1615616
21-05-1995,18.2926528
22-05-1995,16.706912
23-05-1995,16.4803776
24-05-1995,15.7441408
25-05-1995,14.9795872
26-05-1995,14.299984
27-05-1995,16.99008
28-05-1995,48.988064
29-05-1995,53.80192
30-05-1995,37.095008
31-05-1995,29.166304
01-06-1995,25.6833376
02-06-1995,26.7027424
03-06-1995,23.4746272
04-06-1995,21.7756192
05-06-1995,22.3136384
06-06-1995,21.2659168
07-06-1995,28.1185824
08-06-1995,25.6550208
09-06-1995,22.0021536
10-06-1995,25.5417536
11-06-1995,22.2570048
12-06-1995,18.8873056
13-06-1995,16.8768128
14-06-1995,15.3760224
15-06-1995,14.1300832
16-06-1995,13.1106784
17-06-1995,11.9780064
18-06-1995,10.9302848
19-06-1995,10.1374144
20-06-1995,9.2312768
21-06-1995,8.4100896
22-06-1995,7.7588032
23-06-1995,7.2491008
24-06-1995,6.5978144
25-06-1995,5.946528
26-06-1995,6.6261312
27-06-1995,6.3995968
28-06-1995,7.5889024
29-06-1995,7.0792
30-06-1995,6.512864
01-07-1995,5.946528
02-07-1995,5.380192
03-07-1995,4.8704896
04-07-1995,3.1997984
05-07-1995,2.8599968
06-07-1995,6.7393984
07-07-1995,8.3251392
08-07-1995,8.919792
09-07-1995,8.6649408
10-07-1995,10.1374144
11-07-1995,10.8736512
12-07-1995,9.5427616
13-07-1995,8.5516736
14-07-1995,7.7021696
15-07-1995,7.0792
16-07-1995,6.796032
17-07-1995,6.512864
18-07-1995,6.229696
19-07-1995,6.1730624
20-07-1995,5.4934592
21-07-1995,5.0120736
22-07-1995,7.6738528
23-07-1995,11.1568192
24-07-1995,8.9764256
25-07-1995,7.8720704
26-07-1995,11.4966208
27-07-1995,11.2984032
28-07-1995,7.8154368
29-07-1995,6.4845472
30-07-1995,5.3518752
31-07-1995,4.4457376
01-08-1995,4.3607872
02-08-1995,4.0209856
03-08-1995,3.5112832
04-08-1995,3.256432
05-08-1995,14.1867168
06-08-1995,25.343536
07-08-1995,19.0572064
08-08-1995,14.9512704
09-08-1995,10.5338496
10-08-1995,8.2685056
11-08-1995,7.4473184
12-08-1995,6.8809824
13-08-1995,6.3995968
14-08-1995,6.4279136
15-08-1995,6.5411808
16-08-1995,6.0031616
17-08-1995,5.1819744
18-08-1995,4.6439552
19-08-1995,4.1908864
20-08-1995,3.7661344
21-08-1995,3.4263328
22-08-1995,3.0298976
23-08-1995,2.8599968
24-08-1995,2.6051456
25-08-1995,2.4352448
26-08-1995,2.2936608
27-08-1995,2.2370272
28-08-1995,2.4918784
29-08-1995,5.4085088
30-08-1995,4.4174208
31-08-1995,3.2847488
01-09-1995,2.4918784
02-09-1995,2.406928
03-09-1995,2.3502944
04-09-1995,2.2370272
05-09-1995,2.12376
06-09-1995,2.0671264
07-09-1995,1.9538592
08-09-1995,1.8122752
09-09-1995,1.7273248
10-09-1995,1.6140576
11-09-1995,1.5291072
12-09-1995,1.4724736
13-09-1995,1.3875232
14-09-1995,1.3025728
15-09-1995,1.2459392
16-09-1995,1.1609888
17-09-1995,1.1609888
18-09-1995,1.3025728
19-09-1995,1.4724736
20-09-1995,1.8972256
21-09-1995,1.7839584
22-09-1995,1.6423744
23-09-1995,1.5007904
24-09-1995,1.41584
25-09-1995,1.3308896
26-09-1995,1.274256
27-09-1995,1.2176224
28-09-1995,1.1893056
29-09-1995,1.3025728
30-09-1995,2.3502944
01-10-1995,7.1358336
02-10-1995,7.8720704
03-10-1995,5.238608
04-10-1995,4.3607872
05-10-1995,4.7572224
06-10-1995,5.0403904
07-10-1995,4.9837568
08-10-1995,5.0687072
09-10-1995,5.6067264
10-10-1995,6.1164288
11-10-1995,5.8332608
12-10-1995,5.4934592
13-10-1995,5.1536576
14-10-1995,4.9837568
15-10-1995,4.9837568
16-10-1995,4.95544
17-10-1995,4.7572224
18-10-1995,4.5590048
19-10-1995,4.2192032
20-10-1995,4.105936
21-10-1995,4.105936
22-10-1995,4.105936
23-10-1995,4.95544
24-10-1995,6.6261312
25-10-1995,9.1463264
26-10-1995,9.8259296
27-10-1995,9.2879104
28-10-1995,8.6649408
29-10-1995,8.2401888
30-10-1995,7.7588032
31-10-1995,7.4473184
01-11-1995,7.503952
02-11-1995,6.512864
03-11-1995,5.66336
04-11-1995,4.24752
05-11-1995,5.4085088
06-11-1995,8.3251392
07-11-1995,9.91088
08-11-1995,8.2685056
09-11-1995,7.6172192
10-11-1995,7.78712
11-11-1995,4.6439552
12-11-1995,4.3324704
13-11-1995,6.0314784
14-11-1995,7.1924672
15-11-1995,6.6827648
16-11-1995,6.5978144
17-11-1995,6.796032
18-11-1995,6.2580128
19-11-1995,6.1164288
20-11-1995,6.1730624
21-11-1995,5.6067264
22-11-1995,4.5873216
23-11-1995,4.24752
24-11-1995,4.4740544
25-11-1995,5.4368256
26-11-1995,5.6067264
27-11-1995,4.5023712
28-11-1995,2.7467296
29-11-1995,2.265344
30-11-1995,4.813856
01-12-1995,5.5500928
02-12-1995,5.946528
03-12-1995,6.4279136
04-12-1995,7.0792
05-12-1995,6.229696
06-12-1995,5.66336
07-12-1995,2.83168
08-12-1995,1.699008
09-12-1995,1.132672
10-12-1995,0.566336
11-12-1995,0.566336
12-12-1995,0.566336
13-12-1995,0.566336
14-12-1995,0.70792
15-12-1995,0.8778208
16-12-1995,1.132672
17-12-1995,1.41584
18-12-1995,1.41584
19-12-1995,1.699008
20-12-1995,1.6140576
21-12-1995,1.5291072
22-12-1995,1.41584
23-12-1995,1.3308896
24-12-1995,1.2176224
25-12-1995,1.132672
26-12-1995,1.0760384
27-12-1995,1.0194048
28-12-1995,0.991088
29-12-1995,0.9061376
30-12-1995,0.9061376
31-12-1995,0.849504
01-01-1996,0.849504
02-01-1996,0.7928704
03-01-1996,0.6796032
04-01-1996,0.566336
05-01-1996,0.566336
06-01-1996,0.566336
07-01-1996,0.566336
08-01-1996,0.566336
09-01-1996,0.6229696
10-01-1996,0.6796032
11-01-1996,0.7362368
12-01-1996,0.849504
13-01-1996,0.9344544
14-01-1996,1.0194048
15-01-1996,1.132672
16-01-1996,1.132672
17-01-1996,1.0477216
18-01-1996,0.9344544
19-01-1996,0.849504
20-01-1996,0.849504
21-01-1996,0.7928704
22-01-1996,0.7645536
23-01-1996,0.7362368
24-01-1996,0.70792
25-01-1996,0.70792
26-01-1996,0.70792
27-01-1996,0.6796032
28-01-1996,0.6796032
29-01-1996,0.6512864
30-01-1996,0.6229696
31-01-1996,0.5946528
01-02-1996,0.566336
02-02-1996,0.5380192
03-02-1996,0.5097024
04-02-1996,0.4813856
05-02-1996,0.4813856
06-02-1996,0.4530688
07-02-1996,0.566336
08-02-1996,1.132672
09-02-1996,5.66336
10-02-1996,14.1584
11-02-1996,8.49504
12-02-1996,5.66336
13-02-1996,5.66336
14-02-1996,4.24752
15-02-1996,2.83168
16-02-1996,1.982176
17-02-1996,1.840592
18-02-1996,1.982176
19-02-1996,1.982176
20-02-1996,2.548512
21-02-1996,3.398016
22-02-1996,3.5396
23-02-1996,4.24752
24-02-1996,6.512864
25-02-1996,6.796032
26-02-1996,5.66336
27-02-1996,4.813856
28-02-1996,4.24752
29-02-1996,3.964352
01-03-1996,3.681184
02-03-1996,2.83168
03-03-1996,2.548512
04-03-1996,2.265344
05-03-1996,1.982176
06-03-1996,1.699008
07-03-1996,1.699008
08-03-1996,1.840592
09-03-1996,1.982176
10-03-1996,1.982176
11-03-1996,2.12376
12-03-1996,2.265344
13-03-1996,2.83168
14-03-1996,3.681184
15-03-1996,4.530688
16-03-1996,5.097024
17-03-1996,5.66336
18-03-1996,5.66336
19-03-1996,4.24752
20-03-1996,2.83168
21-03-1996,3.681184
22-03-1996,4.24752
23-03-1996,3.964352
24-03-1996,2.83168
25-03-1996,1.132672
26-03-1996,0.849504
27-03-1996,0.849504
28-03-1996,1.41584
29-03-1996,5.66336
30-03-1996,8.49504
31-03-1996,7.362368
01-04-1996,6.229696
02-04-1996,6.088112
03-04-1996,6.2863296
04-04-1996,5.8898944
05-04-1996,5.4934592
06-04-1996,5.3235584
07-04-1996,5.0403904
08-04-1996,4.8704896
09-04-1996,4.7005888
10-04-1996,4.530688
11-04-1996,4.7289056
12-04-1996,5.0687072
13-04-1996,5.4651424
14-04-1996,5.7766272
15-04-1996,5.6067264
16-04-1996,5.3235584
17-04-1996,5.1253408
18-04-1996,5.0687072
19-04-1996,5.1536576
20-04-1996,5.1253408
21-04-1996,5.1253408
22-04-1996,5.1819744
23-04-1996,5.0120736
24-04-1996,4.813856
25-04-1996,4.5590048
26-04-1996,4.4740544
27-04-1996,4.4740544
28-04-1996,4.3041536
29-04-1996,4.105936
30-04-1996,3.7378176
01-05-1996,3.5396
02-05-1996,3.398016
03-05-1996,3.681184
04-05-1996,4.3324704
05-05-1996,4.6156384
06-05-1996,4.5023712
07-05-1996,4.3324704
08-05-1996,4.389104
09-05-1996,5.1253408
10-05-1996,6.3429632
11-05-1996,6.7110816
12-05-1996,6.0597952
13-05-1996,5.6350432
14-05-1996,5.4651424
15-05-1996,5.8898944
16-05-1996,5.7766272
17-05-1996,5.521776
18-05-1996,5.0120736
19-05-1996,9.4578112
20-05-1996,9.2595936
21-05-1996,6.937616
22-05-1996,5.66336
23-05-1996,6.796032
24-05-1996,8.2968224
25-05-1996,8.778208
26-05-1996,7.9853376
27-05-1996,10.477216
28-05-1996,16.7918624
29-05-1996,14.724736
30-05-1996,11.751472
31-05-1996,11.8647392
01-06-1996,18.2077024
02-06-1996,18.547504
03-06-1996,15.3193888
04-06-1996,13.5637472
05-06-1996,12.5726592
06-06-1996,12.2045408
07-06-1996,11.4399872
08-06-1996,10.5904832
09-06-1996,9.6560288
10-06-1996,8.8348416
11-06-1996,7.9003872
12-06-1996,6.9659328
13-06-1996,6.1164288
14-06-1996,5.380192
15-06-1996,4.7572224
16-06-1996,5.6067264
17-06-1996,7.362368
18-06-1996,7.1924672
19-06-1996,6.7110816
20-06-1996,8.1269216
21-06-1996,9.2312768
22-06-1996,9.627712
23-06-1996,9.9675136
24-06-1996,9.9391968
25-06-1996,9.3162272
26-06-1996,8.9481088
27-06-1996,8.4384064
28-06-1996,7.78712
29-06-1996,7.0508832
30-06-1996,6.3429632
01-07-1996,5.6350432
02-07-1996,5.2102912
03-07-1996,4.7855392
04-07-1996,4.7855392
05-07-1996,4.5873216
06-07-1996,4.1342528
07-07-1996,3.7378176
08-07-1996,3.3696992
09-07-1996,3.1714816
10-07-1996,2.9166304
11-07-1996,2.6617792
12-07-1996,2.5201952
13-07-1996,2.406928
14-07-1996,2.3219776
15-07-1996,2.1520768
16-07-1996,2.0104928
17-07-1996,2.0671264
18-07-1996,2.0104928
19-07-1996,1.8122752
20-07-1996,1.6706912
21-07-1996,1.6423744
22-07-1996,1.5857408
23-07-1996,1.4724736
24-07-1996,1.3592064
25-07-1996,1.274256
26-07-1996,1.2459392
27-07-1996,1.2176224
28-07-1996,1.0760384
29-07-1996,1.0760384
30-07-1996,1.0477216
31-07-1996,0.9627712
01-08-1996,0.9061376
02-08-1996,0.8778208
03-08-1996,0.849504
04-08-1996,1.274256
05-08-1996,2.1803936
06-08-1996,2.2370272
07-08-1996,2.2370272
08-08-1996,1.9538592
09-08-1996,1.6706912
10-08-1996,1.5007904
11-08-1996,1.41584
12-08-1996,1.4724736
13-08-1996,1.4724736
14-08-1996,1.3025728
15-08-1996,1.132672
16-08-1996,1.0477216
17-08-1996,0.991088
18-08-1996,0.9061376
19-08-1996,0.9061376
20-08-1996,0.9061376
21-08-1996,0.9627712
22-08-1996,0.8211872
23-08-1996,0.7645536
24-08-1996,0.70792
25-08-1996,0.6796032
26-08-1996,0.6229696
27-08-1996,0.5946528
28-08-1996,0.6229696
29-08-1996,0.6229696
30-08-1996,0.566336
31-08-1996,0.5097024
01-09-1996,0.5097024
02-09-1996,0.5097024
03-09-1996,0.6229696
04-09-1996,0.7645536
05-09-1996,0.6512864
06-09-1996,0.4813856
07-09-1996,0.5380192
08-09-1996,0.5097024
09-09-1996,1.2176224
10-09-1996,0.9627712
11-09-1996,0.7362368
12-09-1996,0.6512864
13-09-1996,0.6229696
14-09-1996,0.5946528
15-09-1996,0.5380192
16-09-1996,0.4813856
17-09-1996,0.424752
18-09-1996,0.3964352
19-09-1996,0.566336
20-09-1996,0.566336
21-09-1996,0.566336
22-09-1996,0.6512864
23-09-1996,0.6229696
24-09-1996,0.566336
25-09-1996,0.8211872
26-09-1996,0.70792
27-09-1996,0.6796032
28-09-1996,0.7928704
29-09-1996,0.7645536
30-09-1996,0.8211872
01-10-1996,1.274256
02-10-1996,1.0194048
03-10-1996,0.9061376
04-10-1996,0.849504
05-10-1996,0.7928704
06-10-1996,0.7362368
07-10-1996,0.70792
08-10-1996,0.6229696
09-10-1996,0.6229696
10-10-1996,0.70792
11-10-1996,0.5097024
12-10-1996,0.7362368
13-10-1996,0.9344544
14-10-1996,0.7928704
15-10-1996,0.7645536
16-10-1996,0.70792
17-10-1996,1.1609888
18-10-1996,1.2176224
19-10-1996,1.5007904
20-10-1996,1.132672
21-10-1996,0.9627712
22-10-1996,0.8211872
23-10-1996,0.9344544
24-10-1996,0.7645536
25-10-1996,0.6796032
26-10-1996,0.5946528
27-10-1996,0.5380192
28-10-1996,0.566336
29-10-1996,0.566336
30-10-1996,0.70792
31-10-1996,1.274256
01-11-1996,1.7273248
02-11-1996,1.982176
03-11-1996,1.8689088
04-11-1996,2.3219776
05-11-1996,1.982176
06-11-1996,1.982176
07-11-1996,1.9255424
08-11-1996,1.7839584
09-11-1996,1.557424
10-11-1996,1.132672
11-11-1996,0.849504
12-11-1996,0.6512864
13-11-1996,0.566336
14-11-1996,0.566336
15-11-1996,0.849504
16-11-1996,1.274256
17-11-1996,1.132672
18-11-1996,1.132672
19-11-1996,1.132672
20-11-1996,1.132672
21-11-1996,0.991088
22-11-1996,0.991088
23-11-1996,0.991088
24-11-1996,0.849504
25-11-1996,0.70792
26-11-1996,0.566336
27-11-1996,0.566336
28-11-1996,0.70792
29-11-1996,0.70792
30-11-1996,0.70792
01-12-1996,0.70792
02-12-1996,0.70792
03-12-1996,0.6229696
04-12-1996,0.70792
05-12-1996,0.70792
06-12-1996,0.70792
07-12-1996,0.70792
08-12-1996,0.6229696
09-12-1996,0.70792
10-12-1996,0.70792
11-12-1996,0.70792
12-12-1996,0.70792
13-12-1996,0.70792
14-12-1996,0.70792
15-12-1996,0.70792
16-12-1996,0.70792
17-12-1996,0.6512864
18-12-1996,0.566336
19-12-1996,0.566336
20-12-1996,0.566336
21-12-1996,0.5380192
22-12-1996,0.5097024
23-12-1996,0.5097024
24-12-1996,0.424752
25-12-1996,0.424752
26-12-1996,0.4530688
27-12-1996,0.4813856
28-12-1996,0.4530688
29-12-1996,0.424752
30-12-1996,0.424752
31-12-1996,0.4813856
01-01-1997,0.566336
02-01-1997,0.566336
03-01-1997,0.566336
04-01-1997,0.566336
05-01-1997,0.5097024
06-01-1997,0.5097024
07-01-1997,0.566336
08-01-1997,0.5097024
09-01-1997,0.4813856
10-01-1997,0.4530688
11-01-1997,0.4813856
12-01-1997,0.5097024
13-01-1997,0.566336
14-01-1997,0.6229696
15-01-1997,0.6796032
16-01-1997,0.6229696
17-01-1997,0.5097024
18-01-1997,0.566336
19-01-1997,0.5946528
20-01-1997,0.6512864
21-01-1997,0.70792
22-01-1997,0.6512864
23-01-1997,0.6229696
24-01-1997,0.566336
25-01-1997,0.5097024
26-01-1997,0.4813856
27-01-1997,0.4813856
28-01-1997,0.4530688
29-01-1997,0.4530688
30-01-1997,0.4530688
31-01-1997,0.6512864
01-02-1997,0.6229696
02-02-1997,0.6229696
03-02-1997,0.6229696
04-02-1997,0.566336
05-02-1997,0.566336
06-02-1997,0.5380192
07-02-1997,0.5097024
08-02-1997,0.4813856
09-02-1997,0.4530688
10-02-1997,0.4530688
11-02-1997,0.424752
12-02-1997,0.4813856
13-02-1997,0.4813856
14-02-1997,0.4813856
15-02-1997,0.4813856
16-02-1997,0.5380192
17-02-1997,0.566336
18-02-1997,0.7362368
19-02-1997,0.9344544
20-02-1997,1.132672
21-02-1997,1.1893056
22-02-1997,1.1893056
23-02-1997,1.132672
24-02-1997,1.132672
25-02-1997,1.274256
26-02-1997,1.132672
27-02-1997,0.9344544
28-02-1997,0.9344544
01-03-1997,0.9344544
02-03-1997,0.9344544
03-03-1997,0.9061376
04-03-1997,0.7928704
05-03-1997,0.70792
06-03-1997,0.6512864
07-03-1997,0.7645536
08-03-1997,0.9344544
09-03-1997,1.132672
10-03-1997,1.274256
11-03-1997,1.41584
12-03-1997,1.41584
13-03-1997,1.3592064
14-03-1997,1.1893056
15-03-1997,0.991088
16-03-1997,1.132672
17-03-1997,1.557424
18-03-1997,1.982176
19-03-1997,2.548512
20-03-1997,10.194048
21-03-1997,39.077184
22-03-1997,59.182112
23-03-1997,54.651424
24-03-1997,41.342528
25-03-1997,35.112832
26-03-1997,41.625696
27-03-1997,74.190016
28-03-1997,83.53456
29-03-1997,77.588032
30-03-1997,69.37616
31-03-1997,59.46528
01-04-1997,52.38608
02-04-1997,49.837568
03-04-1997,47.005888
04-04-1997,43.324704
05-04-1997,45.023712
06-04-1997,46.72272
07-04-1997,38.22768
08-04-1997,36.528672
09-04-1997,38.22768
10-04-1997,38.22768
11-04-1997,37.661344
12-04-1997,39.926688
13-04-1997,39.360352
14-04-1997,37.095008
15-04-1997,35.112832
16-04-1997,32.847488
17-04-1997,29.73264
18-04-1997,28.2884832
19-04-1997,27.0991776
20-04-1997,26.3063072
21-04-1997,25.4001696
22-04-1997,25.5700704
23-04-1997,24.4657152
24-04-1997,22.4552224
25-04-1997,20.8411648
26-04-1997,19.963344
27-04-1997,19.1704736
28-04-1997,18.122752
29-04-1997,17.273248
30-04-1997,17.698
01-05-1997,17.2449312
02-05-1997,19.1421568
03-05-1997,22.8516576
04-05-1997,20.0766112
05-05-1997,17.839584
06-05-1997,16.5370112
07-05-1997,21.9738368
08-05-1997,31.997984
09-05-1997,24.5506656
10-05-1997,20.8694816
11-05-1997,18.0378016
12-05-1997,17.0467136
13-05-1997,16.1688928
14-05-1997,14.9795872
15-05-1997,14.3849344
16-05-1997,13.308896
17-05-1997,12.1195904
18-05-1997,11.185136
19-05-1997,11.0718688
20-05-1997,9.4294944
21-05-1997,8.3817728
22-05-1997,6.9942496
23-05-1997,6.4279136
24-05-1997,7.1924672
25-05-1997,7.8720704
26-05-1997,7.362368
27-05-1997,8.1269216
28-05-1997,10.9586016
29-05-1997,11.7797888
30-05-1997,10.7887008
31-05-1997,9.1463264
01-06-1997,7.7588032
02-06-1997,6.5978144
03-06-1997,5.8332608
04-06-1997,5.5500928
05-06-1997,5.097024
06-06-1997,4.6156384
07-06-1997,4.1625696
08-06-1997,3.822768
09-06-1997,3.4546496
10-06-1997,3.1714816
11-06-1997,2.973264
12-06-1997,2.973264
13-06-1997,3.0298976
14-06-1997,2.9166304
15-06-1997,2.6617792
16-06-1997,2.4352448
17-06-1997,2.2370272
18-06-1997,2.12376
19-06-1997,2.0104928
20-06-1997,2.4352448
21-06-1997,2.406928
22-06-1997,2.2936608
23-06-1997,2.0671264
24-06-1997,1.8689088
25-06-1997,1.7556416
26-06-1997,1.6140576
27-06-1997,1.4724736
28-06-1997,1.3592064
29-06-1997,4.24752
30-06-1997,6.9942496
01-07-1997,3.2281152
02-07-1997,2.2936608
03-07-1997,1.9255424
04-07-1997,1.7556416
05-07-1997,1.6140576
06-07-1997,1.5007904
07-07-1997,1.3875232
08-07-1997,1.3592064
09-07-1997,1.2459392
10-07-1997,1.1609888
11-07-1997,1.0477216
12-07-1997,1.1893056
13-07-1997,1.8689088
14-07-1997,5.3518752
15-07-1997,2.4352448
16-07-1997,1.699008
17-07-1997,1.3308896
18-07-1997,1.132672
19-07-1997,1.0194048
20-07-1997,4.9837568
21-07-1997,17.8679008
22-07-1997,6.4279136
23-07-1997,5.1536576
24-07-1997,6.2863296
25-07-1997,3.822768
26-07-1997,2.9449472
27-07-1997,2.4918784
28-07-1997,2.2936608
29-07-1997,2.0671264
30-07-1997,1.8689088
31-07-1997,1.7273248
01-08-1997,1.7273248
02-08-1997,1.6423744
03-08-1997,1.5007904
04-08-1997,1.3025728
05-08-1997,1.1893056
06-08-1997,1.1043552
07-08-1997,1.0477216
08-08-1997,0.9627712
09-08-1997,0.8778208
10-08-1997,0.7928704
11-08-1997,0.7928704
12-08-1997,0.7362368
13-08-1997,0.7645536
14-08-1997,1.0194048
15-08-1997,0.8778208
16-08-1997,0.7362368
17-08-1997,0.6796032
18-08-1997,0.6229696
19-08-1997,0.6229696
20-08-1997,0.6229696
21-08-1997,0.5946528
22-08-1997,0.566336
23-08-1997,0.566336
24-08-1997,0.566336
25-08-1997,0.6796032
26-08-1997,0.6512864
27-08-1997,0.6796032
28-08-1997,0.6512864
29-08-1997,0.6512864
30-08-1997,0.6512864
31-08-1997,0.5946528
01-09-1997,0.566336
02-09-1997,0.5946528
03-09-1997,0.5097024
04-09-1997,0.5097024
05-09-1997,0.5097024
06-09-1997,0.5380192
07-09-1997,0.566336
08-09-1997,0.6796032
09-09-1997,0.70792
10-09-1997,0.5946528
11-09-1997,0.5380192
12-09-1997,0.4530688
13-09-1997,0.4530688
14-09-1997,0.424752
15-09-1997,0.4530688
16-09-1997,0.849504
17-09-1997,1.1609888
18-09-1997,0.991088
19-09-1997,0.7928704
20-09-1997,0.6796032
21-09-1997,0.6229696
22-09-1997,0.849504
23-09-1997,0.8778208
24-09-1997,0.9344544
25-09-1997,0.849504
26-09-1997,0.8211872
27-09-1997,0.7645536
28-09-1997,0.70792
29-09-1997,0.6229696
30-09-1997,0.5946528
01-10-1997,0.5380192
02-10-1997,0.5380192
03-10-1997,0.5946528
04-10-1997,0.5097024
05-10-1997,0.4530688
06-10-1997,0.4530688
07-10-1997,0.424752
08-10-1997,0.566336
09-10-1997,0.5097024
10-10-1997,0.4813856
11-10-1997,0.4813856
12-10-1997,0.70792
13-10-1997,1.41584
14-10-1997,1.274256
15-10-1997,1.132672
16-10-1997,0.9627712
17-10-1997,0.849504
18-10-1997,0.7928704
19-10-1997,0.7928704
20-10-1997,0.7362368
21-10-1997,0.70792
22-10-1997,0.6796032
23-10-1997,0.6796032
24-10-1997,0.6796032
25-10-1997,0.70792
26-10-1997,0.6512864
27-10-1997,0.566336
28-10-1997,0.5946528
29-10-1997,0.6796032
30-10-1997,0.6512864
31-10-1997,0.70792
01-11-1997,0.70792
02-11-1997,0.6796032
03-11-1997,0.5380192
04-11-1997,0.6512864
05-11-1997,0.7645536
06-11-1997,0.7645536
07-11-1997,0.70792
08-11-1997,0.70792
09-11-1997,0.7362368
10-11-1997,0.7362368
11-11-1997,0.70792
12-11-1997,0.6512864
13-11-1997,0.6512864
14-11-1997,0.6512864
15-11-1997,0.6229696
16-11-1997,0.6229696
17-11-1997,0.5946528
18-11-1997,0.5946528
19-11-1997,0.566336
20-11-1997,0.566336
21-11-1997,0.566336
22-11-1997,0.5380192
23-11-1997,0.5380192
24-11-1997,0.5380192
25-11-1997,0.5380192
26-11-1997,0.5097024
27-11-1997,0.5946528
28-11-1997,0.5946528
29-11-1997,0.6229696
30-11-1997,0.5946528
01-12-1997,0.566336
02-12-1997,0.5380192
03-12-1997,0.5097024
04-12-1997,0.5097024
05-12-1997,0.5097024
06-12-1997,0.5097024
07-12-1997,0.4813856
08-12-1997,0.4813856
09-12-1997,0.4813856
10-12-1997,0.4813856
11-12-1997,0.4813856
12-12-1997,0.4813856
13-12-1997,0.4813856
14-12-1997,0.4813856
15-12-1997,0.5097024
16-12-1997,0.5380192
17-12-1997,0.566336
18-12-1997,0.6229696
19-12-1997,0.6512864
20-12-1997,0.5946528
21-12-1997,0.566336
22-12-1997,0.5380192
23-12-1997,0.5097024
24-12-1997,0.5097024
25-12-1997,0.4813856
26-12-1997,0.4813856
27-12-1997,0.4813856
28-12-1997,0.4813856
29-12-1997,0.4813856
30-12-1997,0.4813856
31-12-1997,0.4530688
01-01-1998,0.4813856
02-01-1998,0.5380192
03-01-1998,0.5097024
04-01-1998,0.4530688
05-01-1998,0.424752
06-01-1998,0.424752
07-01-1998,0.424752
08-01-1998,0.424752
09-01-1998,0.3681184
10-01-1998,0.3398016
11-01-1998,0.3114848
12-01-1998,0.283168
13-01-1998,0.283168
14-01-1998,0.27467296
15-01-1998,0.28033632
16-01-1998,0.283168
17-01-1998,0.283168
18-01-1998,0.283168
19-01-1998,0.283168
20-01-1998,0.283168
21-01-1998,0.283168
22-01-1998,0.27750464
23-01-1998,0.25768288
24-01-1998,0.26334624
25-01-1998,0.27467296
26-01-1998,0.26334624
27-01-1998,0.27184128
28-01-1998,0.27467296
29-01-1998,0.26617792
30-01-1998,0.3114848
31-01-1998,0.3114848
01-02-1998,0.283168
02-02-1998,0.2690096
03-02-1998,0.2548512
04-02-1998,0.2690096
05-02-1998,0.2690096
06-02-1998,0.2690096
07-02-1998,0.283168
08-02-1998,0.3114848
09-02-1998,0.3398016
10-02-1998,0.3681184
11-02-1998,0.3681184
12-02-1998,0.3681184
13-02-1998,0.424752
14-02-1998,0.3964352
15-02-1998,0.4530688
16-02-1998,0.8211872
17-02-1998,1.1893056
18-02-1998,1.3592064
19-02-1998,2.12376
20-02-1998,2.0104928
21-02-1998,1.8689088
22-02-1998,2.2370272
23-02-1998,2.548512
24-02-1998,2.265344
25-02-1998,2.6617792
26-02-1998,2.3219776
27-02-1998,2.0671264
28-02-1998,0.991088
01-03-1998,0.9627712
02-03-1998,0.9344544
03-03-1998,0.9061376
04-03-1998,0.9061376
05-03-1998,0.9061376
06-03-1998,0.849504
07-03-1998,0.8211872
08-03-1998,0.7645536
09-03-1998,0.70792
10-03-1998,0.70792
11-03-1998,0.70792
12-03-1998,0.70792
13-03-1998,0.7928704
14-03-1998,0.849504
15-03-1998,0.9344544
16-03-1998,1.0477216
17-03-1998,1.1043552
18-03-1998,1.132672
19-03-1998,1.1893056
20-03-1998,1.3025728
21-03-1998,1.5857408
22-03-1998,1.9538592
23-03-1998,2.406928
24-03-1998,2.6617792
25-03-1998,3.0582144
26-03-1998,5.6067264
27-03-1998,9.4011776
28-03-1998,14.3283008
29-03-1998,10.5055328
30-03-1998,8.49504
31-03-1998,7.8154368
01-04-1998,6.7110816
02-04-1998,8.8914752
03-04-1998,9.91088
04-04-1998,12.74256
05-04-1998,14.1584
06-04-1998,16.99008
07-04-1998,19.82176
08-04-1998,22.1154208
09-04-1998,20.1898784
10-04-1998,15.7724576
11-04-1998,13.1389952
12-04-1998,11.5249376
13-04-1998,10.4205824
14-04-1998,9.627712
15-04-1998,9.0896928
16-04-1998,8.1552384
17-04-1998,7.2491008
18-04-1998,6.7677152
19-04-1998,6.4279136
20-04-1998,7.5605856
21-04-1998,7.645536
22-04-1998,6.9092992
23-04-1998,6.37128
24-04-1998,5.946528
25-04-1998,5.8332608
26-04-1998,15.4892896
27-04-1998,19.1421568
28-04-1998,14.5265184
29-04-1998,10.7887008
30-04-1998,9.2595936
01-05-1998,8.4384064
02-05-1998,7.2774176
03-05-1998,6.6261312
04-05-1998,5.946528
05-05-1998,5.380192
06-05-1998,4.9271232
07-05-1998,4.530688
08-05-1998,4.1342528
09-05-1998,3.9360352
10-05-1998,4.1908864
11-05-1998,4.1342528
12-05-1998,4.1342528
13-05-1998,4.0776192
14-05-1998,3.7661344
15-05-1998,3.822768
16-05-1998,3.7095008
17-05-1998,3.5112832
18-05-1998,3.0865312
19-05-1998,2.83168
20-05-1998,2.6334624
21-05-1998,2.5201952
22-05-1998,2.3219776
23-05-1998,2.2087104
24-05-1998,2.2087104
25-05-1998,2.1803936
26-05-1998,2.1520768
27-05-1998,2.0388096
28-05-1998,1.8972256
29-05-1998,1.8122752
30-05-1998,1.840592
31-05-1998,1.8972256
01-06-1998,1.8122752
02-06-1998,1.7839584
03-06-1998,1.8122752
04-06-1998,1.699008
05-06-1998,1.7556416
06-06-1998,1.6706912
07-06-1998,1.5291072
08-06-1998,1.6706912
09-06-1998,1.9255424
10-06-1998,2.0388096
11-06-1998,2.406928
12-06-1998,4.672272
13-06-1998,2.6051456
14-06-1998,4.530688
15-06-1998,14.6681024
16-06-1998,13.6486976
17-06-1998,8.636624
18-06-1998,6.7393984
19-06-1998,5.9182112
20-06-1998,4.7855392
21-06-1998,3.8510848
22-06-1998,3.3130656
23-06-1998,2.7184128
24-06-1998,2.5201952
25-06-1998,3.1714816
26-06-1998,2.8033632
27-06-1998,2.4635616
28-06-1998,2.1520768
29-06-1998,1.982176
30-06-1998,1.6140576
01-07-1998,1.557424
02-07-1998,1.5007904
03-07-1998,1.4441568
04-07-1998,2.0671264
05-07-1998,3.1431648
06-07-1998,2.9166304
07-07-1998,2.8599968
08-07-1998,3.3130656
09-07-1998,3.0582144
10-07-1998,2.9166304
11-07-1998,2.548512
12-07-1998,2.2087104
13-07-1998,2.12376
14-07-1998,1.8689088
15-07-1998,1.6706912
16-07-1998,1.557424
17-07-1998,1.6706912
18-07-1998,1.7273248
19-07-1998,2.0954432
20-07-1998,2.548512
21-07-1998,2.0388096
22-07-1998,1.8122752
23-07-1998,1.6140576
24-07-1998,1.4441568
25-07-1998,1.3025728
26-07-1998,1.2176224
27-07-1998,1.1043552
28-07-1998,0.991088
29-07-1998,1.0194048
30-07-1998,0.991088
31-07-1998,0.9061376
01-08-1998,0.7928704
02-08-1998,1.2176224
03-08-1998,2.0104928
04-08-1998,2.3219776
05-08-1998,3.1431648
06-08-1998,3.6528672
07-08-1998,3.0298976
08-08-1998,2.5201952
09-08-1998,2.265344
10-08-1998,2.1520768
11-08-1998,1.840592
12-08-1998,1.7273248
13-08-1998,1.6140576
14-08-1998,1.4441568
15-08-1998,1.132672
16-08-1998,0.9627712
17-08-1998,0.8211872
18-08-1998,0.7928704
19-08-1998,0.7362368
20-08-1998,0.7645536
21-08-1998,0.9627712
22-08-1998,1.1893056
23-08-1998,1.132672
24-08-1998,1.0760384
25-08-1998,1.1893056
26-08-1998,1.1043552
27-08-1998,1.132672
28-08-1998,1.5007904
29-08-1998,1.41584
30-08-1998,1.3308896
31-08-1998,1.2176224
01-09-1998,1.0477216
02-09-1998,0.9061376
03-09-1998,0.7645536
04-09-1998,0.6512864
05-09-1998,0.5946528
06-09-1998,0.5097024
07-09-1998,0.4530688
08-09-1998,0.3964352
09-09-1998,0.3964352
10-09-1998,0.3398016
11-09-1998,0.3114848
12-09-1998,0.27750464
13-09-1998,0.283168
14-09-1998,0.3114848
15-09-1998,0.27750464
16-09-1998,0.2406928
17-09-1998,0.26051456
18-09-1998,0.283168
19-09-1998,0.283168
20-09-1998,0.26051456
21-09-1998,0.27750464
22-09-1998,0.27750464
23-09-1998,0.3114848
24-09-1998,0.3681184
25-09-1998,0.3681184
26-09-1998,0.3681184
27-09-1998,0.3398016
28-09-1998,0.5380192
29-09-1998,0.566336
30-09-1998,0.5097024
01-10-1998,0.3681184
02-10-1998,0.3964352
03-10-1998,0.6229696
04-10-1998,2.0671264
05-10-1998,4.1908864
06-10-1998,7.0508832
07-10-1998,6.1730624
08-10-1998,4.7005888
09-10-1998,4.105936
10-10-1998,3.7378176
11-10-1998,2.8599968
12-10-1998,2.4352448
13-10-1998,2.1803936
14-10-1998,1.982176
15-10-1998,1.8122752
16-10-1998,2.0954432
17-10-1998,3.2281152
18-10-1998,9.9391968
19-10-1998,8.6649408
20-10-1998,7.1075168
21-10-1998,6.8526656
22-10-1998,6.7677152
23-10-1998,6.2580128
24-10-1998,5.4368256
25-10-1998,4.4740544
26-10-1998,4.0493024
27-10-1998,4.9837568
28-10-1998,5.6916768
29-10-1998,8.070288
30-10-1998,9.7409792
31-10-1998,8.6932576
01-11-1998,7.645536
02-11-1998,7.3057344
03-11-1998,6.8243488
04-11-1998,6.1164288
05-11-1998,5.5500928
06-11-1998,5.097024
07-11-1998,4.813856
08-11-1998,4.7572224
09-11-1998,5.6067264
10-11-1998,6.3429632
11-11-1998,2.3502944
12-11-1998,2.4352448
13-11-1998,4.105936
14-11-1998,7.2491008
15-11-1998,11.8647392
16-11-1998,17.0183968
17-11-1998,18.6324544
18-11-1998,18.2077024
19-11-1998,16.28216
20-11-1998,16.2255264
21-11-1998,14.299984
22-11-1998,13.9884992
23-11-1998,15.0928544
24-11-1998,15.0645376
25-11-1998,13.9601824
26-11-1998,12.9407776
27-11-1998,11.9780064
28-11-1998,11.1001856
29-11-1998,10.901968
30-11-1998,10.5904832
01-12-1998,9.9391968
02-12-1998,9.3728608
03-12-1998,8.9764256
04-12-1998,8.5516736
05-12-1998,8.2401888
06-12-1998,8.0419712
07-12-1998,7.5889024
08-12-1998,7.0792
09-12-1998,6.796032
10-12-1998,6.3146464
11-12-1998,5.8615776
12-12-1998,5.8332608
13-12-1998,5.6350432
14-12-1998,5.4368256
15-12-1998,5.4085088
16-12-1998,5.2952416
17-12-1998,5.097024
18-12-1998,4.8704896
19-12-1998,3.5112832
20-12-1998,2.4635616
21-12-1998,2.265344
22-12-1998,1.982176
23-12-1998,1.982176
24-12-1998,1.982176
25-12-1998,2.548512
26-12-1998,2.83168
27-12-1998,2.83168
28-12-1998,2.548512
29-12-1998,2.265344
30-12-1998,1.982176
31-12-1998,1.982176
01-01-1999,1.982176
02-01-1999,1.982176
03-01-1999,1.699008
04-01-1999,1.41584
05-01-1999,1.557424
06-01-1999,1.6423744
07-01-1999,1.699008
08-01-1999,1.557424
09-01-1999,1.41584
10-01-1999,1.699008
11-01-1999,1.840592
12-01-1999,1.982176
13-01-1999,1.699008
14-01-1999,1.982176
15-01-1999,2.12376
16-01-1999,2.265344
17-01-1999,2.548512
18-01-1999,2.265344
19-01-1999,2.265344
20-01-1999,2.265344
21-01-1999,2.265344
22-01-1999,2.3502944
23-01-1999,2.3219776
24-01-1999,2.2087104
25-01-1999,1.982176
26-01-1999,2.265344
27-01-1999,3.256432
28-01-1999,3.114848
29-01-1999,2.973264
30-01-1999,2.83168
31-01-1999,3.256432
01-02-1999,3.681184
02-02-1999,4.24752
03-02-1999,4.530688
04-02-1999,4.24752
05-02-1999,4.24752
06-02-1999,5.097024
07-02-1999,6.37128
08-02-1999,7.645536
09-02-1999,9.9675136
10-02-1999,11.468304
11-02-1999,8.778208
12-02-1999,6.512864
13-02-1999,9.0330592
14-02-1999,6.8243488
15-02-1999,6.2580128
16-02-1999,5.8615776
17-02-1999,5.7483104
18-02-1999,4.2192032
19-02-1999,4.4740544
20-02-1999,5.66336
21-02-1999,4.1342528
22-02-1999,4.813856
23-02-1999,4.530688
24-02-1999,2.265344
25-02-1999,3.5112832
26-02-1999,4.389104
27-02-1999,7.2491008
28-02-1999,8.7215744
01-03-1999,7.9570208
02-03-1999,8.211872
03-03-1999,5.946528
04-03-1999,5.66336
05-03-1999,5.6350432
06-03-1999,4.8421728
07-03-1999,4.3607872
08-03-1999,3.4829664
09-03-1999,3.398016
10-03-1999,4.24752
11-03-1999,4.813856
12-03-1999,4.24752
13-03-1999,4.105936
14-03-1999,4.1342528
15-03-1999,4.5023712
16-03-1999,8.8631584
17-03-1999,24.3241312
18-03-1999,19.5952256
19-03-1999,12.6292928
20-03-1999,10.7320672
21-03-1999,9.6560288
22-03-1999,8.5516736
23-03-1999,7.8720704
24-03-1999,7.4190016
25-03-1999,6.9942496
26-03-1999,6.6827648
27-03-1999,6.512864
28-03-1999,6.7677152
29-03-1999,7.4473184
30-03-1999,7.2774176
31-03-1999,7.0225664
01-04-1999,7.0225664
02-04-1999,6.8243488
03-04-1999,6.937616
04-04-1999,6.8809824
05-04-1999,7.5605856
06-04-1999,14.8096864
07-04-1999,20.0199776
08-04-1999,18.4342368
09-04-1999,39.077184
10-04-1999,35.962336
11-04-1999,39.64352
12-04-1999,31.714816
13-04-1999,26.5894752
14-04-1999,25.201952
15-04-1999,29.166304
16-04-1999,28.3168
17-04-1999,26.5611584
18-04-1999,24.1825472
19-04-1999,21.8888864
20-04-1999,20.0766112
21-04-1999,18.972256
22-04-1999,19.3686912
23-04-1999,18.2926528
24-04-1999,16.5936448
25-04-1999,15.3760224
26-04-1999,15.8007744
27-04-1999,18.0661184
28-04-1999,17.981168
29-04-1999,16.140576
30-04-1999,14.7530528
01-05-1999,13.875232
02-05-1999,12.9974112
03-05-1999,12.3744416
04-05-1999,13.1106784
05-05-1999,19.8500768
06-05-1999,36.81184
07-05-1999,25.8249216
08-05-1999,22.087104
09-05-1999,19.4536416
10-05-1999,17.6696832
11-05-1999,19.8783936
12-05-1999,18.8589888
13-05-1999,16.3954272
14-05-1999,14.6964192
15-05-1999,13.4787968
16-05-1999,12.4027584
17-05-1999,11.4399872
18-05-1999,10.6471168
19-05-1999,9.627712
20-05-1999,12.8558272
21-05-1999,13.6486976
22-05-1999,9.8259296
23-05-1999,9.7976128
24-05-1999,8.8914752
25-05-1999,7.9853376
26-05-1999,7.1358336
27-05-1999,6.4562304
28-05-1999,5.9748448
29-05-1999,5.4934592
30-05-1999,5.3235584
31-05-1999,6.7393984
01-06-1999,8.211872
02-06-1999,9.061376
03-06-1999,7.3906848
04-06-1999,6.229696
05-06-1999,5.5500928
06-06-1999,4.7855392
07-06-1999,4.4457376
08-06-1999,5.3235584
09-06-1999,6.4845472
10-06-1999,7.5889024
11-06-1999,7.0792
12-06-1999,6.7110816
13-06-1999,5.8332608
14-06-1999,4.6156384
15-06-1999,4.1625696
16-06-1999,3.9926688
17-06-1999,3.8794016
18-06-1999,3.6528672
19-06-1999,3.9926688
20-06-1999,4.9837568
21-06-1999,5.2952416
22-06-1999,4.7572224
23-06-1999,4.3324704
24-06-1999,3.7095008
25-06-1999,3.1714816
26-06-1999,2.7750464
27-06-1999,2.690096
28-06-1999,2.6334624
29-06-1999,2.8883136
30-06-1999,3.964352
01-07-1999,3.964352
02-07-1999,4.7005888
03-07-1999,5.7766272
04-07-1999,6.229696
05-07-1999,7.2491008
06-07-1999,6.4562304
07-07-1999,5.66336
08-07-1999,4.813856
09-07-1999,3.7378176
10-07-1999,2.973264
11-07-1999,2.5201952
12-07-1999,2.1803936
13-07-1999,1.8972256
14-07-1999,1.7556416
15-07-1999,1.5857408
16-07-1999,1.9538592
17-07-1999,1.699008
18-07-1999,2.0388096
19-07-1999,4.8988064
20-07-1999,6.5978144
21-07-1999,7.5605856
22-07-1999,7.5605856
23-07-1999,7.9853376
24-07-1999,7.6172192
25-07-1999,6.5411808
26-07-1999,5.0120736
27-07-1999,3.5679168
28-07-1999,2.8599968
29-07-1999,2.406928
30-07-1999,2.1520768
31-07-1999,1.9255424
01-08-1999,1.7273248
02-08-1999,1.557424
03-08-1999,1.41584
04-08-1999,1.3025728
05-08-1999,1.2176224
06-08-1999,1.1609888
07-08-1999,1.0760384
08-08-1999,0.9627712
09-08-1999,0.9061376
10-08-1999,0.849504
11-08-1999,0.7928704
12-08-1999,0.7362368
13-08-1999,0.6796032
14-08-1999,0.6512864
15-08-1999,0.6796032
16-08-1999,0.6229696
17-08-1999,0.5946528
18-08-1999,0.5380192
19-08-1999,0.4813856
20-08-1999,0.4530688
21-08-1999,0.424752
22-08-1999,0.4530688
23-08-1999,0.4530688
24-08-1999,0.4530688
25-08-1999,0.424752
26-08-1999,0.424752
27-08-1999,0.424752
28-08-1999,0.3681184
29-08-1999,0.3681184
30-08-1999,0.566336
31-08-1999,0.5946528
01-09-1999,0.6796032
02-09-1999,0.9344544
03-09-1999,0.9061376
04-09-1999,1.0477216
05-09-1999,1.0194048
06-09-1999,1.8689088
07-09-1999,1.7556416
08-09-1999,1.7273248
09-09-1999,1.699008
10-09-1999,1.4724736
11-09-1999,1.132672
12-09-1999,0.9061376
13-09-1999,0.7362368
14-09-1999,0.70792
15-09-1999,0.4813856
16-09-1999,0.5380192
17-09-1999,0.5946528
18-09-1999,0.3964352
19-09-1999,0.3681184
20-09-1999,0.3398016
21-09-1999,0.3398016
22-09-1999,0.3114848
23-09-1999,0.3398016
24-09-1999,0.3398016
25-09-1999,0.3114848
26-09-1999,0.3114848
27-09-1999,0.4530688
28-09-1999,0.4813856
29-09-1999,0.3681184
30-09-1999,0.3114848
01-10-1999,0.3114848
02-10-1999,0.3681184
03-10-1999,0.3964352
04-10-1999,0.3398016
05-10-1999,0.3681184
06-10-1999,0.424752
07-10-1999,0.3964352
08-10-1999,0.3964352
09-10-1999,0.3398016
10-10-1999,0.3681184
11-10-1999,0.3681184
12-10-1999,0.3681184
13-10-1999,0.3398016
14-10-1999,0.3114848
15-10-1999,0.3398016
16-10-1999,0.3398016
17-10-1999,0.3398016
18-10-1999,0.5380192
19-10-1999,0.4530688
20-10-1999,0.424752
21-10-1999,0.3681184
22-10-1999,0.3398016
23-10-1999,0.4813856
24-10-1999,0.3964352
25-10-1999,0.3681184
26-10-1999,0.3681184
27-10-1999,0.3681184
28-10-1999,0.3398016
29-10-1999,0.3398016
30-10-1999,0.3681184
31-10-1999,0.3681184
01-11-1999,0.3398016
02-11-1999,0.3398016
03-11-1999,0.3114848
04-11-1999,0.4813856
05-11-1999,0.4530688
06-11-1999,0.3398016
07-11-1999,0.3681184
08-11-1999,0.3681184
09-11-1999,0.424752
10-11-1999,0.3681184
11-11-1999,0.3681184
12-11-1999,0.3681184
13-11-1999,0.3964352
14-11-1999,0.3964352
15-11-1999,0.424752
16-11-1999,0.424752
17-11-1999,0.424752
18-11-1999,0.4530688
19-11-1999,0.424752
20-11-1999,0.424752
21-11-1999,0.4530688
22-11-1999,0.5380192
23-11-1999,0.5946528
24-11-1999,0.5097024
25-11-1999,0.4813856
26-11-1999,0.4530688
27-11-1999,0.5097024
28-11-1999,0.5097024
29-11-1999,0.5097024
30-11-1999,0.4813856
01-12-1999,0.5380192
02-12-1999,0.4813856
03-12-1999,0.5946528
04-12-1999,0.5097024
05-12-1999,0.3964352
06-12-1999,0.424752
07-12-1999,0.4530688
08-12-1999,0.6512864
09-12-1999,0.566336
10-12-1999,0.3398016
11-12-1999,0.424752
12-12-1999,0.3398016
13-12-1999,0.3681184
14-12-1999,0.424752
15-12-1999,0.283168
16-12-1999,0.3114848
17-12-1999,0.3964352
18-12-1999,0.3681184
19-12-1999,0.3964352
20-12-1999,0.283168
21-12-1999,0.2265344
22-12-1999,0.1982176
23-12-1999,0.1982176
24-12-1999,0.2265344
25-12-1999,0.2548512
26-12-1999,0.283168
27-12-1999,0.3398016
28-12-1999,0.3398016
29-12-1999,0.424752
30-12-1999,0.424752
31-12-1999,0.3964352
01-01-2000,0.424752
02-01-2000,0.424752
03-01-2000,0.3681184
04-01-2000,0.3114848
05-01-2000,0.2690096
06-01-2000,0.283168
07-01-2000,0.24918784
08-01-2000,0.27750464
09-01-2000,0.27750464
10-01-2000,0.26334624
11-01-2000,0.2265344
12-01-2000,0.212376
13-01-2000,0.20954432
14-01-2000,0.212376
15-01-2000,0.2265344
16-01-2000,0.212376
17-01-2000,0.1982176
18-01-2000,0.1982176
19-01-2000,0.18972256
20-01-2000,0.18122752
21-01-2000,0.17556416
22-01-2000,0.1699008
23-01-2000,0.16423744
24-01-2000,0.15857408
25-01-2000,0.14724736
26-01-2000,0.1274256
27-01-2000,0.1132672
28-01-2000,0.1132672
29-01-2000,0.1274256
30-01-2000,0.141584
31-01-2000,0.14724736
01-02-2000,0.15291072
02-02-2000,0.16140576
03-02-2000,0.16706912
04-02-2000,0.16706912
05-02-2000,0.16423744
06-02-2000,0.17839584
07-02-2000,0.18122752
08-02-2000,0.18122752
09-02-2000,0.1840592
10-02-2000,0.18972256
11-02-2000,0.1699008
12-02-2000,0.17556416
13-02-2000,0.1699008
14-02-2000,0.16140576
15-02-2000,0.16706912
16-02-2000,0.16423744
17-02-2000,0.1699008
18-02-2000,0.1699008
19-02-2000,0.18689088
20-02-2000,0.1982176
21-02-2000,0.24918784
22-02-2000,0.3398016
23-02-2000,0.9061376
24-02-2000,0.9344544
25-02-2000,1.5007904
26-02-2000,2.3219776
27-02-2000,3.5396
28-02-2000,1.4441568
29-02-2000,1.3308896
01-03-2000,0.9627712
02-03-2000,0.7928704
03-03-2000,0.7645536
04-03-2000,0.70792
05-03-2000,0.70792
06-03-2000,0.6796032
07-03-2000,0.6796032
08-03-2000,0.8211872
09-03-2000,0.9627712
10-03-2000,1.0477216
11-03-2000,1.1043552
12-03-2000,1.0477216
13-03-2000,0.9344544
14-03-2000,0.9061376
15-03-2000,0.991088
16-03-2000,0.9061376
17-03-2000,0.8211872
18-03-2000,0.8211872
19-03-2000,0.8211872
20-03-2000,0.7928704
21-03-2000,0.7645536
22-03-2000,0.7362368
23-03-2000,0.849504
24-03-2000,0.9344544
25-03-2000,0.9344544
26-03-2000,0.9627712
27-03-2000,0.9627712
28-03-2000,0.849504
29-03-2000,0.8211872
30-03-2000,0.7645536
31-03-2000,0.6796032
01-04-2000,0.6229696
02-04-2000,0.6229696
03-04-2000,0.6512864
04-04-2000,0.5946528
05-04-2000,0.566336
06-04-2000,0.5380192
07-04-2000,0.7362368
08-04-2000,0.70792
09-04-2000,0.7645536
10-04-2000,0.7928704
11-04-2000,0.8778208
12-04-2000,0.9344544
13-04-2000,0.9061376
14-04-2000,0.9627712
15-04-2000,0.991088
16-04-2000,1.3308896
17-04-2000,1.41584
18-04-2000,1.7556416
19-04-2000,2.0671264
20-04-2000,1.9255424
21-04-2000,1.6706912
22-04-2000,1.6140576
23-04-2000,1.6140576
24-04-2000,1.3025728
25-04-2000,1.132672
26-04-2000,1.0477216
27-04-2000,1.2176224
28-04-2000,1.557424
29-04-2000,2.2370272
30-04-2000,1.982176
01-05-2000,1.699008
02-05-2000,1.5857408
03-05-2000,1.41584
04-05-2000,1.2459392
05-05-2000,1.0760384
06-05-2000,0.9627712
07-05-2000,0.9627712
08-05-2000,1.2176224
09-05-2000,2.7750464
10-05-2000,2.8033632
11-05-2000,2.4918784
12-05-2000,2.5201952
13-05-2000,2.6051456
14-05-2000,2.4352448
15-05-2000,2.0671264
16-05-2000,1.9538592
17-05-2000,2.5201952
18-05-2000,15.6875072
19-05-2000,19.2837408
20-05-2000,16.848496
21-05-2000,12.1195904
22-05-2000,9.4294944
23-05-2000,8.4384064
24-05-2000,7.220784
25-05-2000,5.4651424
26-05-2000,4.1625696
27-05-2000,3.7661344
28-05-2000,3.6528672
29-05-2000,3.5962336
30-05-2000,3.5396
31-05-2000,3.7661344
01-06-2000,3.2281152
02-06-2000,2.7184128
03-06-2000,2.5201952
04-06-2000,2.6051456
05-06-2000,3.1997984
06-06-2000,3.4829664
07-06-2000,2.8883136
08-06-2000,2.3502944
09-06-2000,1.9255424
10-06-2000,1.7273248
11-06-2000,1.5007904
12-06-2000,1.3592064
13-06-2000,1.5291072
14-06-2000,1.3308896
15-06-2000,1.2459392
16-06-2000,1.3308896
17-06-2000,1.274256
18-06-2000,1.132672
19-06-2000,1.0194048
20-06-2000,0.9061376
21-06-2000,0.7928704
22-06-2000,0.6796032
23-06-2000,0.6512864
24-06-2000,1.4441568
25-06-2000,1.1609888
26-06-2000,1.2176224
27-06-2000,0.991088
28-06-2000,1.1893056
29-06-2000,1.0194048
30-06-2000,0.991088
01-07-2000,0.849504
02-07-2000,0.7362368
03-07-2000,0.6512864
04-07-2000,0.6796032
05-07-2000,0.4813856
06-07-2000,0.4530688
07-07-2000,0.3681184
08-07-2000,0.3114848
09-07-2000,0.566336
10-07-2000,0.7362368
11-07-2000,1.3592064
12-07-2000,3.1431648
13-07-2000,2.8599968
14-07-2000,1.982176
15-07-2000,1.5291072
16-07-2000,1.1893056
17-07-2000,0.9061376
18-07-2000,0.8211872
19-07-2000,0.70792
20-07-2000,0.6512864
21-07-2000,0.5380192
22-07-2000,0.4813856
23-07-2000,0.3964352
24-07-2000,0.3681184
25-07-2000,0.3398016
26-07-2000,0.3114848
27-07-2000,0.3114848
28-07-2000,0.283168
29-07-2000,0.27184128
30-07-2000,0.26617792
31-07-2000,0.26334624
01-08-2000,0.283168
02-08-2000,0.3114848
03-08-2000,0.283168
04-08-2000,0.3398016
05-08-2000,1.3592064
06-08-2000,1.6706912
07-08-2000,2.406928
08-08-2000,1.8689088
09-08-2000,1.3592064
10-08-2000,1.3025728
11-08-2000,1.0760384
12-08-2000,0.9061376
13-08-2000,0.7645536
14-08-2000,0.5946528
15-08-2000,0.4813856
16-08-2000,0.4530688
17-08-2000,0.4813856
18-08-2000,0.3964352
19-08-2000,0.4530688
20-08-2000,0.3398016
21-08-2000,0.3114848
22-08-2000,0.3114848
23-08-2000,0.283168
24-08-2000,0.283168
25-08-2000,0.3114848
26-08-2000,0.3114848
27-08-2000,0.26051456
28-08-2000,0.24918784
29-08-2000,0.23786112
30-08-2000,0.24918784
31-08-2000,0.2548512
01-09-2000,0.2406928
02-09-2000,0.24635616
03-09-2000,0.24918784
04-09-2000,0.70792
05-09-2000,0.283168
06-09-2000,0.2690096
07-09-2000,0.3398016
08-09-2000,0.26051456
09-09-2000,0.21803936
10-09-2000,0.21803936
11-09-2000,0.21520768
12-09-2000,0.20104928
13-09-2000,0.1699008
14-09-2000,0.16140576
15-09-2000,0.14724736
16-09-2000,0.141584
17-09-2000,0.13025728
18-09-2000,0.141584
19-09-2000,0.19255424
20-09-2000,0.22087104
21-09-2000,0.23219776
22-09-2000,0.3114848
23-09-2000,0.24635616
24-09-2000,0.2406928
25-09-2000,0.23219776
26-09-2000,0.21520768
27-09-2000,0.20104928
28-09-2000,0.1840592
29-09-2000,0.15857408
30-09-2000,0.1557424
01-10-2000,0.16140576
02-10-2000,0.19538592
03-10-2000,0.26617792
04-10-2000,0.23219776
05-10-2000,0.22087104
06-10-2000,0.23219776
07-10-2000,0.22936608
08-10-2000,0.23786112
09-10-2000,0.283168
10-10-2000,0.3114848
11-10-2000,0.3398016
12-10-2000,0.424752
13-10-2000,0.5097024
14-10-2000,0.4530688
15-10-2000,0.4530688
16-10-2000,0.5097024
17-10-2000,0.5097024
18-10-2000,0.5380192
19-10-2000,0.5380192
20-10-2000,0.6229696
21-10-2000,0.5946528
22-10-2000,0.6796032
23-10-2000,0.7362368
24-10-2000,0.7928704
25-10-2000,0.849504
26-10-2000,0.8211872
27-10-2000,0.849504
28-10-2000,0.8211872
29-10-2000,0.9344544
30-10-2000,0.7928704
31-10-2000,0.9061376
01-11-2000,0.9344544
02-11-2000,0.849504
03-11-2000,0.7928704
04-11-2000,0.849504
05-11-2000,1.1609888
06-11-2000,1.0760384
07-11-2000,0.9627712
08-11-2000,0.849504
09-11-2000,0.8211872
10-11-2000,0.8211872
11-11-2000,0.9061376
12-11-2000,0.9627712
13-11-2000,0.9344544
14-11-2000,0.9061376
15-11-2000,0.70792
16-11-2000,0.6512864
17-11-2000,0.566336
18-11-2000,0.6512864
19-11-2000,0.6229696
20-11-2000,0.424752
21-11-2000,0.4530688
22-11-2000,0.4813856
23-11-2000,0.5097024
24-11-2000,0.5380192
25-11-2000,0.566336
26-11-2000,0.566336
27-11-2000,0.5946528
28-11-2000,0.6229696
29-11-2000,0.6512864
30-11-2000,0.6512864
01-12-2000,0.6512864
02-12-2000,0.6796032
03-12-2000,0.6796032
04-12-2000,0.6512864
05-12-2000,0.566336
06-12-2000,0.6512864
07-12-2000,0.7362368
08-12-2000,0.6796032
09-12-2000,0.7645536
10-12-2000,0.6512864
11-12-2000,0.5097024
12-12-2000,0.3964352
13-12-2000,0.283168
14-12-2000,0.2265344
15-12-2000,0.212376
16-12-2000,0.1982176
17-12-2000,0.1840592
18-12-2000,0.1699008
19-12-2000,0.1557424
20-12-2000,0.1557424
21-12-2000,0.1557424
22-12-2000,0.141584
23-12-2000,0.1132672
24-12-2000,0.070792
25-12-2000,0.06512864
26-12-2000,0.07362368
27-12-2000,0.07928704
28-12-2000,0.08211872
29-12-2000,0.07928704
30-12-2000,0.07928704
31-12-2000,0.07645536
01-01-2001,0.070792
02-01-2001,0.070792
03-01-2001,0.07362368
04-01-2001,0.08211872
05-01-2001,0.0849504
06-01-2001,0.0991088
07-01-2001,0.1132672
08-01-2001,0.1274256
09-01-2001,0.141584
10-01-2001,0.1699008
11-01-2001,0.1699008
12-01-2001,0.1699008
13-01-2001,0.1699008
14-01-2001,0.1699008
15-01-2001,0.1699008
16-01-2001,0.1699008
17-01-2001,0.1557424
18-01-2001,0.141584
19-01-2001,0.1274256
20-01-2001,0.1132672
21-01-2001,0.1274256
22-01-2001,0.141584
23-01-2001,0.1557424
24-01-2001,0.1699008
25-01-2001,0.1557424
26-01-2001,0.16423744
27-01-2001,0.1699008
28-01-2001,0.1699008
29-01-2001,0.1699008
30-01-2001,0.17556416
31-01-2001,0.1699008
01-02-2001,0.1557424
02-02-2001,0.141584
03-02-2001,0.1557424
04-02-2001,0.1699008
05-02-2001,0.1840592
06-02-2001,0.1840592
07-02-2001,0.1699008
08-02-2001,0.1557424
09-02-2001,0.141584
10-02-2001,0.1274256
11-02-2001,0.141584
12-02-2001,0.141584
13-02-2001,0.1557424
14-02-2001,0.16140576
15-02-2001,0.16140576
16-02-2001,0.1840592
17-02-2001,0.1982176
18-02-2001,0.212376
19-02-2001,0.1982176
20-02-2001,0.1840592
21-02-2001,0.1982176
22-02-2001,0.212376
23-02-2001,0.2265344
24-02-2001,0.2406928
25-02-2001,0.2548512
26-02-2001,0.2265344
27-02-2001,0.2265344
28-02-2001,0.2406928
01-03-2001,0.2406928
02-03-2001,0.2406928
03-03-2001,0.23219776
04-03-2001,0.2265344
05-03-2001,0.2265344
06-03-2001,0.2265344
07-03-2001,0.2265344
08-03-2001,0.2265344
09-03-2001,0.23219776
10-03-2001,0.23786112
11-03-2001,0.24635616
12-03-2001,0.2548512
13-03-2001,0.283168
14-03-2001,0.3398016
15-03-2001,0.3114848
16-03-2001,0.283168
17-03-2001,0.3114848
18-03-2001,0.3681184
19-03-2001,0.566336
20-03-2001,1.699008
21-03-2001,5.66336
22-03-2001,11.32672
23-03-2001,10.760384
24-03-2001,9.91088
25-03-2001,9.91088
26-03-2001,8.49504
27-03-2001,7.0792
28-03-2001,5.66336
29-03-2001,7.0792
30-03-2001,14.1584
31-03-2001,53.80192
01-04-2001,63.995968
02-04-2001,47.005888
03-04-2001,42.4752
04-04-2001,39.926688
05-04-2001,37.661344
06-04-2001,32.847488
07-04-2001,31.997984
08-04-2001,30.298976
09-04-2001,25.1736352
10-04-2001,21.7473024
11-04-2001,29.73264
12-04-2001,52.669248
13-04-2001,41.05936
14-04-2001,32.847488
15-04-2001,28.883136
16-04-2001,25.8532384
17-04-2001,23.5878944
18-04-2001,20.6429472
19-04-2001,18.689088
20-04-2001,17.5847328
21-04-2001,17.8679008
22-04-2001,39.360352
23-04-2001,135.071136
24-04-2001,83.817728
25-04-2001,54.368256
26-04-2001,46.439552
27-04-2001,39.926688
28-04-2001,34.263328
29-04-2001,29.449472
30-04-2001,27.4106624
01-05-2001,26.0231392
02-05-2001,23.786112
03-05-2001,21.5774016
04-05-2001,20.104928
05-05-2001,21.94552
06-05-2001,31.997984
07-05-2001,39.077184
08-05-2001,35.962336
09-05-2001,29.449472
10-05-2001,24.4090816
11-05-2001,21.0110656
12-05-2001,18.8589888
13-05-2001,17.5847328
14-05-2001,16.140576
15-05-2001,14.441568
16-05-2001,13.2805792
17-05-2001,12.1195904
18-05-2001,11.1285024
19-05-2001,10.1374144
20-05-2001,9.5427616
21-05-2001,8.8065248
22-05-2001,8.4384064
23-05-2001,7.8154368
24-05-2001,7.3340512
25-05-2001,6.7393984
26-05-2001,6.2863296
27-05-2001,5.7199936
28-05-2001,5.2952416
29-05-2001,4.9837568
30-05-2001,4.530688
31-05-2001,4.530688
01-06-2001,4.9837568
02-06-2001,4.6439552
03-06-2001,4.4174208
04-06-2001,4.105936
05-06-2001,4.105936
06-06-2001,4.3324704
07-06-2001,4.24752
08-06-2001,3.8794016
09-06-2001,3.6528672
10-06-2001,4.5023712
11-06-2001,5.4085088
12-06-2001,5.7766272
13-06-2001,14.3283008
14-06-2001,25.6833376
15-06-2001,26.19304
16-06-2001,20.2748288
17-06-2001,16.28216
18-06-2001,13.1389952
19-06-2001,10.8736512
20-06-2001,8.9481088
21-06-2001,6.9942496
22-06-2001,5.8332608
23-06-2001,5.380192
24-06-2001,4.6156384
25-06-2001,3.8794016
26-06-2001,3.5112832
27-06-2001,4.3041536
28-06-2001,3.5679168
29-06-2001,2.9449472
30-06-2001,2.5768288
01-07-2001,2.3502944
02-07-2001,2.3219776
03-07-2001,2.3219776
04-07-2001,2.2370272
05-07-2001,2.1803936
06-07-2001,2.0671264
07-07-2001,2.0388096
08-07-2001,1.8689088
09-07-2001,1.8122752
10-07-2001,1.7839584
11-07-2001,1.6706912
12-07-2001,1.557424
13-07-2001,1.4441568
14-07-2001,1.3025728
15-07-2001,1.1893056
16-07-2001,1.2176224
17-07-2001,1.0477216
18-07-2001,1.0194048
19-07-2001,0.9344544
20-07-2001,1.0194048
21-07-2001,0.8778208
22-07-2001,1.0194048
23-07-2001,3.0015808
24-07-2001,9.5427616
25-07-2001,14.9795872
26-07-2001,8.4384064
27-07-2001,4.8704896
28-07-2001,3.1997984
29-07-2001,2.4352448
30-07-2001,1.982176
31-07-2001,1.699008
01-08-2001,1.5007904
02-08-2001,1.41584
03-08-2001,1.3592064
04-08-2001,1.1609888
05-08-2001,1.0477216
06-08-2001,0.9627712
07-08-2001,0.8778208
08-08-2001,0.7928704
09-08-2001,0.7362368
10-08-2001,0.6796032
11-08-2001,0.6796032
12-08-2001,0.6512864
13-08-2001,0.6512864
14-08-2001,0.6512864
15-08-2001,0.6512864
16-08-2001,0.6512864
17-08-2001,0.6229696
18-08-2001,0.566336
19-08-2001,0.5380192
20-08-2001,0.5097024
21-08-2001,0.4813856
22-08-2001,0.4813856
23-08-2001,0.4813856
24-08-2001,0.5097024
25-08-2001,0.5097024
26-08-2001,0.424752
27-08-2001,0.3964352
28-08-2001,0.3681184
29-08-2001,0.566336
30-08-2001,1.274256
31-08-2001,0.5097024
01-09-2001,0.424752
02-09-2001,0.3398016
03-09-2001,0.3114848
04-09-2001,0.283168
05-09-2001,0.27467296
06-09-2001,0.23502944
07-09-2001,0.26334624
08-09-2001,0.2548512
09-09-2001,0.3114848
10-09-2001,0.26334624
11-09-2001,0.3114848
12-09-2001,0.3114848
13-09-2001,0.3964352
14-09-2001,0.7928704
15-09-2001,0.6796032
16-09-2001,0.9627712
17-09-2001,0.8211872
18-09-2001,0.849504
19-09-2001,0.7362368
20-09-2001,0.70792
21-09-2001,0.6796032
22-09-2001,0.6229696
23-09-2001,0.6229696
24-09-2001,0.5946528
25-09-2001,0.566336
26-09-2001,0.5380192
27-09-2001,0.4813856
28-09-2001,0.4813856
29-09-2001,0.424752
30-09-2001,0.424752
01-10-2003,0.1699008
02-10-2003,0.1699008
03-10-2003,0.1699008
04-10-2003,0.1699008
05-10-2003,0.141584
06-10-2003,0.1699008
07-10-2003,0.1699008
08-10-2003,0.1699008
09-10-2003,0.1699008
10-10-2003,0.1699008
11-10-2003,0.3398016
12-10-2003,0.2548512
13-10-2003,0.1699008
14-10-2003,0.1982176
15-10-2003,0.2265344
16-10-2003,0.1982176
17-10-2003,0.1982176
18-10-2003,0.1982176
19-10-2003,0.2265344
20-10-2003,0.1982176
21-10-2003,0.1699008
22-10-2003,0.1982176
23-10-2003,0.1982176
24-10-2003,0.1982176
25-10-2003,0.1699008
26-10-2003,0.141584
27-10-2003,0.2265344
28-10-2003,0.3681184
29-10-2003,0.283168
30-10-2003,0.2265344
31-10-2003,0.2265344
01-11-2003,0.2548512
02-11-2003,0.2265344
03-11-2003,0.1982176
04-11-2003,0.2548512
05-11-2003,0.283168
06-11-2003,0.21803936
07-11-2003,0.21803936
08-11-2003,0.195669088
09-11-2003,0.196235424
10-11-2003,0.218888864
11-11-2003,0.22936608
12-11-2003,0.250320512
13-11-2003,0.22936608
14-11-2003,0.224552224
15-11-2003,0.212376
16-11-2003,0.218605696
17-11-2003,0.221154208
18-11-2003,0.219738368
19-11-2003,0.2619304
20-11-2003,0.265328416
21-11-2003,0.255417536
22-11-2003,0.262496736
23-11-2003,0.196518592
24-11-2003,0.1840592
25-11-2003,0.17556416
26-11-2003,0.1699008
27-11-2003,0.16423744
28-11-2003,0.1557424
29-11-2003,0.172449312
30-11-2003,0.181793856
01-12-2003,0.17698
02-12-2003,0.189156224
03-12-2003,0.197934432
04-12-2003,0.202181952
05-12-2003,0.197934432
06-12-2003,0.1840592
07-12-2003,0.1840592
08-12-2003,0.1840592
09-12-2003,0.1699008
10-12-2003,0.1699008
11-12-2003,0.1699008
12-12-2003,0.1557424
13-12-2003,0.1557424
14-12-2003,0.16423744
15-12-2003,0.1699008
16-12-2003,0.1699008
17-12-2003,0.187740384
18-12-2003,0.205579968
19-12-2003,0.19963344
20-12-2003,0.193403744
21-12-2003,0.203314624
22-12-2003,0.217189856
23-12-2003,0.221154208
24-12-2003,0.201615616
25-12-2003,0.193120576
26-12-2003,0.199067104
27-12-2003,0.30865312
28-12-2003,0.32847488
29-12-2003,0.283168
30-12-2003,0.254001696
31-12-2003,0.211243328
01-01-2004,0.1982176
02-01-2004,0.1840592
03-01-2004,0.1699008
04-01-2004,0.1699008
05-01-2004,0.1699008
06-01-2004,0.1699008
07-01-2004,0.0849504
08-01-2004,0.0566336
09-01-2004,0.06229696
10-01-2004,0.06512864
11-01-2004,0.070792
12-01-2004,0.070792
13-01-2004,0.070792
14-01-2004,0.070792
15-01-2004,0.070792
16-01-2004,0.070792
17-01-2004,0.070792
18-01-2004,0.0566336
19-01-2004,0.0424752
20-01-2004,0.0424752
21-01-2004,0.0424752
22-01-2004,0.05097024
23-01-2004,0.0424752
24-01-2004,0.0424752
25-01-2004,0.0424752
26-01-2004,0.0424752
27-01-2004,0.0424752
28-01-2004,0.0424752
29-01-2004,0.0424752
30-01-2004,0.0424752
31-01-2004,0.03964352
01-02-2004,0.03398016
02-02-2004,0.03398016
03-02-2004,0.03114848
04-02-2004,0.04530688
05-02-2004,0.04530688
06-02-2004,0.0424752
07-02-2004,0.0424752
08-02-2004,0.0424752
09-02-2004,0.0424752
10-02-2004,0.0424752
11-02-2004,0.04530688
12-02-2004,0.04530688
13-02-2004,0.0424752
14-02-2004,0.0424752
15-02-2004,0.0424752
16-02-2004,0.04530688
17-02-2004,0.05097024
18-02-2004,0.05380192
19-02-2004,0.0566336
20-02-2004,0.070792
21-02-2004,0.0849504
22-02-2004,0.1132672
23-02-2004,0.0991088
24-02-2004,0.0849504
25-02-2004,0.0849504
26-02-2004,0.1274256
27-02-2004,0.2265344
28-02-2004,0.424752
29-02-2004,4.24752
01-03-2004,15.57424
02-03-2004,12.7142432
03-03-2004,7.8154368
04-03-2004,4.1342528
05-03-2004,3.114848
06-03-2004,2.6051456
07-03-2004,3.1714816
08-03-2004,4.1342528
09-03-2004,4.0493024
10-03-2004,3.8510848
11-03-2004,1.9255424
12-03-2004,2.32480928
13-03-2004,2.61364064
14-03-2004,2.50320512
15-03-2004,2.11809664
16-03-2004,1.92837408
17-03-2004,1.74431488
18-03-2004,1.77546336
19-03-2004,1.840592
20-03-2004,1.83776032
21-03-2004,1.66785952
22-03-2004,1.5432656
23-03-2004,1.49795872
24-03-2004,1.39035488
25-03-2004,1.3875232
26-03-2004,1.41584
27-03-2004,1.95102752
28-03-2004,2.8883136
29-03-2004,3.114848
30-03-2004,2.74106624
31-03-2004,2.2936608
01-04-2004,1.94819584
02-04-2004,1.69617632
03-04-2004,1.53760224
04-04-2004,1.38469152
05-04-2004,1.32239456
06-04-2004,1.274256
07-04-2004,1.09869184
08-04-2004,0.91463264
09-04-2004,0.85516736
10-04-2004,0.80986048
11-04-2004,0.76172192
12-04-2004,0.75605856
13-04-2004,0.69659328
14-04-2004,0.6796032
15-04-2004,0.67393984
16-04-2004,0.66261312
17-04-2004,0.6229696
18-04-2004,0.59182112
19-04-2004,0.54651424
20-04-2004,0.80136544
21-04-2004,0.82968224
22-04-2004,0.8778208
23-04-2004,0.78154368
24-04-2004,0.84667232
25-04-2004,0.849504
26-04-2004,0.7645536
27-04-2004,0.68243488
28-04-2004,0.6229696
29-04-2004,0.5521776
30-04-2004,0.50403904
01-05-2004,0.4672272
02-05-2004,0.44740544
03-05-2004,0.41908864
04-05-2004,0.40776192
05-05-2004,0.38510848
06-05-2004,0.35679168
07-05-2004,0.34546496
08-05-2004,0.31997984
09-05-2004,0.3114848
10-05-2004,0.283168
11-05-2004,0.253718528
12-05-2004,0.39077184
13-05-2004,0.2690096
14-05-2004,0.244090816
15-05-2004,0.242674976
16-05-2004,0.40776192
17-05-2004,0.47289056
18-05-2004,0.74756352
19-05-2004,0.93728608
20-05-2004,0.80136544
21-05-2004,1.02223648
22-05-2004,0.74190016
23-05-2004,1.63671104
24-05-2004,1.84908704
25-05-2004,2.14924512
26-05-2004,2.31348256
27-05-2004,2.1379184
28-05-2004,1.87457216
29-05-2004,4.5873216
30-05-2004,97.126624
31-05-2004,48.988064
01-06-2004,22.4552224
02-06-2004,11.893056
03-06-2004,8.0986048
04-06-2004,6.229696
05-06-2004,5.521776
06-06-2004,5.0120736
07-06-2004,4.4740544
08-06-2004,4.0493024
09-06-2004,3.6245504
10-06-2004,3.2847488
11-06-2004,6.1164288
12-06-2004,6.9092992
13-06-2004,5.3235584
14-06-2004,4.95544
15-06-2004,4.6439552
16-06-2004,27.3540288
17-06-2004,18.2077024
18-06-2004,10.9869184
19-06-2004,7.4473184
20-06-2004,5.5784096
21-06-2004,4.672272
22-06-2004,3.9926688
23-06-2004,3.3413824
24-06-2004,2.973264
25-06-2004,2.60231392
26-06-2004,2.37294784
27-06-2004,2.07845312
28-06-2004,1.8830672
29-06-2004,1.71033472
30-06-2004,1.53193888
01-07-2004,1.42433504
02-07-2004,1.3308896
03-07-2004,1.51778048
04-07-2004,3.3413824
05-07-2004,4.4740544
06-07-2004,6.0314784
07-07-2004,7.1641504
08-07-2004,6.1447456
09-07-2004,4.6156384
10-07-2004,3.4263328
11-07-2004,2.75805632
12-07-2004,2.406928
13-07-2004,3.1431648
14-07-2004,3.8794016
15-07-2004,3.7378176
16-07-2004,3.1714816
17-07-2004,2.75522464
18-07-2004,2.48055168
19-07-2004,2.17473024
20-07-2004,1.92837408
21-07-2004,1.7981168
22-07-2004,1.78679008
23-07-2004,2.0104928
24-07-2004,1.74714656
25-07-2004,1.557424
26-07-2004,1.37619648
27-07-2004,1.19780064
28-07-2004,1.1609888
29-07-2004,1.06471168
30-07-2004,0.99675136
31-07-2004,0.98259296
01-08-2004,0.91463264
02-08-2004,0.84384064
03-08-2004,1.8689088
04-08-2004,2.8599968
05-08-2004,4.7289056
06-08-2004,4.1625696
07-08-2004,2.9449472
08-08-2004,2.14075008
09-08-2004,1.70750304
10-08-2004,1.42433504
11-08-2004,1.38469152
12-08-2004,1.11285024
13-08-2004,0.98825632
14-08-2004,0.87498912
15-08-2004,0.87498912
16-08-2004,0.75889024
17-08-2004,0.71075168
18-08-2004,0.67110816
19-08-2004,0.59182112
20-08-2004,0.60031616
21-08-2004,0.60031616
22-08-2004,0.54651424
23-08-2004,0.8070288
24-08-2004,0.80136544
25-08-2004,0.68526656
26-08-2004,0.75605856
27-08-2004,0.76738528
28-08-2004,0.7362368
29-08-2004,0.74756352
30-08-2004,0.70508832
31-08-2004,1.49229536
01-09-2004,0.92595936
02-09-2004,0.75322688
03-09-2004,0.59748448
04-09-2004,0.55784096
05-09-2004,0.65694976
06-09-2004,0.73906848
07-09-2004,0.65694976
08-09-2004,0.62580128
09-09-2004,0.5521776
10-09-2004,0.48421728
11-09-2004,0.45873216
12-09-2004,0.44740544
13-09-2004,0.95427616
14-09-2004,1.0052464
15-09-2004,2.0812848
16-09-2004,1.132672
17-09-2004,0.74473184
18-09-2004,0.6796032
19-09-2004,0.6654448
20-09-2004,0.778712
21-09-2004,1.0194048
22-09-2004,1.4583152
23-09-2004,3.2281152
24-09-2004,4.3041536
25-09-2004,4.9837568
26-09-2004,4.1908864
27-09-2004,3.5962336
28-09-2004,3.114848
29-09-2004,2.6759376
30-09-2004,2.46639328
01-10-2004,2.09261152
02-10-2004,1.9255424
03-10-2004,1.86324544
04-10-2004,1.76413664
05-10-2004,1.6140576
06-10-2004,1.47530528
07-10-2004,1.34221632
08-10-2004,1.24310752
09-10-2004,1.10152352
10-10-2004,0.96560288
11-10-2004,0.91463264
12-10-2004,0.87215744
13-10-2004,0.7928704
14-10-2004,0.73057344
15-10-2004,0.71641504
16-10-2004,0.69942496
17-10-2004,0.6937616
18-10-2004,0.6937616
19-10-2004,0.68243488
20-10-2004,0.69659328
21-10-2004,0.69659328
22-10-2004,0.72774176
23-10-2004,0.81269216
24-10-2004,0.778712
25-10-2004,1.02789984
26-10-2004,0.8778208
27-10-2004,0.7645536
28-10-2004,0.73340512
29-10-2004,0.71358336
30-10-2004,0.70225664
31-10-2004,0.69092992
01-11-2004,0.8070288
02-11-2004,0.99958304
03-11-2004,0.94294944
04-11-2004,0.85233568
05-11-2004,0.79003872
06-11-2004,0.72774176
07-11-2004,0.69942496
08-11-2004,0.67110816
09-11-2004,0.67393984
10-11-2004,0.64562304
11-11-2004,0.61730624
12-11-2004,0.61447456
13-11-2004,0.57483104
14-11-2004,0.56067264
15-11-2004,0.637128
16-11-2004,0.69942496
17-11-2004,0.6796032
18-11-2004,0.66827648
19-11-2004,0.8636624
20-11-2004,0.73906848
21-11-2004,0.72774176
22-11-2004,0.71924672
23-11-2004,0.73340512
24-11-2004,0.71924672
25-11-2004,0.68243488
26-11-2004,0.71075168
27-11-2004,0.6512864
28-11-2004,0.566336
29-11-2004,0.5097024
30-11-2004,0.49271232
01-12-2004,0.49271232
02-12-2004,0.53235584
03-12-2004,0.4813856
04-12-2004,0.57199936
05-12-2004,0.50403904
06-12-2004,0.4813856
07-12-2004,0.5097024
08-12-2004,0.5380192
09-12-2004,0.59748448
10-12-2004,0.59748448
11-12-2004,0.54651424
12-12-2004,0.5521776
13-12-2004,0.4813856
14-12-2004,0.39077184
15-12-2004,0.40493024
16-12-2004,0.47289056
17-12-2004,0.53235584
18-12-2004,0.57199936
19-12-2004,0.3681184
20-12-2004,0.3681184
21-12-2004,0.3114848
22-12-2004,0.2265344
23-12-2004,0.1982176
24-12-2004,0.1982176
25-12-2004,0.1982176
26-12-2004,0.1982176
27-12-2004,0.1982176
28-12-2004,0.212376
29-12-2004,0.2265344
30-12-2004,0.2548512
31-12-2004,0.2548512
01-01-2005,0.2548512
02-01-2005,0.2265344
03-01-2005,0.19255424
04-01-2005,0.1699008
05-01-2005,0.1699008
06-01-2005,0.1699008
07-01-2005,0.1699008
08-01-2005,0.1699008
09-01-2005,0.16706912
10-01-2005,0.16423744
11-01-2005,0.141584
12-01-2005,0.1274256
13-01-2005,0.10760384
14-01-2005,0.09627712
15-01-2005,0.08778208
16-01-2005,0.0849504
17-01-2005,0.0849504
18-01-2005,0.0849504
19-01-2005,0.09344544
20-01-2005,0.0991088
21-01-2005,0.1132672
22-01-2005,0.1274256
23-01-2005,0.141584
24-01-2005,0.156591904
25-01-2005,0.217189856
26-01-2005,0.220304704
27-01-2005,0.19255424
28-01-2005,0.1840592
29-01-2005,0.17839584
30-01-2005,0.17839584
31-01-2005,0.1699008
01-02-2005,0.1840592
02-02-2005,0.1982176
03-02-2005,0.2265344
04-02-2005,0.2619304
05-02-2005,0.30582144
06-02-2005,0.278637312
07-02-2005,0.1982176
08-02-2005,0.1840592
09-02-2005,0.1840592
10-02-2005,0.1840592
11-02-2005,0.212376
12-02-2005,0.2406928
13-02-2005,0.849504
14-02-2005,1.132672
15-02-2005,0.849504
16-02-2005,0.70792
17-02-2005,0.566336
18-02-2005,0.5380192
19-02-2005,0.5097024
20-02-2005,0.4813856
21-02-2005,0.3964352
22-02-2005,0.3681184
23-02-2005,0.3681184
24-02-2005,0.3398016
25-02-2005,0.3114848
26-02-2005,0.3398016
27-02-2005,0.3398016
28-02-2005,0.2548512
01-03-2005,0.2548512
02-03-2005,0.283168
03-03-2005,0.3114848
04-03-2005,0.3398016
05-03-2005,0.3681184
06-03-2005,0.46439552
07-03-2005,0.566336
08-03-2005,0.6229696
09-03-2005,0.53518752
10-03-2005,0.53235584
11-03-2005,0.4530688
12-03-2005,0.3964352
13-03-2005,0.3114848
14-03-2005,0.3114848
15-03-2005,0.3964352
16-03-2005,0.3964352
17-03-2005,0.3964352
18-03-2005,0.3398016
19-03-2005,0.3398016
20-03-2005,0.283168
21-03-2005,0.2548512
22-03-2005,0.2548512
23-03-2005,0.3964352
24-03-2005,0.566336
25-03-2005,0.849504
26-03-2005,1.132672
27-03-2005,1.699008
28-03-2005,2.3502944
29-03-2005,2.37294784
30-03-2005,2.69292768
31-03-2005,2.973264
01-04-2005,2.973264
02-04-2005,2.5768288
03-04-2005,2.16906688
04-04-2005,1.8689088
05-04-2005,1.74714656
06-04-2005,1.63671104
07-04-2005,1.53477056
08-04-2005,1.4724736
09-04-2005,1.42716672
10-04-2005,1.9680176
11-04-2005,4.2758368
12-04-2005,5.5500928
13-04-2005,5.66336
14-04-2005,4.813856
15-04-2005,4.3324704
16-04-2005,5.1819744
17-04-2005,5.8615776
18-04-2005,5.0403904
19-04-2005,4.3041536
20-04-2005,3.5396
21-04-2005,3.2847488
22-04-2005,4.3607872
23-04-2005,4.1625696
24-04-2005,3.5396
25-04-2005,2.9449472
26-04-2005,2.47772
27-04-2005,2.10676992
28-04-2005,1.85758208
29-04-2005,1.66502784
30-04-2005,1.5291072
01-05-2005,1.4016816
02-05-2005,1.30540448
03-05-2005,1.24877088
04-05-2005,1.20912736
05-05-2005,1.1609888
06-05-2005,1.16948384
07-05-2005,1.32522624
08-05-2005,1.49512704
09-05-2005,1.54043392
10-05-2005,1.50928544
11-05-2005,1.82077024
12-05-2005,4.8704896
13-05-2005,6.5978144
14-05-2005,6.1447456
15-05-2005,4.9837568
16-05-2005,4.2758368
17-05-2005,3.7095008
18-05-2005,3.822768
19-05-2005,3.5679168
20-05-2005,3.0865312
21-05-2005,2.59948224
22-05-2005,2.22853216
23-05-2005,1.88873056
24-05-2005,1.69334464
25-05-2005,1.9538592
26-05-2005,2.29649248
27-05-2005,2.9166304
28-05-2005,2.760888
29-05-2005,2.4210864
30-05-2005,1.95669088
31-05-2005,1.97084928
01-06-2005,2.17473024
02-06-2005,2.33330432
03-06-2005,3.256432
04-06-2005,8.5233568
05-06-2005,15.4892896
06-06-2005,14.3849344
07-06-2005,11.6665216
08-06-2005,10.9302848
09-06-2005,11.2417696
10-06-2005,10.335632
11-06-2005,11.1285024
12-06-2005,11.3550368
13-06-2005,10.9302848
14-06-2005,9.8542464
15-06-2005,9.0896928
16-06-2005,8.1269216
17-06-2005,7.0792
18-06-2005,6.1730624
19-06-2005,5.4651424
20-06-2005,4.8421728
21-06-2005,4.7005888
22-06-2005,4.6156384
23-06-2005,4.3041536
24-06-2005,4.0209856
25-06-2005,3.7095008
26-06-2005,3.681184
27-06-2005,3.7378176
28-06-2005,3.7095008
29-06-2005,3.6245504
30-06-2005,3.4546496
01-07-2005,3.1431648
02-07-2005,2.8599968
03-07-2005,2.67876928
04-07-2005,2.42674976
05-07-2005,2.23419552
06-07-2005,2.07845312
07-07-2005,2.13508672
08-07-2005,2.40126464
09-07-2005,2.1662352
10-07-2005,2.01615616
11-07-2005,1.86041376
12-07-2005,1.75280992
13-07-2005,1.6565328
14-07-2005,1.62538432
15-07-2005,1.59706752
16-07-2005,1.47813696
17-07-2005,1.36770144
18-07-2005,1.29690944
19-07-2005,1.19780064
20-07-2005,1.46114688
21-07-2005,1.1893056
22-07-2005,1.26292928
23-07-2005,1.21195904
24-07-2005,1.41300832
25-07-2005,2.65045248
26-07-2005,1.32805792
27-07-2005,1.840592
28-07-2005,2.01332448
29-07-2005,2.18605696
30-07-2005,1.63671104
31-07-2005,1.49795872
01-08-2005,1.35637472
02-08-2005,1.22328576
03-08-2005,1.15532544
04-08-2005,1.21195904
05-08-2005,1.11568192
06-08-2005,0.97976128
07-08-2005,0.92595936
08-08-2005,0.89481088
09-08-2005,0.88631584
10-08-2005,0.80136544
11-08-2005,1.46114688
12-08-2005,1.01657312
13-08-2005,1.00807808
14-08-2005,0.87215744
15-08-2005,0.78154368
16-08-2005,0.71358336
17-08-2005,0.68809824
18-08-2005,1.0760384
19-08-2005,0.91180096
20-08-2005,0.77588032
21-08-2005,0.62580128
22-08-2005,0.5380192
23-08-2005,0.4813856
24-08-2005,0.44740544
25-08-2005,0.43324704
26-08-2005,0.48988064
27-08-2005,0.56350432
28-08-2005,0.37095008
29-08-2005,0.3398016
30-08-2005,0.3398016
31-08-2005,0.3398016
01-09-2005,0.283168
02-09-2005,0.25768288
03-09-2005,0.226817568
04-09-2005,0.198500768
05-09-2005,0.28599968
06-09-2005,0.33130656
07-09-2005,0.47289056
08-09-2005,3.3130656
09-09-2005,3.964352
10-09-2005,3.681184
11-09-2005,3.0015808
12-09-2005,2.8599968
13-09-2005,2.46072992
14-09-2005,2.65611584
15-09-2005,2.5060368
16-09-2005,2.13225504
17-09-2005,1.8547504
18-09-2005,1.60839424
19-09-2005,1.43566176
20-09-2005,1.32522624
21-09-2005,1.33938464
22-09-2005,1.30823616
23-09-2005,1.274256
24-09-2005,1.8122752
25-09-2005,2.5768288
26-09-2005,5.4085088
27-09-2005,10.0807808
28-09-2005,9.91088
29-09-2005,8.8631584
30-09-2005,7.1924672
01-10-2005,5.3518752
02-10-2005,4.4740544
03-10-2005,4.1625696
04-10-2005,4.9271232
05-10-2005,3.9077184
06-10-2005,3.964352
07-10-2005,4.2758368
08-10-2005,4.2192032
09-10-2005,3.9360352
10-10-2005,3.681184
11-10-2005,3.4829664
12-10-2005,3.2847488
13-10-2005,3.1431648
14-10-2005,2.973264
15-10-2005,2.83168
16-10-2005,2.7325712
17-10-2005,2.62496736
18-10-2005,2.49754176
19-10-2005,2.39560128
20-10-2005,2.29649248
21-10-2005,2.20021536
22-10-2005,2.16057184
23-10-2005,2.194552
24-10-2005,2.1096016
25-10-2005,1.99350272
26-10-2005,1.90288896
27-10-2005,1.79245344
28-10-2005,1.72166144
29-10-2005,1.69617632
30-10-2005,1.69051296
31-10-2005,1.63671104
01-11-2005,1.5857408
02-11-2005,1.60556256
03-11-2005,1.6423744
04-11-2005,1.5998992
05-11-2005,1.57724576
06-11-2005,1.46397856
07-11-2005,1.45548352
08-11-2005,1.43849344
09-11-2005,1.3875232
10-11-2005,1.3308896
11-11-2005,1.33938464
12-11-2005,1.48096864
13-11-2005,1.43849344
14-11-2005,1.38469152
15-11-2005,1.6423744
16-11-2005,0.920296
17-11-2005,1.25443424
18-11-2005,1.42433504
19-11-2005,1.67352288
20-11-2005,1.7981168
21-11-2005,1.72166144
22-11-2005,1.7698
23-11-2005,1.70467136
24-11-2005,1.63387936
25-11-2005,1.02789984
26-11-2005,1.20912736
27-11-2005,1.82926528
28-11-2005,3.1714816
29-11-2005,0.84667232
30-11-2005,0.991088
01-12-2005,1.0760384
02-12-2005,1.132672
03-12-2005,1.41584
04-12-2005,1.699008
05-12-2005,1.699008
06-12-2005,1.699008
07-12-2005,1.699008
08-12-2005,1.699008
09-12-2005,1.840592
10-12-2005,1.982176
11-12-2005,2.548512
12-12-2005,2.548512
13-12-2005,2.690096
14-12-2005,2.83168
15-12-2005,2.690096
16-12-2005,2.548512
17-12-2005,2.265344
18-12-2005,2.265344
19-12-2005,2.12376
20-12-2005,1.699008
21-12-2005,1.699008
22-12-2005,1.840592
23-12-2005,1.840592
24-12-2005,1.9255424
25-12-2005,1.982176
26-12-2005,1.982176
27-12-2005,2.12376
28-12-2005,2.265344
29-12-2005,2.548512
30-12-2005,2.690096
31-12-2005,2.83168
01-01-2006,2.973264
02-01-2006,3.114848
03-01-2006,3.398016
04-01-2006,3.5112832
05-01-2006,3.5396
06-01-2006,3.5112832
07-01-2006,3.398016
08-01-2006,3.3413824
09-01-2006,3.256432
10-01-2006,3.256432
11-01-2006,3.114848
12-01-2006,3.0582144
13-01-2006,3.0015808
14-01-2006,2.9449472
15-01-2006,2.8883136
16-01-2006,2.83168
17-01-2006,2.83168
18-01-2006,2.83168
19-01-2006,2.548512
20-01-2006,2.548512
21-01-2006,2.548512
22-01-2006,2.548512
23-01-2006,2.548512
24-01-2006,2.406928
25-01-2006,2.406928
26-01-2006,2.548512
27-01-2006,3.114848
28-01-2006,4.24752
29-01-2006,5.380192
30-01-2006,4.530688
31-01-2006,3.681184
01-02-2006,4.530688
02-02-2006,4.813856
03-02-2006,4.95544
04-02-2006,4.672272
05-02-2006,3.964352
06-02-2006,3.256432
07-02-2006,2.83168
08-02-2006,2.265344
09-02-2006,2.265344
10-02-2006,1.699008
11-02-2006,1.699008
12-02-2006,1.699008
13-02-2006,1.982176
14-02-2006,1.982176
15-02-2006,1.699008
16-02-2006,1.41584
17-02-2006,1.132672
18-02-2006,1.41584
19-02-2006,1.557424
20-02-2006,1.41584
21-02-2006,1.3025728
22-02-2006,1.274256
23-02-2006,1.274256
24-02-2006,1.274256
25-02-2006,1.274256
26-02-2006,1.274256
27-02-2006,1.274256
28-02-2006,1.41584
01-03-2006,1.699008
02-03-2006,1.982176
03-03-2006,2.44373984
04-03-2006,2.5060368
05-03-2006,2.9166304
06-03-2006,2.9449472
07-03-2006,2.8599968
08-03-2006,2.8599968
09-03-2006,2.973264
10-03-2006,2.9449472
11-03-2006,3.0298976
12-03-2006,2.83168
13-03-2006,2.265344
14-03-2006,1.274256
15-03-2006,1.3592064
16-03-2006,1.41584
17-03-2006,1.557424
18-03-2006,1.699008
19-03-2006,1.840592
20-03-2006,1.982176
21-03-2006,2.12376
22-03-2006,2.265344
23-03-2006,2.548512
24-03-2006,2.83168
25-03-2006,3.0582144
26-03-2006,3.0582144
27-03-2006,4.4457376
28-03-2006,6.3429632
29-03-2006,6.7110816
30-03-2006,7.9003872
31-03-2006,18.0378016
01-04-2006,20.9261152
02-04-2006,20.8977984
03-04-2006,20.7845312
04-04-2006,19.0005728
05-04-2006,17.2166144
06-04-2006,15.9423584
07-04-2006,112.134528
08-04-2006,80.419712
09-04-2006,32.56432
10-04-2006,22.8799744
11-04-2006,18.7457216
12-04-2006,16.6785952
13-04-2006,15.5176064
14-04-2006,14.0451328
15-04-2006,12.9974112
16-04-2006,12.8558272
17-04-2006,12.6576096
18-04-2006,11.8081056
19-04-2006,11.0152352
20-04-2006,10.5621664
21-04-2006,10.5621664
22-04-2006,10.335632
23-04-2006,9.6843456
24-04-2006,9.061376
25-04-2006,9.0047424
26-04-2006,8.778208
27-04-2006,8.2968224
28-04-2006,8.3251392
29-04-2006,8.7498912
30-04-2006,10.8170176
01-05-2006,13.167312
02-05-2006,13.1956288
03-05-2006,12.176224
04-05-2006,11.0718688
05-05-2006,10.2789984
06-05-2006,9.5710784
07-05-2006,8.9764256
08-05-2006,8.2968224
09-05-2006,7.5605856
10-05-2006,6.9659328
11-05-2006,6.4845472
12-05-2006,6.229696
13-05-2006,5.8615776
14-05-2006,5.521776
15-05-2006,5.238608
16-05-2006,5.0120736
17-05-2006,4.7855392
18-05-2006,4.4174208
19-05-2006,4.1342528
20-05-2006,3.7944512
21-05-2006,3.5679168
22-05-2006,3.4263328
23-05-2006,3.3696992
24-05-2006,3.9077184
25-05-2006,4.105936
26-05-2006,4.0493024
27-05-2006,3.7661344
28-05-2006,3.4263328
29-05-2006,3.0298976
30-05-2006,2.8599968
31-05-2006,2.6617792
01-06-2006,2.55700704
02-06-2006,2.45223488
03-06-2006,2.3219776
04-06-2006,2.29932416
05-06-2006,2.20304704
06-06-2006,2.1096016
07-06-2006,1.97651264
08-06-2006,1.91421568
09-06-2006,1.80094848
10-06-2006,1.67635456
11-06-2006,1.62255264
12-06-2006,1.60556256
13-06-2006,1.56025568
14-06-2006,1.59706752
15-06-2006,1.50928544
16-06-2006,1.74431488
17-06-2006,2.32764096
18-06-2006,1.87740384
19-06-2006,1.84625536
20-06-2006,1.99067104
21-06-2006,1.80944352
22-06-2006,1.73865152
23-06-2006,1.62538432
24-06-2006,1.78112672
25-06-2006,1.51211712
26-06-2006,1.3875232
27-06-2006,1.24310752
28-06-2006,1.11001856
29-06-2006,1.02223648
30-06-2006,1.06754336
01-07-2006,0.90330592
02-07-2006,0.91746432
03-07-2006,0.97126624
04-07-2006,0.93162272
05-07-2006,0.90047424
06-07-2006,0.81835552
07-07-2006,0.74190016
08-07-2006,0.69942496
09-07-2006,0.6937616
10-07-2006,0.62863296
11-07-2006,0.58615776
12-07-2006,0.56067264
13-07-2006,0.51253408
14-07-2006,0.47289056
15-07-2006,0.40776192
16-07-2006,0.3681184
17-07-2006,0.33130656
18-07-2006,0.2973264
19-07-2006,0.274106624
20-07-2006,0.25909872
21-07-2006,0.245506656
22-07-2006,0.238144288
23-07-2006,0.220021536
24-07-2006,0.206995808
25-07-2006,0.2690096
26-07-2006,0.249754176
27-07-2006,0.246639328
28-07-2006,0.21520768
29-07-2006,0.1840592
30-07-2006,0.16565328
31-07-2006,0.141584
01-08-2006,0.60597952
02-08-2006,1.76413664
03-08-2006,3.3696992
04-08-2006,1.74714656
05-08-2006,2.8599968
06-08-2006,4.6156384
07-08-2006,3.8510848
08-08-2006,3.2281152
09-08-2006,2.65045248
10-08-2006,2.01615616
11-08-2006,1.8264336
12-08-2006,1.53477056
13-08-2006,1.31106784
14-08-2006,2.01332448
15-08-2006,2.11526496
16-08-2006,1.90288896
17-08-2006,1.61972096
18-08-2006,1.51211712
19-08-2006,1.274256
20-08-2006,1.132672
21-08-2006,1.05904832
22-08-2006,0.90047424
23-08-2006,0.8211872
24-08-2006,0.71924672
25-08-2006,0.66827648
26-08-2006,0.58615776
27-08-2006,0.52102912
28-08-2006,0.5238608
29-08-2006,0.47005888
30-08-2006,0.42192032
31-08-2006,0.39360352
01-09-2006,0.495544
02-09-2006,0.91463264
03-09-2006,1.62255264
04-09-2006,1.911384
05-09-2006,1.8547504
06-09-2006,1.55459232
07-09-2006,1.27991936
08-09-2006,1.09869184
09-09-2006,0.99958304
10-09-2006,0.991088
11-09-2006,0.93162272
12-09-2006,0.89481088
13-09-2006,0.83817728
14-09-2006,0.80986048
15-09-2006,0.9344544
16-09-2006,1.80378016
17-09-2006,1.12134528
18-09-2006,0.9769296
19-09-2006,0.92879104
20-09-2006,0.93728608
21-09-2006,1.88023552
22-09-2006,2.4918784
23-09-2006,2.68443264
24-09-2006,2.9166304
25-09-2006,2.8599968
26-09-2006,2.64478912
27-09-2006,2.42391808
28-09-2006,2.25401728
29-09-2006,2.1520768
30-09-2006,2.08694816
01-10-2006,1.9963344
02-10-2006,1.85191872
03-10-2006,1.73581984
04-10-2006,1.62538432
05-10-2006,1.50928544
06-10-2006,1.41300832
07-10-2006,1.35071136
08-10-2006,1.32522624
09-10-2006,1.21195904
10-10-2006,1.12984032
11-10-2006,1.11568192
12-10-2006,1.0760384
13-10-2006,1.02789984
14-10-2006,0.991088
15-10-2006,0.9769296
16-10-2006,0.98825632
17-10-2006,0.95993952
18-10-2006,0.9627712
19-10-2006,0.95993952
20-10-2006,1.06754336
21-10-2006,0.94578112
22-10-2006,0.85516736
23-10-2006,0.83251392
24-10-2006,0.82968224
25-10-2006,0.80986048
26-10-2006,0.82401888
27-10-2006,0.8211872
28-10-2006,0.7645536
29-10-2006,0.73340512
30-10-2006,0.73340512
31-10-2006,0.68526656
01-11-2006,0.566336
02-11-2006,0.5380192
03-11-2006,0.5380192
04-11-2006,0.70792
05-11-2006,0.74756352
06-11-2006,0.66261312
07-11-2006,0.66261312
08-11-2006,0.67110816
09-11-2006,0.67677152
10-11-2006,0.6512864
11-11-2006,0.58615776
12-11-2006,0.57483104
13-11-2006,0.56350432
14-11-2006,0.56916768
15-11-2006,0.6937616
16-11-2006,0.84100896
17-11-2006,0.84100896
18-11-2006,0.6937616
19-11-2006,0.6937616
20-11-2006,0.6937616
21-11-2006,0.85516736
22-11-2006,0.85516736
23-11-2006,0.97976128
24-11-2006,0.991088
25-11-2006,0.991088
26-11-2006,0.991088
27-11-2006,1.00241472
28-11-2006,1.557424
29-11-2006,0.70225664
30-11-2006,1.00241472
01-12-2006,1.00241472
02-12-2006,0.85516736
03-12-2006,0.85516736
04-12-2006,0.849504
05-12-2006,0.849504
06-12-2006,0.849504
07-12-2006,0.70792
08-12-2006,0.70792
09-12-2006,0.70792
10-12-2006,0.566336
11-12-2006,0.566336
12-12-2006,0.5097024
13-12-2006,0.566336
14-12-2006,0.566336
15-12-2006,0.566336
16-12-2006,0.566336
17-12-2006,0.424752
18-12-2006,0.424752
19-12-2006,0.424752
20-12-2006,0.566336
21-12-2006,1.982176
22-12-2006,1.274256
23-12-2006,1.1185136
24-12-2006,0.98542464
25-12-2006,0.97976128
26-12-2006,0.85516736
27-12-2006,0.71358336
28-12-2006,0.849504
29-12-2006,1.12984032
30-12-2006,2.83168
31-12-2006,16.99008
01-01-2007,5.66336
02-01-2007,5.380192
03-01-2007,3.964352
04-01-2007,2.39560128
05-01-2007,2.11809664
06-01-2007,1.84342368
07-01-2007,1.840592
08-01-2007,1.840592
09-01-2007,1.56875072
10-01-2007,1.84342368
11-01-2007,1.6848496
12-01-2007,1.12417696
13-01-2007,0.84384064
14-01-2007,0.84384064
15-01-2007,0.84384064
16-01-2007,0.71924672
17-01-2007,0.85516736
18-01-2007,0.85516736
19-01-2007,0.71075168
20-01-2007,0.71075168
21-01-2007,0.69942496
22-01-2007,0.69942496
23-01-2007,0.566336
24-01-2007,0.566336
25-01-2007,0.566336
26-01-2007,0.566336
27-01-2007,0.43607872
28-01-2007,0.43607872
29-01-2007,0.43607872
30-01-2007,0.43041536
31-01-2007,0.41908864
01-02-2007,0.424752
02-02-2007,0.283168
03-02-2007,0.282318496
04-02-2007,0.282318496
05-02-2007,0.282318496
06-02-2007,0.28599968
07-02-2007,0.29166304
08-02-2007,0.28599968
09-02-2007,0.28599968
10-02-2007,0.28599968
11-02-2007,0.28599968
12-02-2007,0.28033632
13-02-2007,0.280902656
14-02-2007,0.255983872
15-02-2007,0.227100736
16-02-2007,0.212376
17-02-2007,0.227100736
18-02-2007,0.25626704
19-02-2007,0.424752
20-02-2007,0.71075168
21-02-2007,1.41584
22-02-2007,5.66336
23-02-2007,15.57424
24-02-2007,14.1584
25-02-2007,5.66336
26-02-2007,3.964352
27-02-2007,2.548512
28-02-2007,2.27667072
01-03-2007,1.97934432
02-03-2007,1.69617632
03-03-2007,1.5432656
04-03-2007,1.41300832
05-03-2007,1.2600976
06-03-2007,1.13550368
07-03-2007,1.274256
08-03-2007,1.41584
09-03-2007,5.66336
10-03-2007,19.82176
11-03-2007,56.6336
12-03-2007,62.29696
13-03-2007,47.855392
14-03-2007,34.829664
15-03-2007,26.8160096
16-03-2007,22.4552224
17-03-2007,19.255424
18-03-2007,16.99008
19-03-2007,15.1211712
20-03-2007,13.308896
21-03-2007,11.8081056
22-03-2007,10.9302848
23-03-2007,10.5904832
24-03-2007,11.1001856
25-03-2007,13.308896
26-03-2007,14.6681024
27-03-2007,14.016816
28-03-2007,13.5354304
29-03-2007,13.733648
30-03-2007,15.715824
31-03-2007,23.5312608
01-04-2007,65.694976
02-04-2007,46.156384
03-04-2007,31.714816
04-04-2007,24.06928
05-04-2007,22.65344
06-04-2007,21.2376
07-04-2007,19.255424
08-04-2007,18.40592
09-04-2007,18.40592
10-04-2007,18.0094848
11-04-2007,17.9245344
12-04-2007,17.6130496
13-04-2007,18.0944352
14-04-2007,20.9261152
15-04-2007,22.9932416
16-04-2007,21.0393824
17-04-2007,18.8023552
18-04-2007,16.7635456
19-04-2007,15.4043392
20-04-2007,14.4982016
21-04-2007,13.6203808
22-04-2007,15.149488
23-04-2007,16.5086944
24-04-2007,17.981168
25-04-2007,16.5086944
26-04-2007,20.4447296
27-04-2007,22.3136384
28-04-2007,20.104928
29-04-2007,17.9245344
30-04-2007,16.140576
01-05-2007,14.6397856
02-05-2007,13.308896
03-05-2007,12.2045408
04-05-2007,13.5637472
05-05-2007,16.3671104
06-05-2007,18.1510688
07-05-2007,19.5102752
08-05-2007,16.9051296
09-05-2007,15.4043392
10-05-2007,15.6025568
11-05-2007,16.99008
12-05-2007,16.28216
13-05-2007,15.0362208
14-05-2007,13.875232
15-05-2007,13.0540448
16-05-2007,12.2611744
17-05-2007,11.3833536
18-05-2007,10.4488992
19-05-2007,9.7126624
20-05-2007,9.0896928
21-05-2007,8.778208
22-05-2007,7.8720704
23-05-2007,7.928704
24-05-2007,7.5605856
25-05-2007,7.1924672
26-05-2007,6.5978144
27-05-2007,6.1730624
28-05-2007,5.8615776
29-05-2007,5.4368256
30-05-2007,5.3518752
31-05-2007,5.238608
01-06-2007,5.2952416
02-06-2007,7.1924672
03-06-2007,9.7409792
04-06-2007,9.9958304
05-06-2007,9.4011776
06-06-2007,8.2401888
07-06-2007,7.3057344
08-06-2007,6.3429632
09-06-2007,5.4934592
10-06-2007,4.8988064
11-06-2007,4.530688
12-06-2007,4.1908864
13-06-2007,4.2192032
14-06-2007,5.1819744
15-06-2007,4.8988064
16-06-2007,4.813856
17-06-2007,5.3235584
18-06-2007,8.1835552
19-06-2007,7.7588032
20-06-2007,5.7766272
21-06-2007,4.3607872
22-06-2007,8.070288
23-06-2007,12.0912736
24-06-2007,9.5993952
25-06-2007,6.5694976
26-06-2007,4.3324704
27-06-2007,3.4546496
28-06-2007,2.9449472
29-06-2007,2.67876928
30-06-2007,2.42674976
01-07-2007,2.17756192
02-07-2007,2.04730464
03-07-2007,1.98500768
04-07-2007,1.83776032
05-07-2007,1.6565328
06-07-2007,1.53193888
07-07-2007,1.43566176
08-07-2007,1.31389952
09-07-2007,1.24027584
10-07-2007,1.12134528
11-07-2007,1.05338496
12-07-2007,1.01090976
13-07-2007,0.9486128
14-07-2007,0.88348416
15-07-2007,0.83251392
16-07-2007,0.7928704
17-07-2007,0.778712
18-07-2007,0.85233568
19-07-2007,0.88348416
20-07-2007,0.9486128
21-07-2007,0.83817728
22-07-2007,0.82685056
23-07-2007,0.81552384
24-07-2007,0.71924672
25-07-2007,0.6796032
26-07-2007,0.63429632
27-07-2007,0.57199936
28-07-2007,0.52669248
29-07-2007,0.51253408
30-07-2007,0.47572224
31-07-2007,0.44740544
01-08-2007,0.5238608
02-08-2007,0.58615776
03-08-2007,0.58615776
04-08-2007,3.0015808
05-08-2007,2.48621504
06-08-2007,2.49471008
07-08-2007,1.78112672
08-08-2007,1.24310752
09-08-2007,1.11001856
10-08-2007,0.9486128
11-08-2007,0.83817728
12-08-2007,0.77021696
13-08-2007,0.70225664
14-08-2007,0.63146464
15-08-2007,0.82968224
16-08-2007,0.68809824
17-08-2007,0.73057344
18-08-2007,2.14075008
19-08-2007,1.90572064
20-08-2007,2.28516576
21-08-2007,2.55417536
22-08-2007,2.8599968
23-08-2007,3.1714816
24-08-2007,3.7944512
25-08-2007,3.9926688
26-08-2007,3.5396
27-08-2007,2.74106624
28-08-2007,2.3927696
29-08-2007,2.11526496
30-08-2007,1.91421568
31-08-2007,1.74431488
01-09-2007,1.53477056
02-09-2007,1.45265184
03-09-2007,1.25160256
04-09-2007,1.10718688
05-09-2007,1.01090976
06-09-2007,1.05338496
07-09-2007,0.9769296
08-09-2007,1.10718688
09-09-2007,1.28275104
10-09-2007,1.38469152
11-09-2007,1.14966208
12-09-2007,1.07037504
13-09-2007,0.991088
14-09-2007,0.9061376
15-09-2007,0.81835552
16-09-2007,0.7645536
17-09-2007,0.77021696
18-09-2007,0.849504
19-09-2007,1.2176224
20-09-2007,1.345048
21-09-2007,1.11285024
22-09-2007,0.9344544
23-09-2007,0.85233568
24-09-2007,0.86083072
25-09-2007,0.78720704
26-09-2007,0.71641504
27-09-2007,0.66827648
28-09-2007,0.6229696
29-09-2007,0.8211872
30-09-2007,0.84667232
01-10-2007,0.78720704
02-10-2007,0.72774176
03-10-2007,0.71924672
04-10-2007,0.72774176
05-10-2007,0.78720704
06-10-2007,1.29974112
07-10-2007,1.74431488
08-10-2007,3.9077184
09-10-2007,3.7378176
10-10-2007,3.6245504
11-10-2007,3.3130656
12-10-2007,2.7042544
13-10-2007,2.44090816
14-10-2007,3.0865312
15-10-2007,6.5694976
16-10-2007,13.3372128
17-10-2007,18.1793856
18-10-2007,19.1704736
19-10-2007,17.9245344
20-10-2007,15.9423584
21-10-2007,13.592064
22-10-2007,10.9302848
23-10-2007,9.0047424
24-10-2007,7.5889024
25-10-2007,6.5978144
26-10-2007,5.804944
27-10-2007,5.0687072
28-10-2007,4.6156384
29-10-2007,4.3607872
30-10-2007,4.1908864
31-10-2007,3.964352
01-11-2007,3.7095008
02-11-2007,3.5112832
03-11-2007,3.3696992
04-11-2007,3.256432
05-11-2007,3.1714816
06-11-2007,3.0015808
07-11-2007,2.9449472
08-11-2007,2.973264
09-11-2007,2.9449472
10-11-2007,2.8883136
11-11-2007,2.8883136
12-11-2007,2.8599968
13-11-2007,2.74106624
14-11-2007,2.6476208
15-11-2007,2.50037344
16-11-2007,2.44657152
17-11-2007,2.41825472
18-11-2007,2.40975968
19-11-2007,2.41542304
20-11-2007,2.3644528
21-11-2007,2.27100736
22-11-2007,1.79245344
23-11-2007,1.557424
24-11-2007,1.699008
25-11-2007,1.840592
26-11-2007,1.699008
27-11-2007,1.274256
28-11-2007,1.274256
29-11-2007,1.274256
30-11-2007,1.132672
01-12-2007,1.274256
02-12-2007,1.274256
03-12-2007,1.274256
04-12-2007,1.41584
05-12-2007,1.274256
06-12-2007,1.2176224
07-12-2007,1.132672
08-12-2007,1.0760384
09-12-2007,1.1043552
10-12-2007,1.2176224
11-12-2007,1.1893056
12-12-2007,1.0477216
13-12-2007,1.0477216
14-12-2007,0.9627712
15-12-2007,0.9344544
16-12-2007,0.849504
17-12-2007,0.9061376
18-12-2007,0.9344544
19-12-2007,0.9627712
20-12-2007,1.0194048
21-12-2007,1.0760384
22-12-2007,0.9627712
23-12-2007,0.849504
24-12-2007,0.8211872
25-12-2007,0.849504
26-12-2007,0.9061376
27-12-2007,0.9344544
28-12-2007,0.9344544
29-12-2007,0.849504
30-12-2007,0.7928704
31-12-2007,0.70792
01-01-2008,0.6229696
02-01-2008,0.566336
03-01-2008,0.6229696
04-01-2008,0.6512864
05-01-2008,0.6796032
06-01-2008,0.70792
07-01-2008,0.7645536
08-01-2008,0.7928704
09-01-2008,0.7645536
10-01-2008,0.7362368
11-01-2008,0.70792
12-01-2008,0.70792
13-01-2008,0.6796032
14-01-2008,0.6229696
15-01-2008,0.566336
16-01-2008,0.5946528
17-01-2008,0.566336
18-01-2008,0.5380192
19-01-2008,0.5097024
20-01-2008,0.4813856
21-01-2008,0.4813856
22-01-2008,0.4530688
23-01-2008,0.3964352
24-01-2008,0.3398016
25-01-2008,0.3681184
26-01-2008,0.3964352
27-01-2008,0.4530688
28-01-2008,0.5097024
29-01-2008,0.4813856
30-01-2008,0.3964352
31-01-2008,0.283168
01-02-2008,0.3114848
02-02-2008,0.3398016
03-02-2008,0.3398016
04-02-2008,0.3964352
05-02-2008,0.3681184
06-02-2008,0.3398016
07-02-2008,0.3681184
08-02-2008,0.3681184
09-02-2008,0.3681184
10-02-2008,0.283168
11-02-2008,0.2548512
12-02-2008,0.2265344
13-02-2008,0.2548512
14-02-2008,0.2548512
15-02-2008,0.2265344
16-02-2008,0.2265344
17-02-2008,0.2548512
18-02-2008,0.2265344
19-02-2008,0.1982176
20-02-2008,0.1699008
21-02-2008,0.1840592
22-02-2008,0.1982176
23-02-2008,0.2265344
24-02-2008,0.2548512
25-02-2008,0.283168
26-02-2008,0.3398016
27-02-2008,0.3681184
28-02-2008,0.3681184
29-02-2008,0.424752
01-03-2008,0.4813856
02-03-2008,0.4813856
03-03-2008,0.5097024
04-03-2008,0.5097024
05-03-2008,0.5380192
06-03-2008,0.5097024
07-03-2008,0.4813856
08-03-2008,0.4530688
09-03-2008,0.424752
10-03-2008,0.4530688
11-03-2008,0.566336
12-03-2008,0.849504
13-03-2008,2.83168
14-03-2008,14.1584
15-03-2008,11.32672
16-03-2008,8.49504
17-03-2008,7.6738528
18-03-2008,6.3429632
19-03-2008,9.6560288
20-03-2008,12.8275104
21-03-2008,12.74256
22-03-2008,10.2789984
23-03-2008,6.9659328
24-03-2008,5.6350432
25-03-2008,6.1730624
26-03-2008,6.0031616
27-03-2008,5.5784096
28-03-2008,5.097024
29-03-2008,5.0687072
30-03-2008,5.1253408
31-03-2008,5.2952416
01-04-2008,5.097024
02-04-2008,5.1819744
03-04-2008,6.2863296
04-04-2008,7.0792
05-04-2008,7.3340512
06-04-2008,7.1641504
07-04-2008,6.937616
08-04-2008,6.4845472
09-04-2008,6.0314784
10-04-2008,5.946528
11-04-2008,6.229696
12-04-2008,7.0508832
13-04-2008,8.1552384
14-04-2008,10.335632
15-04-2008,12.5443424
16-04-2008,13.592064
17-04-2008,12.7991936
18-04-2008,10.7320672
19-04-2008,9.3728608
20-04-2008,8.6649408
21-04-2008,7.9570208
22-04-2008,7.2774176
23-04-2008,6.5411808
24-04-2008,7.8437536
25-04-2008,16.2538432
26-04-2008,19.4819584
27-04-2008,26.3912576
28-04-2008,24.6922496
29-04-2008,20.8977984
30-04-2008,17.1882976
01-05-2008,15.007904
02-05-2008,14.3283008
03-05-2008,15.4892896
04-05-2008,14.0734496
05-05-2008,12.2045408
06-05-2008,10.7037504
07-05-2008,10.1090976
08-05-2008,9.2879104
09-05-2008,9.0330592
10-05-2008,10.7037504
11-05-2008,18.4625536
12-05-2008,18.689088
13-05-2008,15.9706752
14-05-2008,13.733648
15-05-2008,12.0912736
16-05-2008,10.9302848
17-05-2008,9.6843456
18-05-2008,8.2685056
19-05-2008,7.1358336
20-05-2008,6.3429632
21-05-2008,5.8898944
22-05-2008,5.521776
23-05-2008,5.7199936
24-05-2008,6.0031616
25-05-2008,6.4279136
26-05-2008,6.0314784
27-05-2008,5.380192
28-05-2008,5.1536576
29-05-2008,6.1164288
30-05-2008,7.7021696
31-05-2008,8.1552384
01-06-2008,7.1641504
02-06-2008,5.8615776
03-06-2008,13.9318656
04-06-2008,17.3298816
05-06-2008,16.0556256
06-06-2008,26.476208
07-06-2008,24.0975968
08-06-2008,19.3120576
09-06-2008,15.8007744
10-06-2008,12.2045408
11-06-2008,10.6188
12-06-2008,10.4488992
13-06-2008,9.6560288
14-06-2008,8.2968224
15-06-2008,7.2774176
16-06-2008,6.5694976
17-06-2008,6.0597952
18-06-2008,5.7199936
19-06-2008,5.4085088
20-06-2008,5.097024
21-06-2008,4.8988064
22-06-2008,4.7005888
23-06-2008,4.4740544
24-06-2008,4.3041536
25-06-2008,4.2192032
26-06-2008,4.389104
27-06-2008,5.3235584
28-06-2008,6.7110816
29-06-2008,5.3235584
30-06-2008,4.6156384
01-07-2008,4.2192032
02-07-2008,3.9077184
03-07-2008,3.5396
04-07-2008,3.2847488
05-07-2008,3.0865312
06-07-2008,2.9449472
07-07-2008,2.8883136
08-07-2008,2.70991776
09-07-2008,2.54284864
10-07-2008,2.29932416
11-07-2008,2.13508672
12-07-2008,1.94819584
13-07-2008,1.82926528
14-07-2008,1.73298816
15-07-2008,1.6423744
16-07-2008,1.53760224
17-07-2008,1.77263168
18-07-2008,1.89439392
19-07-2008,4.8421728
20-07-2008,9.344544
21-07-2008,8.0136544
22-07-2008,5.2669248
23-07-2008,3.7095008
24-07-2008,3.0015808
25-07-2008,2.66744256
26-07-2008,2.30498752
27-07-2008,2.11526496
28-07-2008,2.16906688
29-07-2008,2.30498752
30-07-2008,2.11809664
31-07-2008,2.00482944
01-08-2008,2.23419552
02-08-2008,1.86041376
03-08-2008,1.73298816
04-08-2008,1.62538432
05-08-2008,1.5149488
06-08-2008,1.54043392
07-08-2008,1.44698848
08-08-2008,1.28558272
09-08-2008,1.2459392
10-08-2008,1.12417696
11-08-2008,1.3167312
12-08-2008,1.96518592
13-08-2008,1.5007904
14-08-2008,1.18647392
15-08-2008,1.06471168
16-08-2008,0.99958304
17-08-2008,0.9344544
18-08-2008,0.88914752
19-08-2008,0.8353456
20-08-2008,0.77588032
21-08-2008,0.72491008
22-08-2008,0.71924672
23-08-2008,0.67393984
24-08-2008,0.64845472
25-08-2008,0.63995968
26-08-2008,0.60314784
27-08-2008,0.58615776
28-08-2008,0.62580128
29-08-2008,0.58332608
30-08-2008,0.48704896
31-08-2008,0.43607872
01-09-2008,0.43324704
02-09-2008,0.566336
03-09-2008,0.44740544
04-09-2008,0.4530688
05-09-2008,0.49271232
06-09-2008,0.495544
07-09-2008,0.5238608
08-09-2008,0.53235584
09-09-2008,0.48988064
10-09-2008,0.46156384
11-09-2008,0.59748448
12-09-2008,0.47855392
13-09-2008,0.58898944
14-09-2008,0.5521776
15-09-2008,0.49837568
16-09-2008,0.47572224
17-09-2008,0.4530688
18-09-2008,0.41908864
19-09-2008,0.41625696
20-09-2008,0.3964352
21-09-2008,0.38510848
22-09-2008,0.37095008
23-09-2008,0.3822768
24-09-2008,0.38510848
25-09-2008,0.58898944
26-09-2008,0.39360352
27-09-2008,0.35396
28-09-2008,0.36245504
29-09-2008,0.40776192
30-09-2008,0.424752
01-10-2008,0.34263328
02-10-2008,0.31997984
03-10-2008,0.34263328
04-10-2008,0.3398016
05-10-2008,0.38794016
06-10-2008,2.13225504
07-10-2008,4.7855392
08-10-2008,3.7095008
09-10-2008,2.78070976
10-10-2008,2.08411648
11-10-2008,1.62538432
12-10-2008,1.37902816
13-10-2008,1.53193888
14-10-2008,1.31106784
15-10-2008,1.22328576
16-10-2008,1.0760384
17-10-2008,1.2176224
18-10-2008,1.13550368
19-10-2008,1.11568192
20-10-2008,1.0760384
21-10-2008,0.9627712
22-10-2008,2.50037344
23-10-2008,8.3251392
24-10-2008,10.1090976
25-10-2008,7.503952
26-10-2008,5.4651424
27-10-2008,3.9926688
28-10-2008,3.1431648
29-10-2008,2.760888
30-10-2008,2.50037344
31-10-2008,2.2795024
01-11-2008,2.09261152
02-11-2008,1.94819584
03-11-2008,1.8689088
04-11-2008,1.78679008
05-11-2008,1.76413664
06-11-2008,1.71599808
07-11-2008,1.7273248
08-11-2008,1.557424
09-11-2008,1.41584
10-11-2008,1.3592064
11-11-2008,1.4724736
12-11-2008,1.6423744
13-11-2008,1.982176
14-11-2008,2.83168
15-11-2008,3.256432
16-11-2008,3.114848
17-11-2008,2.548512
18-11-2008,2.12376
19-11-2008,1.982176
20-11-2008,1.699008
21-11-2008,1.41584
22-11-2008,1.557424
23-11-2008,1.557424
24-11-2008,1.557424
25-11-2008,1.41584
26-11-2008,1.41584
27-11-2008,1.41584
28-11-2008,1.274256
29-11-2008,1.274256
30-11-2008,1.132672
01-12-2008,0.849504
02-12-2008,0.991088
03-12-2008,0.849504
04-12-2008,0.70792
05-12-2008,0.70792
06-12-2008,0.70792
07-12-2008,0.70792
08-12-2008,0.70792
09-12-2008,0.566336
10-12-2008,0.4813856
11-12-2008,0.566336
12-12-2008,0.70792
13-12-2008,0.849504
14-12-2008,0.70792
15-12-2008,0.566336
16-12-2008,0.4813856
17-12-2008,0.4530688
18-12-2008,0.424752
19-12-2008,0.424752
20-12-2008,0.3681184
21-12-2008,0.3398016
22-12-2008,0.283168
23-12-2008,0.3114848
24-12-2008,0.3398016
25-12-2008,0.3681184
26-12-2008,0.3964352
27-12-2008,0.3681184
28-12-2008,0.3964352
29-12-2008,0.3681184
30-12-2008,0.283168
31-12-2008,0.2548512
01-01-2009,0.283168
02-01-2009,0.2690096
03-01-2009,0.2406928
04-01-2009,0.1982176
05-01-2009,0.1982176
06-01-2009,0.1982176
07-01-2009,0.1840592
08-01-2009,0.1699008
09-01-2009,0.1699008
10-01-2009,0.1699008
11-01-2009,0.1699008
12-01-2009,0.1699008
13-01-2009,0.1557424
14-01-2009,0.1274256
15-01-2009,0.0991088
16-01-2009,0.1132672
17-01-2009,0.1274256
18-01-2009,0.141584
19-01-2009,0.1557424
20-01-2009,0.1699008
21-01-2009,0.1699008
22-01-2009,0.1840592
23-01-2009,0.141584
24-01-2009,0.1132672
25-01-2009,0.1274256
26-01-2009,0.1274256
27-01-2009,0.1274256
28-01-2009,0.141584
29-01-2009,0.141584
30-01-2009,0.141584
31-01-2009,0.1557424
01-02-2009,0.141584
02-02-2009,0.1132672
03-02-2009,0.0991088
04-02-2009,0.1132672
05-02-2009,0.1274256
06-02-2009,0.1557424
07-02-2009,0.1840592
08-02-2009,0.212376
09-02-2009,0.283168
10-02-2009,2.265344
11-02-2009,4.95544
12-02-2009,4.530688
13-02-2009,3.398016
14-02-2009,2.548512
15-02-2009,2.548512
16-02-2009,2.265344
17-02-2009,1.699008
18-02-2009,1.132672
19-02-2009,0.7928704
20-02-2009,0.70792
21-02-2009,0.566336
22-02-2009,0.5097024
23-02-2009,0.566336
24-02-2009,0.70792
25-02-2009,0.566336
26-02-2009,0.4813856
27-02-2009,0.3681184
28-02-2009,0.283168
01-03-2009,0.2548512
02-03-2009,0.283168
03-03-2009,0.33413824
04-03-2009,0.424752
05-03-2009,0.54368256
06-03-2009,0.70792
07-03-2009,0.65694976
08-03-2009,0.60597952
09-03-2009,0.56350432
10-03-2009,0.5380192
11-03-2009,0.51253408
12-03-2009,0.5380192
13-03-2009,0.566336
14-03-2009,0.63995968
15-03-2009,0.71075168
16-03-2009,0.99958304
17-03-2009,1.28558272
18-03-2009,1.56875072
19-03-2009,1.69334464
20-03-2009,1.85191872
21-03-2009,1.98500768
22-03-2009,2.2795024
23-03-2009,3.681184
24-03-2009,7.78712
25-03-2009,7.0792
26-03-2009,5.66336
27-03-2009,4.95544
28-03-2009,4.24752
29-03-2009,4.105936
30-03-2009,3.9077184
31-03-2009,3.8510848
01-04-2009,3.7661344
02-04-2009,3.9360352
03-04-2009,3.7661344
04-04-2009,3.5679168
05-04-2009,3.398016
06-04-2009,3.3130656
07-04-2009,4.389104
08-04-2009,4.7289056
09-04-2009,5.5500928
10-04-2009,5.6067264
11-04-2009,5.1819744
12-04-2009,4.8704896
13-04-2009,4.672272
14-04-2009,4.5023712
15-04-2009,4.2192032
16-04-2009,4.0493024
17-04-2009,3.9077184
18-04-2009,3.9360352
19-04-2009,4.5873216
20-04-2009,4.95544
21-04-2009,4.672272
22-04-2009,4.3041536
23-04-2009,3.8794016
24-04-2009,3.5112832
25-04-2009,3.3696992
26-04-2009,3.7378176
27-04-2009,4.3324704
28-04-2009,4.3324704
29-04-2009,4.6156384
30-04-2009,6.2863296
01-05-2009,6.6827648
02-05-2009,5.7483104
03-05-2009,4.8704896
04-05-2009,4.3324704
05-05-2009,4.8704896
06-05-2009,4.7855392
07-05-2009,4.24752
08-05-2009,4.0209856
09-05-2009,4.6439552
10-05-2009,5.097024
11-05-2009,4.7005888
12-05-2009,4.1625696
13-05-2009,3.7095008
14-05-2009,3.1997984
15-05-2009,2.83168
16-05-2009,2.4918784
17-05-2009,2.18888864
18-05-2009,2.07278976
19-05-2009,1.90005728
20-05-2009,1.65370112
21-05-2009,1.56308736
22-05-2009,1.52061216
23-05-2009,1.47813696
24-05-2009,1.3733648
25-05-2009,1.29974112
26-05-2009,1.19780064
27-05-2009,1.132672
28-05-2009,1.13550368
29-05-2009,1.12134528
30-05-2009,1.03073152
31-05-2009,0.95427616
01-06-2009,0.8778208
02-06-2009,0.82968224
03-06-2009,0.77588032
04-06-2009,0.74756352
05-06-2009,0.7362368
06-06-2009,0.79853376
07-06-2009,0.78154368
08-06-2009,0.97126624
09-06-2009,1.22045408
10-06-2009,1.31106784
11-06-2009,1.33938464
12-06-2009,1.47813696
13-06-2009,1.3733648
14-06-2009,1.35071136
15-06-2009,1.44982016
16-06-2009,1.6140576
17-06-2009,1.91987904
18-06-2009,1.95952256
19-06-2009,1.84625536
20-06-2009,2.04164128
21-06-2009,2.27383904
22-06-2009,2.14924512
23-06-2009,2.12659168
24-06-2009,2.18888864
25-06-2009,7.503952
26-06-2009,14.8946368
27-06-2009,11.6948384
28-06-2009,11.2417696
29-06-2009,10.2223648
30-06-2009,7.1641504
01-07-2009,5.1253408
02-07-2009,4.0209856
03-07-2009,3.4546496
04-07-2009,4.1908864
05-07-2009,5.097024
06-07-2009,5.097024
07-07-2009,5.380192
08-07-2009,7.3340512
09-07-2009,11.8364224
10-07-2009,12.0912736
11-07-2009,10.4488992
12-07-2009,7.6738528
13-07-2009,7.1641504
14-07-2009,7.7588032
15-07-2009,7.1641504
16-07-2009,6.5694976
17-07-2009,5.4934592
18-07-2009,4.8421728
19-07-2009,4.3607872
20-07-2009,3.9926688
21-07-2009,3.6528672
22-07-2009,3.3413824
23-07-2009,2.973264
24-07-2009,2.61080896
25-07-2009,2.22853216
26-07-2009,1.91421568
27-07-2009,1.70750304
28-07-2009,1.53193888
29-07-2009,1.53193888
30-07-2009,1.53477056
31-07-2009,1.48380032
01-08-2009,1.44982016
02-08-2009,1.41300832
03-08-2009,1.37902816
04-08-2009,1.23744416
05-08-2009,1.14966208
06-08-2009,1.1043552
07-08-2009,1.11568192
08-08-2009,1.1185136
09-08-2009,1.12700864
10-08-2009,2.01615616
11-08-2009,1.83492864
12-08-2009,1.44982016
13-08-2009,1.23744416
14-08-2009,1.10152352
15-08-2009,1.05055328
16-08-2009,1.12417696
17-08-2009,1.05621664
18-08-2009,0.98825632
19-08-2009,1.54609728
20-08-2009,1.12984032
21-08-2009,1.07887008
22-08-2009,0.98825632
23-08-2009,0.91180096
24-08-2009,0.82685056
25-08-2009,1.84342368
26-08-2009,1.80944352
27-08-2009,1.1751472
28-08-2009,0.83817728
29-08-2009,0.71358336
30-08-2009,0.63146464
31-08-2009,0.56916768
01-09-2009,0.52102912
02-09-2009,0.48988064
03-09-2009,0.63429632
04-09-2009,0.51819744
05-09-2009,0.49837568
06-09-2009,0.47289056
07-09-2009,0.44740544
08-09-2009,0.42758368
09-09-2009,0.40209856
10-09-2009,0.38510848
11-09-2009,0.37661344
12-09-2009,0.37378176
13-09-2009,0.36245504
14-09-2009,0.35112832
15-09-2009,0.33696992
16-09-2009,0.32847488
17-09-2009,0.30015808
18-09-2009,0.283168
19-09-2009,0.269292768
20-09-2009,0.25343536
21-09-2009,0.28599968
22-09-2009,0.275522464
23-09-2009,0.280053152
24-09-2009,0.33130656
25-09-2009,0.36528672
26-09-2009,0.32847488
27-09-2009,0.30015808
28-09-2009,0.269575936
29-09-2009,0.261647232
30-09-2009,0.250886848
01-10-2009,0.54934592
02-10-2009,0.75322688
03-10-2009,0.90330592
04-10-2009,1.02223648
05-10-2009,1.46114688
06-10-2009,1.80094848
07-10-2009,2.25401728
08-10-2009,2.14924512
09-10-2009,1.7131664
10-10-2009,1.4299984
11-10-2009,1.24027584
12-10-2009,1.2176224
13-10-2009,1.16665216
14-10-2009,1.203464
15-10-2009,1.37619648
16-10-2009,1.48096864
17-10-2009,1.5998992
18-10-2009,1.55176064
19-10-2009,1.4724736
20-10-2009,1.36486976
21-10-2009,2.40126464
22-10-2009,3.2847488
23-10-2009,4.1342528
24-10-2009,3.5962336
25-10-2009,3.0298976
26-10-2009,2.54001696
27-10-2009,2.16057184
28-10-2009,1.9397008
29-10-2009,2.21154208
30-10-2009,4.5590048
31-10-2009,8.6649408
01-11-2009,8.7215744
02-11-2009,6.654448
03-11-2009,5.4085088
04-11-2009,4.7289056
05-11-2009,4.24752
06-11-2009,3.9077184
07-11-2009,3.6245504
08-11-2009,3.3413824
09-11-2009,3.0865312
10-11-2009,2.8883136
11-11-2009,2.760888
12-11-2009,2.70142272
13-11-2009,2.68443264
14-11-2009,2.62213568
15-11-2009,2.54568032
16-11-2009,2.46072992
17-11-2009,2.38427456
18-11-2009,2.31348256
19-11-2009,2.32480928
20-11-2009,2.31631424
21-11-2009,2.30215584
22-11-2009,2.3078192
23-11-2009,2.34179936
24-11-2009,2.35312608
25-11-2009,2.30498752
26-11-2009,2.2936608
27-11-2009,2.34463104
28-11-2009,2.25401728
29-11-2009,2.15490848
30-11-2009,2.00482944
01-12-2009,2.21720544
02-12-2009,1.840592
03-12-2009,0.70792
04-12-2009,0.991088
05-12-2009,1.0477216
06-12-2009,1.0194048
07-12-2009,0.9627712
08-12-2009,0.9061376
09-12-2009,0.7928704
10-12-2009,0.8211872
11-12-2009,0.849504
12-12-2009,0.9627712
13-12-2009,0.9061376
14-12-2009,0.849504
15-12-2009,0.7928704
16-12-2009,0.849504
17-12-2009,0.9344544
18-12-2009,0.9061376
19-12-2009,0.849504
20-12-2009,0.7928704
21-12-2009,0.7645536
22-12-2009,0.7362368
23-12-2009,0.70792
24-12-2009,0.566336
25-12-2009,0.6229696
26-12-2009,0.6796032
27-12-2009,0.566336
28-12-2009,0.4813856
29-12-2009,0.3964352
30-12-2009,0.3964352
31-12-2009,0.3681184
01-01-2010,0.3114848
02-01-2010,0.2406928
03-01-2010,0.2548512
04-01-2010,0.283168
05-01-2010,0.3398016
06-01-2010,0.3681184
07-01-2010,0.3398016
08-01-2010,0.283168
09-01-2010,0.2265344
10-01-2010,0.2548512
11-01-2010,0.3398016
12-01-2010,0.3398016
13-01-2010,0.3681184
14-01-2010,0.3964352
15-01-2010,0.4813856
16-01-2010,0.6229696
17-01-2010,0.7362368
18-01-2010,0.70792
19-01-2010,0.6512864
20-01-2010,0.6796032
21-01-2010,0.7362368
22-01-2010,0.8211872
23-01-2010,0.8778208
24-01-2010,0.849504
25-01-2010,0.7928704
26-01-2010,0.7362368
27-01-2010,0.6512864
28-01-2010,0.5946528
29-01-2010,0.5380192
30-01-2010,0.5946528
31-01-2010,0.6229696
01-02-2010,0.5946528
02-02-2010,0.566336
03-02-2010,0.6796032
04-02-2010,0.7928704
05-02-2010,0.849504
06-02-2010,0.991088
07-02-2010,1.132672
08-02-2010,1.0760384
09-02-2010,0.9344544
10-02-2010,0.849504
11-02-2010,0.9344544
12-02-2010,1.132672
13-02-2010,1.0477216
14-02-2010,0.9344544
15-02-2010,0.9627712
16-02-2010,1.0477216
17-02-2010,1.1043552
18-02-2010,1.132672
19-02-2010,1.132672
20-02-2010,1.132672
21-02-2010,1.1043552
22-02-2010,0.991088
23-02-2010,0.9061376
24-02-2010,0.849504
25-02-2010,0.9061376
26-02-2010,0.9344544
27-02-2010,0.9627712
28-02-2010,0.991088
01-03-2010,1.0194048
02-03-2010,1.0760384
03-03-2010,1.0760384
04-03-2010,1.0760384
05-03-2010,1.1043552
06-03-2010,1.132672
07-03-2010,1.132672
08-03-2010,1.274256
09-03-2010,1.557424
10-03-2010,2.12376
11-03-2010,3.398016
12-03-2010,14.1584
13-03-2010,56.6336
14-03-2010,113.2672
15-03-2010,107.887008
16-03-2010,72.774176
17-03-2010,56.067264
18-03-2010,51.253408
19-03-2010,51.819744
20-03-2010,37.944512
21-03-2010,35.962336
22-03-2010,32.56432
23-03-2010,29.166304
24-03-2010,27.9203648
25-03-2010,25.9381888
26-03-2010,23.9560128
27-03-2010,22.511856
28-03-2010,21.520768
29-03-2010,20.5013632
30-03-2010,19.4819584
31-03-2010,18.689088
01-04-2010,17.9528512
02-04-2010,17.273248
03-04-2010,16.5936448
04-04-2010,15.7441408
05-04-2010,15.2344384
06-04-2010,15.1211712
07-04-2010,15.9423584
08-04-2010,15.3193888
09-04-2010,14.0734496
10-04-2010,13.2522624
11-04-2010,12.5726592
12-04-2010,11.9213728
13-04-2010,11.32672
14-04-2010,10.194048
15-04-2010,10.3639488
16-04-2010,9.4011776
17-04-2010,8.5799904
18-04-2010,7.9003872
19-04-2010,7.362368
20-04-2010,6.8526656
21-04-2010,6.6827648
22-04-2010,6.1164288
23-04-2010,6.0314784
24-04-2010,9.1463264
25-04-2010,14.016816
26-04-2010,16.2538432
27-04-2010,17.3015648
28-04-2010,15.6025568
29-04-2010,13.3938464
30-04-2010,12.4877088
01-05-2010,11.5532544
02-05-2010,10.2789984
03-05-2010,9.1463264
04-05-2010,8.1552384
05-05-2010,7.3340512
06-05-2010,6.8526656
07-05-2010,6.9092992
08-05-2010,6.7677152
09-05-2010,6.512864
10-05-2010,6.8526656
11-05-2010,12.0912736
12-05-2010,15.1211712
13-05-2010,14.1300832
14-05-2010,13.3938464
15-05-2010,12.0063232
16-05-2010,10.6754336
17-05-2010,9.5144448
18-05-2010,8.6083072
19-05-2010,7.7021696
20-05-2010,6.9659328
21-05-2010,6.3429632
22-05-2010,6.0314784
23-05-2010,5.7483104
24-05-2010,5.4085088
25-05-2010,5.3235584
26-05-2010,5.2102912
27-05-2010,4.9271232
28-05-2010,4.5590048
29-05-2010,4.1908864
30-05-2010,4.0493024
31-05-2010,3.964352
01-06-2010,4.1908864
02-06-2010,6.5978144
03-06-2010,7.8720704
04-06-2010,6.6261312
05-06-2010,5.7766272
06-06-2010,5.3518752
07-06-2010,5.521776
08-06-2010,5.8898944
09-06-2010,5.7199936
10-06-2010,8.2401888
11-06-2010,19.9350272
12-06-2010,33.413824
13-06-2010,38.510848
14-06-2010,37.661344
15-06-2010,34.829664
16-06-2010,32.281152
17-06-2010,28.599968
18-06-2010,25.1170016
19-06-2010,23.2764096
20-06-2010,21.4358176
21-06-2010,32.847488
22-06-2010,37.095008
23-06-2010,46.156384
24-06-2010,63.429632
25-06-2010,41.908864
26-06-2010,34.546496
27-06-2010,67.677152
28-06-2010,44.457376
29-06-2010,32.281152
30-06-2010,26.19304
01-07-2010,21.6057184
02-07-2010,18.547504
03-07-2010,16.6219616
04-07-2010,16.7352288
05-07-2010,18.5191872
06-07-2010,25.9665056
07-07-2010,30.298976
08-07-2010,22.6251232
09-07-2010,18.4342368
10-07-2010,16.0556256
11-07-2010,15.2061216
12-07-2010,14.2150336
13-07-2010,13.3372128
14-07-2010,12.4310752
15-07-2010,11.468304
16-07-2010,10.5621664
17-07-2010,9.6560288
18-07-2010,8.8348416
19-07-2010,8.211872
20-07-2010,7.6172192
21-07-2010,9.9958304
22-07-2010,23.9843296
23-07-2010,22.0587872
24-07-2010,16.1972096
25-07-2010,13.2522624
26-07-2010,10.9302848
27-07-2010,10.760384
28-07-2010,15.4043392
29-07-2010,15.857408
30-07-2010,110.152352
31-07-2010,80.986048
01-08-2010,39.64352
02-08-2010,35.112832
03-08-2010,31.431648
04-08-2010,38.794016
05-08-2010,31.14848
06-08-2010,22.2853216
07-08-2010,19.0288896
08-08-2010,16.3104768
09-08-2010,15.4043392
10-08-2010,23.644528
11-08-2010,22.5684896
12-08-2010,17.1882976
13-08-2010,17.8679008
14-08-2010,14.724736
15-08-2010,12.5160256
16-08-2010,11.3550368
17-08-2010,10.5338496
18-08-2010,9.4578112
19-08-2010,8.49504
20-08-2010,9.5993952
21-08-2010,9.8825632
22-08-2010,8.3817728
23-08-2010,7.9853376
24-08-2010,8.7215744
25-08-2010,7.78712
26-08-2010,6.8809824
27-08-2010,6.2580128
28-08-2010,5.66336
29-08-2010,5.097024
30-08-2010,4.813856
31-08-2010,24.352448
01-09-2010,27.4106624
02-09-2010,15.6025568
03-09-2010,12.1195904
04-09-2010,10.1657312
05-09-2010,9.5144448
06-09-2010,8.7498912
07-09-2010,8.1269216
08-09-2010,7.6738528
09-09-2010,8.8631584
10-09-2010,9.8825632
11-09-2010,9.1463264
12-09-2010,8.1269216
13-09-2010,7.1924672
14-09-2010,6.512864
15-09-2010,12.6576096
16-09-2010,16.6785952
17-09-2010,14.4698848
18-09-2010,13.0540448
19-09-2010,11.8364224
20-09-2010,11.2417696
21-09-2010,11.6948384
22-09-2010,12.5726592
23-09-2010,30.015808
24-09-2010,62.29696
25-09-2010,50.403904
26-09-2010,47.005888
27-09-2010,43.041536
28-09-2010,39.926688
29-09-2010,35.679168
30-09-2010,32.281152
01-10-2010,29.166304
02-10-2010,26.5045248
03-10-2010,24.3241312
04-10-2010,22.7100736
05-10-2010,21.520768
06-10-2010,20.4164128
07-10-2010,19.255424
08-10-2010,18.2926528
09-10-2010,17.6130496
10-10-2010,16.9617632
11-10-2010,16.2255264
12-10-2010,15.5459232
13-10-2010,14.86632
14-10-2010,14.1584
15-10-2010,13.592064
16-10-2010,13.1956288
17-10-2010,12.6576096
18-10-2010,12.2045408
19-10-2010,11.7797888
20-10-2010,11.2984032
21-10-2010,10.8453344
22-10-2010,10.3922656
23-10-2010,9.9675136
24-10-2010,9.5710784
25-10-2010,9.486128
26-10-2010,12.7142432
27-10-2010,14.9229536
28-10-2010,13.3938464
29-10-2010,12.4310752
30-10-2010,11.5532544
31-10-2010,10.6754336
01-11-2010,9.9675136
02-11-2010,9.486128
03-11-2010,8.9764256
04-11-2010,8.0986048
05-11-2010,7.5889024
06-11-2010,7.2774176
07-11-2010,7.0792
08-11-2010,6.9092992
09-11-2010,6.8526656
10-11-2010,6.7677152
11-11-2010,6.7393984
12-11-2010,6.6827648
13-11-2010,6.5978144
14-11-2010,6.4279136
15-11-2010,6.2863296
16-11-2010,6.2013792
17-11-2010,6.1164288
18-11-2010,5.8898944
19-11-2010,5.804944
20-11-2010,5.380192
21-11-2010,4.813856
22-11-2010,3.964352
23-11-2010,3.114848
24-11-2010,2.83168
25-11-2010,2.548512
26-11-2010,2.39843296
27-11-2010,2.5626704
28-11-2010,2.82318496
29-11-2010,2.54568032
30-11-2010,2.265344
01-12-2010,2.12942336
02-12-2010,2.265344
03-12-2010,2.55417536
04-12-2010,2.4494032
05-12-2010,2.14358176
06-12-2010,1.83776032
07-12-2010,1.7698
08-12-2010,2.0388096
09-12-2010,2.83168
10-12-2010,2.75522464
11-12-2010,2.1662352
12-12-2010,1.65936448
13-12-2010,1.5998992
14-12-2010,1.7698
15-12-2010,1.97084928
16-12-2010,1.70750304
17-12-2010,1.55459232
18-12-2010,1.41584
19-12-2010,1.27708768
20-12-2010,1.56308736
21-12-2010,1.71033472
22-12-2010,1.56308736
23-12-2010,1.56308736
24-12-2010,1.56308736
25-12-2010,1.27708768
26-12-2010,1.21479072
27-12-2010,1.31389952
28-12-2010,1.42150336
29-12-2010,1.54892896
30-12-2010,1.40734496
31-12-2010,1.27708768
01-01-2011,1.22045408
02-01-2011,1.33372128
03-01-2011,1.41300832
04-01-2011,1.41300832
05-01-2011,1.66219616
06-01-2011,1.982176
07-01-2011,2.12942336
08-01-2011,1.96518592
09-01-2011,1.99067104
10-01-2011,2.12092832
11-01-2011,1.94819584
12-01-2011,2.11243328
13-01-2011,2.26817568
14-01-2011,2.51170016
15-01-2011,2.43241312
16-01-2011,2.41542304
17-01-2011,2.39843296
18-01-2011,2.10393824
19-01-2011,1.8264336
20-01-2011,1.699008
21-01-2011,1.699008
22-01-2011,1.557424
23-01-2011,1.41584
24-01-2011,1.557424
25-01-2011,1.61122592
26-01-2011,1.69334464
27-01-2011,1.86607712
28-01-2011,2.05863136
29-01-2011,1.94536416
30-01-2011,1.81793856
31-01-2011,1.79528512
01-02-2011,1.70467136
02-02-2011,1.63954272
03-02-2011,1.8122752
04-02-2011,1.88023552
05-02-2011,1.77263168
06-02-2011,1.58007744
07-02-2011,1.39601824
08-02-2011,1.2459392
09-02-2011,1.15815712
10-02-2011,1.11001856
11-02-2011,1.132672
12-02-2011,1.203464
13-02-2011,1.3167312
14-02-2011,1.46114688
15-02-2011,1.60556256
16-02-2011,1.9680176
17-02-2011,2.973264
18-02-2011,8.49504
19-02-2011,9.91088
20-02-2011,8.7498912
21-02-2011,5.8898944
22-02-2011,3.0582144
23-02-2011,2.33330432
24-02-2011,1.70467136
25-02-2011,1.49512704
26-02-2011,1.54609728
27-02-2011,1.65086944
28-02-2011,2.07278976
01-03-2011,2.2511856
02-03-2011,2.0954432
03-03-2011,2.1520768
04-03-2011,2.2511856
05-03-2011,2.0954432
06-03-2011,2.1096016
07-03-2011,2.26817568
08-03-2011,2.265344
09-03-2011,2.265344
10-03-2011,2.336136
11-03-2011,2.47772
12-03-2011,2.53718528
13-03-2011,2.53718528
14-03-2011,5.380192
15-03-2011,16.99008
16-03-2011,39.64352
17-03-2011,84.9504
18-03-2011,69.092992
19-03-2011,55.500928
20-03-2011,51.819744
21-03-2011,47.855392
22-03-2011,43.89104
23-03-2011,39.64352
24-03-2011,35.396
25-03-2011,32.56432
26-03-2011,31.14848
27-03-2011,28.883136
28-03-2011,29.449472
29-03-2011,27.7787808
30-03-2011,26.19304
31-03-2011,25.2869024
01-04-2011,25.2302688
02-04-2011,24.1542304
03-04-2011,23.4463104
04-04-2011,23.0498752
05-04-2011,21.7189856
06-04-2011,20.8977984
07-04-2011,20.1898784
08-04-2011,19.538592
09-04-2011,19.3120576
10-04-2011,19.6518592
11-04-2011,20.52968
12-04-2011,19.9067104
13-04-2011,19.7368096
14-04-2011,20.671264
15-04-2011,30.298976
16-04-2011,46.439552
17-04-2011,37.661344
18-04-2011,33.413824
19-04-2011,39.64352
20-04-2011,41.05936
21-04-2011,35.112832
22-04-2011,33.130656
23-04-2011,31.14848
24-04-2011,28.599968
25-04-2011,25.768288
26-04-2011,24.5789824
27-04-2011,24.5789824
28-04-2011,22.5401728
29-04-2011,20.812848
30-04-2011,20.5863136
01-05-2011,19.2837408
02-05-2011,17.4431488
03-05-2011,16.0273088
04-05-2011,14.8380032
05-05-2011,14.583152
06-05-2011,14.1300832
07-05-2011,13.1956288
08-05-2011,13.9035488
09-05-2011,15.0928544
10-05-2011,14.441568
11-05-2011,13.4787968
12-05-2011,13.5637472
13-05-2011,14.1584
14-05-2011,13.3655296
15-05-2011,14.1300832
16-05-2011,14.3849344
17-05-2011,12.9974112
18-05-2011,11.6665216
19-05-2011,10.6471168
20-05-2011,11.8647392
21-05-2011,19.255424
22-05-2011,31.431648
23-05-2011,30.298976
24-05-2011,24.5223488
25-05-2011,22.2003712
26-05-2011,25.0037344
27-05-2011,23.4746272
28-05-2011,23.7577952
29-05-2011,22.1154208
30-05-2011,20.1615616
31-05-2011,24.9754176
01-06-2011,23.8993792
02-06-2011,19.7934432
03-06-2011,17.1599808
04-06-2011,15.291072
05-06-2011,13.8469152
06-06-2011,12.3744416
07-06-2011,10.9869184
08-06-2011,9.769296
09-06-2011,9.061376
10-06-2011,9.5144448
11-06-2011,9.7976128
12-06-2011,9.7126624
13-06-2011,11.4116704
14-06-2011,14.2433504
15-06-2011,15.1778048
16-06-2011,13.308896
17-06-2011,11.5815712
18-06-2011,10.3639488
19-06-2011,9.3728608
20-06-2011,9.486128
21-06-2011,22.9932416
22-06-2011,29.166304
23-06-2011,25.3152192
24-06-2011,20.954432
25-06-2011,17.4997824
26-06-2011,16.0839424
27-06-2011,15.1778048
28-06-2011,13.592064
29-06-2011,11.609888
30-06-2011,9.9958304
01-07-2011,8.8914752
02-07-2011,8.353456
03-07-2011,8.9481088
04-07-2011,9.3162272
05-07-2011,9.7409792
06-07-2011,9.6560288
07-07-2011,9.20296
08-07-2011,8.49504
09-07-2011,7.8437536
10-07-2011,7.645536
11-07-2011,11.32672
12-07-2011,45.023712
13-07-2011,43.041536
14-07-2011,48.13856
15-07-2011,49.5544
16-07-2011,56.6336
17-07-2011,45.30688
18-07-2011,37.661344
19-07-2011,33.413824
20-07-2011,30.298976
21-07-2011,27.3540288
22-07-2011,24.8621504
23-07-2011,22.9082912
24-07-2011,20.9261152
25-07-2011,19.1704736
26-07-2011,17.981168
27-07-2011,35.679168
28-07-2011,31.997984
29-07-2011,24.1259136
30-07-2011,18.7457216
31-07-2011,15.6875072
01-08-2011,14.1017664
02-08-2011,12.6859264
03-08-2011,11.4116704
04-08-2011,10.2506816
05-08-2011,9.2879104
06-08-2011,8.7215744
07-08-2011,8.1269216
08-08-2011,7.5322688
09-08-2011,6.9092992
10-08-2011,6.3995968
11-08-2011,6.2013792
12-08-2011,6.229696
13-08-2011,6.088112
14-08-2011,5.7199936
15-08-2011,5.380192
16-08-2011,5.0403904
17-08-2011,4.7855392
18-08-2011,4.5873216
19-08-2011,4.4740544
20-08-2011,4.1342528
21-08-2011,3.9926688
22-08-2011,3.8510848
23-08-2011,3.7095008
24-08-2011,5.66336
25-08-2011,6.1730624
26-08-2011,5.6916768
27-08-2011,5.0120736
28-08-2011,4.8704896
29-08-2011,4.4740544
30-08-2011,4.3607872
31-08-2011,4.0776192
01-09-2011,3.964352
02-09-2011,3.7661344
03-09-2011,3.5396
04-09-2011,3.1997984
05-09-2011,3.0015808
06-09-2011,2.79486816
07-09-2011,2.62213568
08-09-2011,2.4494032
09-09-2011,2.25968064
10-09-2011,2.13225504
11-09-2011,2.01332448
12-09-2011,1.90855232
13-09-2011,1.80094848
14-09-2011,1.72166144
15-09-2011,1.61122592
16-09-2011,1.62255264
17-09-2011,1.60273088
18-09-2011,1.5998992
19-09-2011,1.52627552
20-09-2011,1.4441568
21-09-2011,1.41584
22-09-2011,1.3875232
23-09-2011,1.36770144
24-09-2011,1.33655296
25-09-2011,1.29974112
26-09-2011,1.26859264
27-09-2011,1.23461248
28-09-2011,1.21479072
29-09-2011,1.1751472
30-09-2011,1.08736512
01-10-2011,1.09869184
02-10-2011,1.09586016
03-10-2011,1.02223648
04-10-2011,0.99391968
05-10-2011,1.00241472
06-10-2011,0.95993952
07-10-2011,0.92595936
08-10-2011,1.19213728
09-10-2011,1.07320672
10-10-2011,1.05621664
11-10-2011,1.0477216
12-10-2011,1.12700864
13-10-2011,1.05338496
14-10-2011,1.02223648
15-10-2011,1.01090976
16-10-2011,1.0194048
17-10-2011,1.02506816
18-10-2011,1.00241472
19-10-2011,0.97976128
20-10-2011,0.99391968
21-10-2011,0.99958304
22-10-2011,1.00807808
23-10-2011,1.00807808
24-10-2011,0.99958304
25-10-2011,0.99958304
26-10-2011,0.97409792
27-10-2011,0.95710784
28-10-2011,0.98259296
29-10-2011,0.96843456
30-10-2011,0.97126624
31-10-2011,0.9627712
01-11-2011,0.97409792
02-11-2011,0.96843456
03-11-2011,0.920296
04-11-2011,0.91463264
05-11-2011,0.93162272
06-11-2011,0.94294944
07-11-2011,0.92312768
08-11-2011,0.93162272
09-11-2011,0.95144448
10-11-2011,0.9344544
11-11-2011,0.92879104
12-11-2011,0.97409792
13-11-2011,0.9769296
14-11-2011,0.96560288
15-11-2011,0.94578112
16-11-2011,0.9627712
17-11-2011,0.85233568
18-11-2011,0.81269216
19-11-2011,0.78720704
20-11-2011,0.78154368
21-11-2011,0.8070288
22-11-2011,0.84100896
23-11-2011,0.88065248
24-11-2011,0.90896928
25-11-2011,0.9061376
26-11-2011,0.9061376
27-11-2011,0.7928704
28-11-2011,0.80419712
29-11-2011,0.7928704
30-11-2011,0.7928704
01-12-2011,0.70792
02-12-2011,0.6937616
03-12-2011,0.77304864
04-12-2011,0.7645536
05-12-2011,0.7645536
06-12-2011,0.69942496
07-12-2011,0.7362368
08-12-2011,0.7362368
09-12-2011,0.7362368
10-12-2011,0.7362368
11-12-2011,0.7645536
12-12-2011,0.7645536
13-12-2011,0.79003872
14-12-2011,0.7928704
15-12-2011,0.7928704
16-12-2011,0.78437536
17-12-2011,0.7645536
18-12-2011,0.76738528
19-12-2011,0.7645536
20-12-2011,0.75605856
21-12-2011,0.73057344
22-12-2011,0.67677152
23-12-2011,0.6512864
24-12-2011,0.67393984
25-12-2011,0.6796032
26-12-2011,0.69092992
27-12-2011,0.69942496
28-12-2011,0.70225664
29-12-2011,0.7220784
30-12-2011,0.69942496
31-12-2011,0.67110816
01-01-2012,0.61447456
02-01-2012,0.62013792
03-01-2012,0.64279136
04-01-2012,0.64562304
05-01-2012,0.637128
06-01-2012,0.64279136
07-01-2012,0.64845472
08-01-2012,0.64845472
09-01-2012,0.637128
10-01-2012,0.62580128
11-01-2012,0.62013792
12-01-2012,0.59182112
13-01-2012,0.59748448
14-01-2012,0.57483104
15-01-2012,0.56916768
16-01-2012,0.56350432
17-01-2012,0.54651424
18-01-2012,0.52669248
19-01-2012,0.45590048
20-01-2012,0.46439552
21-01-2012,0.4530688
22-01-2012,0.4813856
23-01-2012,0.47855392
24-01-2012,0.47855392
25-01-2012,0.48421728
26-01-2012,0.47289056
27-01-2012,0.48421728
28-01-2012,0.47855392
29-01-2012,0.47855392
30-01-2012,0.47289056
31-01-2012,0.4813856
01-02-2012,0.47289056
02-02-2012,0.4813856
03-02-2012,0.47289056
04-02-2012,0.47289056
05-02-2012,0.4672272
06-02-2012,0.47289056
07-02-2012,0.4672272
08-02-2012,0.48988064
09-02-2012,0.48421728
10-02-2012,0.45590048
11-02-2012,0.45590048
12-02-2012,0.45590048
13-02-2012,0.45023712
14-02-2012,0.45023712
15-02-2012,0.45590048
16-02-2012,0.45023712
17-02-2012,0.44457376
18-02-2012,0.45023712
19-02-2012,0.47289056
20-02-2012,0.51819744
21-02-2012,0.5238608
22-02-2012,0.52952416
23-02-2012,0.51819744
24-02-2012,0.47855392
25-02-2012,0.46156384
26-02-2012,0.45023712
27-02-2012,0.45023712
28-02-2012,0.51253408
29-02-2012,0.5097024
01-03-2012,0.51253408
02-03-2012,0.51253408
03-03-2012,0.51253408
04-03-2012,0.7220784
05-03-2012,1.47813696
06-03-2012,6.654448
07-03-2012,7.928704
08-03-2012,7.645536
09-03-2012,6.7677152
10-03-2012,5.0403904
11-03-2012,4.389104
12-03-2012,4.4457376
13-03-2012,4.5023712
14-03-2012,4.24752
15-03-2012,3.9360352
16-03-2012,3.6528672
17-03-2012,3.5679168
18-03-2012,3.5396
19-03-2012,3.7661344
20-03-2012,3.681184
21-03-2012,3.5112832
22-03-2012,3.4546496
23-03-2012,3.5112832
24-03-2012,3.5112832
25-03-2012,3.1997984
26-03-2012,2.8883136
27-03-2012,2.67310592
28-03-2012,2.37577952
29-03-2012,2.25684896
30-03-2012,2.08411648
31-03-2012,2.05579968
01-04-2012,2.00482944
02-04-2012,1.84908704
03-04-2012,1.70750304
04-04-2012,1.56591904
05-04-2012,1.54043392
06-04-2012,1.4016816
07-04-2012,1.26859264
08-04-2012,1.16665216
09-04-2012,1.14399872
10-04-2012,1.08170176
11-04-2012,1.03073152
12-04-2012,1.06471168
13-04-2012,1.7698
14-04-2012,2.16906688
15-04-2012,3.3696992
16-04-2012,4.105936
17-04-2012,3.5962336
18-04-2012,3.1431648
19-04-2012,3.1714816
20-04-2012,3.3130656
21-04-2012,3.6528672
22-04-2012,3.2847488
23-04-2012,2.9449472
24-04-2012,2.53718528
25-04-2012,2.30498752
26-04-2012,2.04730464
27-04-2012,2.02748288
28-04-2012,2.16340352
29-04-2012,2.19172032
30-04-2012,2.29082912
01-05-2012,2.31631424
02-05-2012,2.56833376
03-05-2012,3.256432
04-05-2012,3.4546496
05-05-2012,5.946528
06-05-2012,16.2538432
07-05-2012,32.847488
08-05-2012,30.865312
09-05-2012,35.112832
10-05-2012,29.73264
11-05-2012,24.2674976
12-05-2012,20.8694816
13-05-2012,18.7174048
14-05-2012,17.1599808
15-05-2012,15.998992
16-05-2012,15.007904
17-05-2012,14.2433504
18-05-2012,13.5071136
19-05-2012,13.2239456
20-05-2012,15.0362208
21-05-2012,15.8290912
22-05-2012,14.7813696
23-05-2012,14.3566176
24-05-2012,15.2344384
25-05-2012,15.3477056
26-05-2012,15.007904
27-05-2012,14.5548352
28-05-2012,13.7902816
29-05-2012,12.7991936
30-05-2012,12.5726592
31-05-2012,13.025728
01-06-2012,12.9124608
02-06-2012,11.9213728
03-06-2012,10.9869184
04-06-2012,10.1090976
05-06-2012,9.061376
06-06-2012,8.0419712
07-06-2012,7.1358336
08-06-2012,6.4279136
09-06-2012,5.7766272
10-06-2012,5.238608
11-06-2012,4.813856
12-06-2012,4.5023712
13-06-2012,4.7005888
14-06-2012,4.4457376
15-06-2012,4.2192032
16-06-2012,3.9077184
17-06-2012,3.681184
18-06-2012,3.4829664
19-06-2012,3.2281152
20-06-2012,3.2847488
21-06-2012,3.1714816
22-06-2012,3.0865312
23-06-2012,2.9166304
24-06-2012,2.70142272
25-06-2012,2.40126464
26-06-2012,2.20587872
27-06-2012,2.0671264
28-06-2012,1.85191872
29-06-2012,1.92837408
30-06-2012,1.95952256
01-07-2012,2.13225504
02-07-2012,1.86324544
03-07-2012,1.6423744
04-07-2012,1.49512704
05-07-2012,1.53193888
06-07-2012,1.38469152
07-07-2012,1.22611744
08-07-2012,1.10152352
09-07-2012,0.9627712
10-07-2012,0.86649408
11-07-2012,0.78437536
12-07-2012,0.72491008
13-07-2012,0.6796032
14-07-2012,0.62580128
15-07-2012,0.566336
16-07-2012,0.5097024
17-07-2012,0.47005888
18-07-2012,0.45590048
19-07-2012,0.44740544
20-07-2012,0.424752
21-07-2012,0.3681184
22-07-2012,0.35112832
23-07-2012,0.33696992
24-07-2012,0.30865312
25-07-2012,0.28883136
26-07-2012,0.27325712
27-07-2012,0.254001696
28-07-2012,0.29449472
29-07-2012,0.29449472
30-07-2012,0.30582144
31-07-2012,0.2690096
01-08-2012,0.234179936
02-08-2012,0.271558112
03-08-2012,0.244090816
04-08-2012,0.37944512
05-08-2012,0.225968064
06-08-2012,0.228233408
07-08-2012,0.211243328
08-08-2012,0.22087104
09-08-2012,0.229082912
10-08-2012,0.20812848
11-08-2012,0.201332448
12-08-2012,0.21096016
13-08-2012,0.223985888
14-08-2012,0.222570048
15-08-2012,0.207845312
16-08-2012,0.184625536
17-08-2012,0.166785952
18-08-2012,0.45023712
19-08-2012,0.26617792
20-08-2012,0.258249216
21-08-2012,0.229932416
22-08-2012,0.197368096
23-08-2012,0.175280992
24-08-2012,0.153193888
25-08-2012,0.150928544
26-08-2012,0.163671104
27-08-2012,0.153193888
28-08-2012,0.15149488
29-08-2012,0.132239456
30-08-2012,0.121195904
31-08-2012,0.109869184
01-09-2012,0.108736512
02-09-2012,0.10335632
03-09-2012,0.110152352
04-09-2012,0.219172032
05-09-2012,0.112417696
06-09-2012,0.13167312
07-09-2012,0.12884144
08-09-2012,0.110718688
09-09-2012,0.092595936
10-09-2012,0.084384064
11-09-2012,0.074756352
12-09-2012,0.118364224
13-09-2012,0.095427616
14-09-2012,0.086932576
15-09-2012,0.079570208
16-09-2012,0.090896928
17-09-2012,0.084667232
18-09-2012,0.081269216
19-09-2012,0.190005728
20-09-2012,0.143283008
21-09-2012,0.079003872
22-09-2012,0.074190016
23-09-2012,0.086649408
24-09-2012,0.071641504
25-09-2012,0.06937616
26-09-2012,0.069942496
27-09-2012,0.074473184
28-09-2012,0.078720704
29-09-2012,0.081552384
30-09-2012,0.080136544
01-10-2012,0.07362368
02-10-2012,0.075605856
03-10-2012,0.097976128
04-10-2012,0.088348416
05-10-2012,0.223136384
06-10-2012,0.068243488
07-10-2012,0.070225664
08-10-2012,0.070225664
09-10-2012,0.072774176
10-10-2012,0.087498912
11-10-2012,0.092879104
12-10-2012,0.092595936
13-10-2012,0.095710784
14-10-2012,0.097126624
15-10-2012,0.108170176
16-10-2012,0.111568192
17-10-2012,0.1132672
18-10-2012,0.223419552
19-10-2012,0.28883136
20-10-2012,0.222570048
21-10-2012,0.212376
22-10-2012,0.191987904
23-10-2012,0.17414832
24-10-2012,0.171882976
25-10-2012,0.255983872
26-10-2012,0.195102752
27-10-2012,0.173298816
28-10-2012,0.171033472
29-10-2012,0.166502784
30-10-2012,0.170750304
31-10-2012,0.16848496
01-11-2012,0.16423744
02-11-2012,0.164520608
03-11-2012,0.155176064
04-11-2012,0.176413664
05-11-2012,0.195669088
06-11-2012,0.183492864
07-11-2012,0.181510688
08-11-2012,0.17839584
09-11-2012,0.182926528
10-11-2012,0.2052968
11-11-2012,0.1982176
12-11-2012,0.134787968
13-11-2012,0.14724736
14-11-2012,0.15291072
15-11-2012,0.15857408
16-11-2012,0.1557424
17-11-2012,0.16423744
18-11-2012,0.16423744
19-11-2012,0.16140576
20-11-2012,0.15857408
21-11-2012,0.16140576
22-11-2012,0.16140576
23-11-2012,0.14724736
24-11-2012,0.15007904
25-11-2012,0.150645376
26-11-2012,0.156591904
27-11-2012,0.153760224
28-11-2012,0.156875072
29-11-2012,0.1557424
30-11-2012,0.15857408
01-12-2012,0.1699008
02-12-2012,0.17556416
03-12-2012,0.1982176
04-12-2012,0.20954432
05-12-2012,0.21520768
06-12-2012,0.1982176
07-12-2012,0.192837408
08-12-2012,0.1982176
09-12-2012,0.1840592
10-12-2012,0.1557424
11-12-2012,0.141584
12-12-2012,0.133655296
13-12-2012,0.137053312
14-12-2012,0.133938464
15-12-2012,0.2548512
16-12-2012,0.2265344
17-12-2012,0.21520768
18-12-2012,0.1982176
19-12-2012,0.18122752
20-12-2012,0.16423744
21-12-2012,0.141584
22-12-2012,0.12459392
23-12-2012,0.12176224
24-12-2012,0.1132672
25-12-2012,0.10760384
26-12-2012,0.10760384
27-12-2012,0.10477216
28-12-2012,0.10194048
29-12-2012,0.0991088
30-12-2012,0.09061376
31-12-2012,0.09061376
01-01-2013,0.09344544
02-01-2013,0.09061376
03-01-2013,0.09061376
04-01-2013,0.09061376
05-01-2013,0.08778208
06-01-2013,0.09344544
07-01-2013,0.0991088
08-01-2013,0.0991088
09-01-2013,0.10194048
10-01-2013,0.10760384
11-01-2013,0.10477216
12-01-2013,0.09061376
13-01-2013,0.08778208
14-01-2013,0.08778208
15-01-2013,0.09061376
16-01-2013,0.0991088
17-01-2013,0.10477216
18-01-2013,0.11043552
19-01-2013,0.10760384
20-01-2013,0.0991088
21-01-2013,0.09344544
22-01-2013,0.07928704
23-01-2013,0.07928704
24-01-2013,0.07928704
25-01-2013,0.07928704
26-01-2013,0.08211872
27-01-2013,0.0991088
28-01-2013,0.0991088
29-01-2013,0.08778208
30-01-2013,0.0849504
31-01-2013,0.07645536
01-02-2013,0.07645536
02-02-2013,0.0849504
03-02-2013,0.09344544
04-02-2013,0.0991088
05-02-2013,0.1132672
06-02-2013,0.1132672
07-02-2013,0.10760384
08-02-2013,0.10760384
09-02-2013,0.1132672
10-02-2013,0.1132672
11-02-2013,0.10477216
12-02-2013,0.10477216
13-02-2013,0.10477216
14-02-2013,0.10477216
15-02-2013,0.10194048
16-02-2013,0.08778208
17-02-2013,0.0991088
18-02-2013,0.09061376
19-02-2013,0.07928704
20-02-2013,0.07645536
21-02-2013,0.08211872
22-02-2013,0.08211872
23-02-2013,0.07645536
24-02-2013,0.07928704
25-02-2013,0.0849504
26-02-2013,0.0849504
27-02-2013,0.0849504
28-02-2013,0.0849504
01-03-2013,0.07928704
02-03-2013,0.07362368
03-03-2013,0.07928704
04-03-2013,0.0849504
05-03-2013,0.0849504
06-03-2013,0.0849504
07-03-2013,0.0991088
08-03-2013,0.2265344
09-03-2013,1.132672
10-03-2013,11.32672
11-03-2013,7.8720704
12-03-2013,5.4651424
13-03-2013,4.530688
14-03-2013,3.7661344
15-03-2013,3.256432
16-03-2013,3.114848
17-03-2013,2.548512
18-03-2013,1.699008
19-03-2013,1.274256
20-03-2013,1.132672
21-03-2013,0.9627712
22-03-2013,0.8211872
23-03-2013,0.70792
24-03-2013,0.6229696
25-03-2013,0.5380192
26-03-2013,0.5097024
27-03-2013,0.4813856
28-03-2013,0.44740544
29-03-2013,0.5097024
30-03-2013,0.7362368
31-03-2013,0.9627712
01-04-2013,0.991088
02-04-2013,0.991088
03-04-2013,0.98542464
04-04-2013,0.94011776
05-04-2013,0.88631584
06-04-2013,0.86932576
07-04-2013,0.84667232
08-04-2013,0.88914752
09-04-2013,0.991088
10-04-2013,0.95993952
11-04-2013,0.98542464
12-04-2013,1.03922656
13-04-2013,1.274256
14-04-2013,1.18647392
15-04-2013,1.19780064
16-04-2013,1.24877088
17-04-2013,1.37902816
18-04-2013,1.7414832
19-04-2013,1.557424
20-04-2013,1.54892896
21-04-2013,1.62255264
22-04-2013,1.86607712
23-04-2013,2.11243328
24-04-2013,2.08411648
25-04-2013,2.0671264
26-04-2013,2.41825472
27-04-2013,2.73823456
28-04-2013,2.52302688
29-04-2013,2.20587872
30-04-2013,1.95669088
01-05-2013,2.2228688
02-05-2013,1.77263168
03-05-2013,1.56591904
04-05-2013,1.4299984
05-05-2013,1.39884992
06-05-2013,1.37619648
07-05-2013,1.34221632
08-05-2013,1.77546336
09-05-2013,1.75280992
10-05-2013,1.91704736
11-05-2013,1.7414832
12-05-2013,1.49795872
13-05-2013,1.35637472
14-05-2013,1.29124608
15-05-2013,1.22045408
16-05-2013,1.22894912
17-05-2013,1.54892896
18-05-2013,1.38469152
19-05-2013,1.78962176
20-05-2013,1.58857248
21-05-2013,1.53477056
22-05-2013,1.5715824
23-05-2013,1.43849344
24-05-2013,1.4016816
25-05-2013,2.41825472
26-05-2013,29.166304
27-05-2013,23.7011616
28-05-2013,15.7441408
29-05-2013,9.4294944
30-05-2013,6.3429632
31-05-2013,4.7572224
01-06-2013,3.9360352
02-06-2013,3.398016
03-06-2013,2.8883136
04-06-2013,3.0298976
05-06-2013,2.9166304
06-06-2013,2.66461088
07-06-2013,2.38993792
08-06-2013,4.5873216
09-06-2013,11.6948384
10-06-2013,13.9884992
11-06-2013,10.477216
12-06-2013,6.937616
13-06-2013,4.95544
14-06-2013,3.9926688
15-06-2013,3.5112832
16-06-2013,3.398016
17-06-2013,2.72407616
18-06-2013,2.31631424
19-06-2013,2.05579968
20-06-2013,1.84342368
21-06-2013,1.73581984
22-06-2013,3.4829664
23-06-2013,5.0403904
24-06-2013,5.3235584
25-06-2013,5.4368256
26-06-2013,4.6156384
27-06-2013,4.0209856
28-06-2013,3.256432
29-06-2013,2.58532384
30-06-2013,2.15774016
01-07-2013,1.82360192
02-07-2013,1.59706752
03-07-2013,1.42150336
04-07-2013,1.29974112
05-07-2013,1.14399872
06-07-2013,1.07037504
07-07-2013,1.01657312
08-07-2013,0.96560288
09-07-2013,0.91463264
10-07-2013,0.81552384
11-07-2013,0.74756352
12-07-2013,0.71924672
13-07-2013,0.66261312
14-07-2013,0.63429632
15-07-2013,0.63429632
16-07-2013,0.80986048
17-07-2013,0.71358336
18-07-2013,0.5946528
19-07-2013,0.53518752
20-07-2013,0.55500928
21-07-2013,0.52669248
22-07-2013,0.50687072
23-07-2013,0.46156384
24-07-2013,0.424752
25-07-2013,0.40209856
26-07-2013,0.37378176
27-07-2013,0.34546496
28-07-2013,0.32281152
29-07-2013,0.30582144
30-07-2013,0.30298976
31-07-2013,0.2973264
01-08-2013,0.30298976
02-08-2013,0.41625696
03-08-2013,0.3398016
04-08-2013,0.29166304
05-08-2013,0.280053152
06-08-2013,0.277787808
07-08-2013,0.240409632
08-08-2013,0.224835392
09-08-2013,0.221437376
10-08-2013,0.33696992
11-08-2013,1.56308736
12-08-2013,1.18081056
13-08-2013,0.920296
14-08-2013,0.67110816
15-08-2013,0.51536576
16-08-2013,0.44174208
17-08-2013,0.40776192
18-08-2013,0.37095008
19-08-2013,0.3256432
20-08-2013,0.30015808
21-08-2013,0.281185824
22-08-2013,0.271274944
23-08-2013,0.25909872
24-08-2013,0.33696992
25-08-2013,0.246922496
26-08-2013,0.229649248
27-08-2013,0.207845312
28-08-2013,0.188873056
29-08-2013,0.175280992
30-08-2013,0.1628216
31-08-2013,0.204447296
01-09-2013,0.26617792
02-09-2013,0.188023552
03-09-2013,0.189439392
04-09-2013,0.161122592
05-09-2013,0.142716672
06-09-2013,0.142433504
07-09-2013,0.135637472
08-09-2013,0.124877088
09-09-2013,0.167918624
10-09-2013,0.126576096
11-09-2013,0.118647392
12-09-2013,0.114399872
13-09-2013,0.11609888
14-09-2013,0.116665216
15-09-2013,0.113833536
16-09-2013,0.126292928
17-09-2013,0.125160256
18-09-2013,0.129407776
19-09-2013,0.125160256
20-09-2013,0.129124608
21-09-2013,0.119780064
22-09-2013,0.113550368
23-09-2013,0.100807808
24-09-2013,0.093728608
25-09-2013,0.096560288
26-09-2013,0.107887008
27-09-2013,0.132239456
28-09-2013,0.20388096
29-09-2013,0.13167312
30-09-2013,0.116948384
01-10-2013,0.103639488
02-10-2013,0.103922656
03-10-2013,0.13733648
04-10-2013,0.124027584
05-10-2013,0.11609888
06-10-2013,0.116382048
07-10-2013,0.122328576
08-10-2013,0.119496896
09-10-2013,0.113550368
10-10-2013,0.1132672
11-10-2013,0.107887008
12-10-2013,0.09627712
13-10-2013,0.0920296
14-10-2013,1.36770144
15-10-2013,0.99675136
16-10-2013,0.61730624
17-10-2013,0.53235584
18-10-2013,0.39360352
19-10-2013,0.33413824
20-10-2013,0.278070976
21-10-2013,0.255134368
22-10-2013,0.254284864
23-10-2013,0.242674976
24-10-2013,0.228799744
25-10-2013,0.200199776
26-10-2013,0.205863136
27-10-2013,0.195952256
28-10-2013,0.204164128
29-10-2013,0.254568032
30-10-2013,0.240975968
31-10-2013,0.241259136
01-11-2013,0.233330432
02-11-2013,0.2194552
03-11-2013,0.203314624
04-11-2013,0.204730464
05-11-2013,0.244657152
06-11-2013,0.30865312
07-11-2013,0.24494032
08-11-2013,0.250037344
09-11-2013,0.2690096
10-11-2013,0.258815552
11-11-2013,0.2406928
12-11-2013,0.212376
13-11-2013,0.2265344
14-11-2013,0.2265344
15-11-2013,0.2265344
16-11-2013,0.283168
17-11-2013,0.283168
18-11-2013,0.2690096
19-11-2013,0.2690096
20-11-2013,0.2690096
21-11-2013,0.2548512
22-11-2013,0.2265344
23-11-2013,0.1982176
24-11-2013,0.212376
25-11-2013,0.2265344
26-11-2013,0.212376
27-11-2013,0.1982176
28-11-2013,0.1840592
29-11-2013,0.1840592
30-11-2013,0.1840592
01-12-2013,0.1840592
02-12-2013,0.1982176
03-12-2013,0.1982176
04-12-2013,0.141584
05-12-2013,0.11893056
06-12-2013,0.09627712
07-12-2013,0.06796032
08-12-2013,0.07362368
09-12-2013,0.07362368
10-12-2013,0.0849504
11-12-2013,0.0849504
12-12-2013,0.09627712
13-12-2013,0.09627712
14-12-2013,0.09627712
15-12-2013,0.09627712
16-12-2013,0.0991088
17-12-2013,0.10194048
18-12-2013,0.1132672
19-12-2013,0.10194048
20-12-2013,0.09627712
21-12-2013,0.09061376
22-12-2013,0.07928704
23-12-2013,0.06796032
24-12-2013,0.06229696
25-12-2013,0.06796032
26-12-2013,0.07362368
27-12-2013,0.07928704
28-12-2013,0.0849504
29-12-2013,0.07928704
30-12-2013,0.07362368
31-12-2013,0.06796032
01-01-2014,0.06229696
02-01-2014,0.0566336
03-01-2014,0.06229696
04-01-2014,0.06229696
05-01-2014,0.0566336
06-01-2014,0.05097024
07-01-2014,0.05380192
08-01-2014,0.0566336
09-01-2014,0.06229696
10-01-2014,0.06796032
11-01-2014,0.07362368
12-01-2014,0.07928704
13-01-2014,0.07928704
14-01-2014,0.07928704
15-01-2014,0.07645536
16-01-2014,0.07362368
17-01-2014,0.07362368
18-01-2014,0.07362368
19-01-2014,0.07928704
20-01-2014,0.07928704
21-01-2014,0.07362368
22-01-2014,0.06796032
23-01-2014,0.06796032
24-01-2014,0.06796032
25-01-2014,0.06229696
26-01-2014,0.05380192
27-01-2014,0.05380192
28-01-2014,0.0566336
29-01-2014,0.0566336
30-01-2014,0.0566336
31-01-2014,0.0566336
01-02-2014,0.0566336
02-02-2014,0.0566336
03-02-2014,0.0566336
04-02-2014,0.0566336
05-02-2014,0.05097024
06-02-2014,0.04813856
07-02-2014,0.04813856
08-02-2014,0.05097024
09-02-2014,0.04813856
10-02-2014,0.0424752
11-02-2014,0.04530688
12-02-2014,0.04530688
13-02-2014,0.04530688
14-02-2014,0.0424752
15-02-2014,0.0424752
16-02-2014,0.0424752
17-02-2014,0.04813856
18-02-2014,0.04530688
19-02-2014,0.04530688
20-02-2014,0.04530688
21-02-2014,0.0424752
22-02-2014,0.03964352
23-02-2014,0.03681184
24-02-2014,0.03681184
25-02-2014,0.03681184
26-02-2014,0.03681184
27-02-2014,0.03681184
28-02-2014,0.03964352
01-03-2014,0.03964352
02-03-2014,0.03681184
03-03-2014,0.03681184
04-03-2014,0.0424752
05-03-2014,0.04813856
06-03-2014,0.05380192
07-03-2014,0.05380192
08-03-2014,0.0566336
09-03-2014,0.1982176
10-03-2014,1.132672
11-03-2014,5.66336
12-03-2014,6.229696
13-03-2014,5.804944
14-03-2014,5.66336
15-03-2014,3.964352
16-03-2014,2.83168
17-03-2014,2.406928
18-03-2014,1.982176
19-03-2014,1.4724736
20-03-2014,1.699008
21-03-2014,1.699008
22-03-2014,1.41584
23-03-2014,1.41584
24-03-2014,1.132672
25-03-2014,1.132672
26-03-2014,1.132672
27-03-2014,1.132672
28-03-2014,0.849504
29-03-2014,0.849504
30-03-2014,0.849504
31-03-2014,0.849504
01-04-2014,0.70792
02-04-2014,0.70792
03-04-2014,0.7645536
04-04-2014,0.91746432
05-04-2014,0.83817728
06-04-2014,0.80136544
07-04-2014,0.849504
08-04-2014,0.85233568
09-04-2014,0.8211872
10-04-2014,1.02506816
11-04-2014,1.09869184
12-04-2014,1.08170176
13-04-2014,1.09302848
14-04-2014,1.00241472
15-04-2014,0.88065248
16-04-2014,0.97409792
17-04-2014,0.95993952
18-04-2014,0.85516736
19-04-2014,0.75322688
20-04-2014,0.7220784
21-04-2014,0.73340512
22-04-2014,0.72774176
23-04-2014,0.71924672
24-04-2014,0.73057344
25-04-2014,0.87215744
26-04-2014,0.90047424
27-04-2014,0.82401888
28-04-2014,0.8211872
29-04-2014,0.95993952
30-04-2014,1.06188
01-05-2014,1.16948384
02-05-2014,1.0760384
03-05-2014,0.94011776
04-05-2014,0.84667232
05-05-2014,0.778712
06-05-2014,0.74190016
07-05-2014,0.71075168
08-05-2014,0.72491008
09-05-2014,0.69659328
10-05-2014,0.73906848
11-05-2014,1.02223648
12-05-2014,1.20629568
13-05-2014,1.34221632
14-05-2014,1.557424
15-05-2014,1.36770144
16-05-2014,1.15532544
17-05-2014,1.05621664
18-05-2014,0.95993952
19-05-2014,0.90330592
20-05-2014,0.91180096
21-05-2014,0.94011776
22-05-2014,0.99391968
23-05-2014,0.92312768
24-05-2014,0.86649408
25-05-2014,0.81835552
26-05-2014,0.778712
27-05-2014,0.77304864
28-05-2014,1.09586016
29-05-2014,0.8636624
30-05-2014,0.83817728
31-05-2014,0.91746432
01-06-2014,2.72407616
02-06-2014,12.0912736
03-06-2014,16.0273088
04-06-2014,11.7231552
05-06-2014,11.043552
06-06-2014,12.5160256
07-06-2014,8.919792
08-06-2014,6.6827648
09-06-2014,6.512864
10-06-2014,6.3146464
11-06-2014,5.0687072
12-06-2014,3.9360352
13-06-2014,3.1997984
14-06-2014,6.088112
15-06-2014,18.547504
16-06-2014,20.671264
17-06-2014,60.597952
18-06-2014,63.995968
19-06-2014,63.429632
20-06-2014,31.14848
21-06-2014,18.6607712
22-06-2014,15.3760224
23-06-2014,13.0540448
24-06-2014,11.468304
25-06-2014,10.052464
26-06-2014,8.4667232
27-06-2014,7.2774176
28-06-2014,6.5694976
29-06-2014,6.5978144
30-06-2014,6.3995968
01-07-2014,5.3518752
02-07-2014,4.6439552
03-07-2014,4.105936
04-07-2014,3.5962336
05-07-2014,3.2847488
06-07-2014,2.8599968
07-07-2014,2.62779904
08-07-2014,2.46922496
09-07-2014,2.29082912
10-07-2014,2.14075008
11-07-2014,2.29932416
12-07-2014,2.02181952
13-07-2014,1.93120576
14-07-2014,1.73015648
15-07-2014,1.6140576
16-07-2014,1.56875072
17-07-2014,1.48096864
18-07-2014,1.37619648
19-07-2014,1.29690944
20-07-2014,1.2459392
21-07-2014,1.203464
22-07-2014,1.14966208
23-07-2014,1.03922656
24-07-2014,1.05338496
25-07-2014,1.07320672
26-07-2014,1.1185136
27-07-2014,1.01374144
28-07-2014,1.01374144
29-07-2014,0.9486128
30-07-2014,0.89481088
31-07-2014,0.91180096
01-08-2014,0.8353456
02-08-2014,0.72491008
03-08-2014,0.6937616
04-08-2014,0.64279136
05-08-2014,0.66261312
06-08-2014,1.05621664
07-08-2014,0.79570208
08-08-2014,1.24877088
09-08-2014,0.80419712
10-08-2014,0.77588032
11-08-2014,0.72774176
12-08-2014,0.68809824
13-08-2014,0.63146464
14-08-2014,0.61164288
15-08-2014,0.91746432
16-08-2014,1.67352288
17-08-2014,1.61972096
18-08-2014,1.05055328
19-08-2014,0.83817728
20-08-2014,0.75605856
21-08-2014,0.72774176
22-08-2014,0.67110816
23-08-2014,1.628216
24-08-2014,3.4546496
25-08-2014,2.46639328
26-08-2014,1.91704736
27-08-2014,1.49229536
28-08-2014,1.45548352
29-08-2014,2.07278976
30-08-2014,2.11526496
31-08-2014,1.84625536
01-09-2014,1.62255264
02-09-2014,1.32805792
03-09-2014,1.13833536
04-09-2014,1.04488992
05-09-2014,0.95427616
06-09-2014,0.8636624
07-09-2014,0.77588032
08-09-2014,0.81835552
09-09-2014,2.00199776
10-09-2014,1.699008
11-09-2014,1.56308736
12-09-2014,1.33372128
13-09-2014,1.14966208
14-09-2014,1.04205824
15-09-2014,1.20063232
16-09-2014,1.03922656
17-09-2014,0.95993952
18-09-2014,0.90047424
19-09-2014,0.849504
20-09-2014,0.81269216
21-09-2014,0.72774176
22-09-2014,0.71924672
23-09-2014,0.73057344
24-09-2014,0.70508832
25-09-2014,0.69942496
26-09-2014,0.6512864
27-09-2014,0.62013792
28-09-2014,0.637128
29-09-2014,0.88914752
30-09-2014,0.71641504
01-10-2014,0.71358336
02-10-2014,0.78720704
03-10-2014,0.70225664
04-10-2014,0.64845472
05-10-2014,0.66261312
06-10-2014,0.64845472
07-10-2014,0.62580128
08-10-2014,0.60031616
09-10-2014,0.60597952
10-10-2014,0.5804944
11-10-2014,0.56916768
12-10-2014,0.54934592
13-10-2014,0.62580128
14-10-2014,0.60031616
15-10-2014,0.5804944
16-10-2014,0.5521776
17-10-2014,0.49837568
18-10-2014,0.48988064
19-10-2014,0.47855392
20-10-2014,0.47855392
21-10-2014,0.47289056
22-10-2014,0.58615776
23-10-2014,0.53518752
24-10-2014,0.53235584
25-10-2014,0.51253408
26-10-2014,0.49271232
27-10-2014,0.49837568
28-10-2014,0.4813856
29-10-2014,0.4813856
30-10-2014,0.495544
31-10-2014,0.4672272
01-11-2014,0.47855392
02-11-2014,0.47855392
03-11-2014,0.49837568
04-11-2014,0.49837568
05-11-2014,0.50120736
06-11-2014,0.495544
07-11-2014,0.49271232
08-11-2014,0.48704896
09-11-2014,0.46156384
10-11-2014,0.424752
11-11-2014,0.39077184
12-11-2014,0.39360352
13-11-2014,0.37095008
14-11-2014,0.33130656
15-11-2014,0.34263328
16-11-2014,0.32847488
17-11-2014,0.31714816
18-11-2014,0.29166304
19-11-2014,0.283168
20-11-2014,0.31997984
21-11-2014,0.3398016
22-11-2014,0.3964352
23-11-2014,0.424752
24-11-2014,0.424752
25-11-2014,0.3964352
26-11-2014,0.3964352
27-11-2014,0.3681184
28-11-2014,0.3681184
29-11-2014,0.3681184
30-11-2014,0.3398016
01-12-2014,0.283168
02-12-2014,0.262213568
03-12-2014,0.258815552
04-12-2014,0.260231392
05-12-2014,0.263912576
06-12-2014,0.265611584
07-12-2014,0.271558112
08-12-2014,0.282601664
09-12-2014,0.272973952
10-12-2014,0.26617792
11-12-2014,0.272973952
12-12-2014,0.283168
13-12-2014,0.3398016
14-12-2014,0.3964352
15-12-2014,0.424752
16-12-2014,0.3964352
17-12-2014,0.3964352
18-12-2014,0.3681184
19-12-2014,0.3681184
20-12-2014,0.3681184
21-12-2014,0.3681184
22-12-2014,0.424752
23-12-2014,0.424752
24-12-2014,0.424752
25-12-2014,0.424752
26-12-2014,0.424752
27-12-2014,0.3964352
28-12-2014,0.3681184
29-12-2014,0.3114848
30-12-2014,0.283168
31-12-2014,0.283168
01-01-2015,0.283168
02-01-2015,0.283168
03-01-2015,0.2548512
04-01-2015,0.2406928
05-01-2015,0.2265344
06-01-2015,0.212376
07-01-2015,0.212376
08-01-2015,0.2265344
09-01-2015,0.212376
10-01-2015,0.212376
11-01-2015,0.212376
12-01-2015,0.2265344
13-01-2015,0.212376
14-01-2015,0.1982176
15-01-2015,0.1982176
16-01-2015,0.214924512
17-01-2015,0.232764096
18-01-2015,0.258532384
19-01-2015,0.283168
20-01-2015,0.3114848
21-01-2015,0.3114848
22-01-2015,0.3114848
23-01-2015,0.3114848
24-01-2015,0.3114848
25-01-2015,0.3964352
26-01-2015,0.424752
27-01-2015,0.4530688
28-01-2015,0.4530688
29-01-2015,0.424752
30-01-2015,0.566336
31-01-2015,0.5380192
01-02-2015,0.5097024
02-02-2015,0.5097024
03-02-2015,0.566336
04-02-2015,0.566336
05-02-2015,0.54085088
06-02-2015,0.52952416
07-02-2015,0.57483104
08-02-2015,0.65694976
09-02-2015,0.65411808
10-02-2015,0.6796032
11-02-2015,0.6229696
12-02-2015,0.6229696
13-02-2015,0.6229696
14-02-2015,0.6229696
15-02-2015,0.5946528
16-02-2015,0.566336
17-02-2015,0.5380192
18-02-2015,0.4813856
19-02-2015,0.45873216
20-02-2015,0.4530688
21-02-2015,0.4530688
22-02-2015,0.3964352
23-02-2015,0.3398016
24-02-2015,0.3398016
25-02-2015,0.3398016
26-02-2015,0.3398016
27-02-2015,0.33130656
28-02-2015,0.283168
01-03-2015,0.3114848
02-03-2015,0.3114848
03-03-2015,0.3114848
04-03-2015,0.283168
05-03-2015,0.283168
06-03-2015,0.3114848
07-03-2015,0.424752
08-03-2015,0.566336
09-03-2015,1.274256
10-03-2015,2.548512
11-03-2015,3.398016
12-03-2015,3.256432
13-03-2015,2.83168
14-03-2015,2.265344
15-03-2015,2.12376
16-03-2015,1.93403744
17-03-2015,1.61122592
18-03-2015,1.35071136
19-03-2015,1.2176224
20-03-2015,1.12700864
21-03-2015,1.10152352
22-03-2015,1.06471168
23-03-2015,1.02789984
24-03-2015,1.04205824
25-03-2015,1.0760384
26-03-2015,1.02789984
27-03-2015,0.95427616
28-03-2015,0.93162272
29-03-2015,0.96843456
30-03-2015,0.92879104
31-03-2015,0.89764256
01-04-2015,0.91180096
02-04-2015,0.94294944
03-04-2015,0.920296
04-04-2015,0.9061376
05-04-2015,0.90896928
06-04-2015,0.90047424
07-04-2015,1.00807808
08-04-2015,0.9769296
09-04-2015,1.15815712
10-04-2015,1.23744416
11-04-2015,1.22328576
12-04-2015,1.15532544
13-04-2015,1.05055328
14-04-2015,0.95144448
15-04-2015,0.89481088
16-04-2015,0.86932576
17-04-2015,0.81552384
18-04-2015,0.83251392
19-04-2015,0.849504
20-04-2015,0.849504
21-04-2015,0.78720704
22-04-2015,0.72491008
23-04-2015,0.68809824
24-04-2015,0.65411808
25-04-2015,0.70225664
26-04-2015,0.71924672
27-04-2015,0.71924672
28-04-2015,0.73340512
29-04-2015,0.69659328
30-04-2015,0.6654448
01-05-2015,0.64562304
02-05-2015,0.63995968
03-05-2015,0.6229696
04-05-2015,0.60597952
05-05-2015,0.57199936
06-05-2015,0.61730624
07-05-2015,0.63429632
08-05-2015,0.6654448
09-05-2015,0.67393984
10-05-2015,1.01374144
11-05-2015,0.88914752
12-05-2015,0.8919792
13-05-2015,0.84384064
14-05-2015,0.920296
15-05-2015,0.83251392
16-05-2015,3.1714816
17-05-2015,5.2669248
18-05-2015,3.9360352
19-05-2015,3.1714816
20-05-2015,2.62779904
21-05-2015,2.01615616
22-05-2015,1.54892896
23-05-2015,1.3025728
24-05-2015,1.32239456
25-05-2015,1.23744416
26-05-2015,1.20912736
27-05-2015,1.12700864
28-05-2015,1.0194048
29-05-2015,1.47813696
30-05-2015,1.30540448
31-05-2015,1.23461248
01-06-2015,1.14116704
02-06-2015,1.04488992
03-06-2015,1.48380032
04-06-2015,1.00241472
05-06-2015,1.47530528
06-06-2015,2.09827488
07-06-2015,3.7944512
08-06-2015,3.6245504
09-06-2015,3.398016
10-06-2015,3.5396
11-06-2015,3.3696992
12-06-2015,2.80619488
13-06-2015,2.34179936
14-06-2015,1.97368096
15-06-2015,2.34179936
16-06-2015,1.68768128
17-06-2015,1.4441568
18-06-2015,1.2884144
19-06-2015,1.18081056
20-06-2015,1.27708768
21-06-2015,1.14399872
22-06-2015,2.38427456
23-06-2015,2.09827488
24-06-2015,1.75847328
25-06-2015,1.78962176
26-06-2015,2.04447296
27-06-2015,1.90288896
28-06-2015,1.68768128
29-06-2015,1.41017664
30-06-2015,1.2317808
01-07-2015,1.2176224
02-07-2015,1.10152352
03-07-2015,1.02223648
04-07-2015,0.94294944
05-07-2015,0.849504
06-07-2015,7.503952
07-07-2015,25.7966048
08-07-2015,21.9738368
09-07-2015,15.6591904
10-07-2015,12.6576096
11-07-2015,9.4578112
12-07-2015,6.4279136
13-07-2015,4.95544
14-07-2015,4.0209856
15-07-2015,3.3696992
16-07-2015,2.973264
17-07-2015,2.619304
18-07-2015,2.25968064
19-07-2015,1.86324544
20-07-2015,1.6848496
21-07-2015,1.46114688
22-07-2015,1.2884144
23-07-2015,1.1609888
24-07-2015,1.04205824
25-07-2015,1.12417696
26-07-2015,2.00766112
27-07-2015,1.41017664
28-07-2015,2.31348256
29-07-2015,1.88873056
30-07-2015,1.55176064
31-07-2015,1.31956288
01-08-2015,1.13550368
02-08-2015,0.98542464
03-08-2015,0.85799904
04-08-2015,0.76738528
05-08-2015,0.69942496
06-08-2015,0.66827648
07-08-2015,0.63429632
08-08-2015,0.56916768
09-08-2015,0.54368256
10-08-2015,0.55784096
11-08-2015,0.6937616
12-08-2015,0.6654448
13-08-2015,0.56916768
14-08-2015,0.52669248
15-08-2015,0.48988064
16-08-2015,1.18364224
17-08-2015,2.36162112
18-08-2015,2.973264
19-08-2015,3.6245504
20-08-2015,3.2281152
21-08-2015,2.61647232
22-08-2015,2.03314624
23-08-2015,1.60273088
24-08-2015,1.31106784
25-08-2015,1.08453344
26-08-2015,0.92312768
27-08-2015,19.5952256
28-08-2015,11.185136
29-08-2015,3.9077184
30-08-2015,2.30215584
31-08-2015,1.5432656
01-09-2015,1.21195904
02-09-2015,1.05055328
03-09-2015,0.9344544
04-09-2015,0.849504
05-09-2015,0.778712
06-09-2015,0.73057344
07-09-2015,0.70792
08-09-2015,0.9344544
09-09-2015,0.7503952
10-09-2015,0.76738528
11-09-2015,0.7645536
12-09-2015,0.73906848
13-09-2015,0.71924672
14-09-2015,0.70225664
15-09-2015,0.67110816
16-09-2015,0.637128
17-09-2015,0.61447456
18-09-2015,0.60031616
19-09-2015,0.58332608
20-09-2015,0.56067264
21-09-2015,0.55500928
22-09-2015,0.54085088
23-09-2015,0.68809824
24-09-2015,2.07562144
25-09-2015,1.77829504
26-09-2015,1.56308736
27-09-2015,1.28558272
28-09-2015,1.1609888
29-09-2015,1.18364224
30-09-2015,0.99675136
01-10-2015,0.9344544
02-10-2015,0.86932576
03-10-2015,0.78437536
04-10-2015,0.74473184
05-10-2015,0.71075168
06-10-2015,0.68243488
07-10-2015,0.65411808
08-10-2015,0.63429632
09-10-2015,0.59748448
10-10-2015,0.59182112
11-10-2015,0.56350432
12-10-2015,0.51819744
13-10-2015,0.53518752
14-10-2015,0.50120736
15-10-2015,0.4813856
16-10-2015,0.46439552
17-10-2015,0.46439552
18-10-2015,0.44740544
19-10-2015,0.43607872
20-10-2015,0.44174208
21-10-2015,0.43041536
22-10-2015,0.4105936
23-10-2015,3.7661344
24-10-2015,2.68726432
25-10-2015,1.87174048
26-10-2015,1.58290912
27-10-2015,1.30823616
28-10-2015,1.1185136
29-10-2015,1.0052464
30-10-2015,0.9486128
31-10-2015,0.99958304
01-11-2015,0.96843456
02-11-2015,0.91463264
03-11-2015,0.86649408
04-11-2015,0.8353456
05-11-2015,0.8070288
06-11-2015,0.78154368
07-11-2015,0.75322688
08-11-2015,0.73340512
09-11-2015,0.7220784
10-11-2015,0.71358336
11-11-2015,1.03073152
12-11-2015,0.79853376
13-11-2015,0.77304864
14-11-2015,0.74190016
15-11-2015,0.71924672
16-11-2015,0.8070288
17-11-2015,1.0901968
18-11-2015,7.0225664
19-11-2015,6.088112
20-11-2015,3.964352
21-11-2015,2.83168
22-11-2015,2.548512
23-11-2015,2.265344
24-11-2015,2.265344
25-11-2015,2.265344
26-11-2015,2.12376
27-11-2015,1.699008
28-11-2015,1.699008
29-11-2015,1.699008
30-11-2015,1.699008
01-12-2015,1.699008
02-12-2015,1.557424
03-12-2015,1.41584
04-12-2015,1.557424
05-12-2015,1.699008
06-12-2015,1.699008
07-12-2015,1.840592
08-12-2015,1.982176
09-12-2015,2.12376
10-12-2015,2.265344
11-12-2015,3.114848
12-12-2015,3.114848
13-12-2015,2.83168
14-12-2015,2.83168
15-12-2015,2.83168
16-12-2015,2.548512
17-12-2015,2.12376
18-12-2015,2.12376
19-12-2015,2.12376
20-12-2015,2.12376
21-12-2015,2.17473024
22-12-2015,2.1803936
23-12-2015,2.1520768
24-12-2015,2.12376
25-12-2015,1.982176
26-12-2015,1.699008
27-12-2015,1.557424
28-12-2015,1.557424
29-12-2015,1.699008
30-12-2015,1.557424
31-12-2015,1.557424
01-01-2016,1.557424
02-01-2016,1.41584
03-01-2016,1.41584
04-01-2016,1.41584
05-01-2016,1.41584
06-01-2016,1.41584
07-01-2016,1.41584
08-01-2016,1.41584
09-01-2016,1.3592064
10-01-2016,1.274256
11-01-2016,1.274256
12-01-2016,1.274256
13-01-2016,1.132672
14-01-2016,1.132672
15-01-2016,1.132672
16-01-2016,1.132672
17-01-2016,0.991088
18-01-2016,0.991088
19-01-2016,1.0477216
20-01-2016,1.0760384
21-01-2016,1.0760384
22-01-2016,0.991088
23-01-2016,0.991088
24-01-2016,0.991088
25-01-2016,0.991088
26-01-2016,0.991088
27-01-2016,0.991088
28-01-2016,0.991088
29-01-2016,0.991088
30-01-2016,0.991088
31-01-2016,0.9627712
01-02-2016,1.0194048
02-02-2016,0.991088
03-02-2016,0.9627712
04-02-2016,0.991088
05-02-2016,0.9627712
06-02-2016,0.9627712
07-02-2016,0.9627712
08-02-2016,0.991088
09-02-2016,0.991088
10-02-2016,0.991088
11-02-2016,0.9627712
12-02-2016,0.9627712
13-02-2016,0.9627712
14-02-2016,0.9344544
15-02-2016,0.9061376
16-02-2016,0.9061376
17-02-2016,0.8778208
18-02-2016,0.9627712
19-02-2016,1.41584
20-02-2016,5.66336
21-02-2016,14.1584
22-02-2016,14.1584
23-02-2016,11.32672
24-02-2016,9.91088
25-02-2016,8.49504
26-02-2016,6.796032
27-02-2016,7.0792
28-02-2016,8.49504
29-02-2016,7.928704
01-03-2016,5.097024
02-03-2016,5.097024
03-03-2016,5.66336
04-03-2016,5.66336
05-03-2016,6.796032
06-03-2016,8.1552384
07-03-2016,8.6932576
08-03-2016,8.5799904
09-03-2016,7.1641504
10-03-2016,6.2580128
11-03-2016,5.521776
12-03-2016,4.9837568
13-03-2016,4.672272
14-03-2016,4.530688
15-03-2016,4.389104
16-03-2016,4.1625696
17-03-2016,3.822768
18-03-2016,3.4829664
19-03-2016,3.3130656
20-03-2016,3.114848
21-03-2016,3.0298976
22-03-2016,3.0582144
23-03-2016,3.0298976
24-03-2016,2.690096
25-03-2016,3.5396
26-03-2016,4.4740544
27-03-2016,5.521776
28-03-2016,6.9092992
29-03-2016,11.5532544
30-03-2016,15.0645376
31-03-2016,17.2449312
01-04-2016,17.273248
02-04-2016,14.2716672
03-04-2016,11.468304
04-04-2016,9.5427616
05-04-2016,8.2685056
06-04-2016,7.8720704
07-04-2016,7.3340512
08-04-2016,6.796032
09-04-2016,6.0314784
10-04-2016,5.6916768
11-04-2016,5.2669248
12-04-2016,4.7855392
13-04-2016,4.5023712
14-04-2016,4.3041536
15-04-2016,4.0493024
16-04-2016,3.822768
17-04-2016,3.6528672
18-04-2016,4.0776192
19-04-2016,5.238608
20-04-2016,6.5411808
21-04-2016,10.8736512
22-04-2016,11.043552
23-04-2016,8.8065248
24-04-2016,8.070288
25-04-2016,7.4190016
26-04-2016,6.5978144
27-04-2016,11.3550368
28-04-2016,25.2869024
29-04-2016,22.936608
30-04-2016,20.8977984
01-05-2016,31.431648
02-05-2016,27.7221472
03-05-2016,21.4358176
04-05-2016,17.1599808
05-05-2016,14.3566176
06-05-2016,12.600976
07-05-2016,11.3550368
08-05-2016,10.335632
09-05-2016,9.7976128
10-05-2016,9.4011776
11-05-2016,10.1657312
12-05-2016,12.03464
13-05-2016,10.9586016
14-05-2016,9.627712
15-05-2016,8.5516736
16-05-2016,7.6172192
17-05-2016,6.9092992
18-05-2016,6.2580128
19-05-2016,5.7483104
20-05-2016,5.4651424
21-05-2016,5.1819744
22-05-2016,4.8704896
23-05-2016,6.0031616
24-05-2016,6.0314784
25-05-2016,6.4845472
26-05-2016,6.229696
27-05-2016,6.4562304
28-05-2016,9.4294944
29-05-2016,13.6486976
30-05-2016,12.2611744
31-05-2016,14.8946368
01-06-2016,15.9140416
02-06-2016,14.583152
03-06-2016,12.2328576
04-06-2016,11.4116704
05-06-2016,10.7037504
06-06-2016,9.344544
07-06-2016,8.2685056
08-06-2016,7.503952
09-06-2016,6.654448
10-06-2016,5.9182112
11-06-2016,5.3518752
12-06-2016,4.8421728
13-06-2016,4.5023712
14-06-2016,4.9271232
15-06-2016,5.2102912
16-06-2016,4.6156384
17-06-2016,4.1342528
18-06-2016,3.9926688
19-06-2016,4.24752
20-06-2016,4.0209856
21-06-2016,3.5962336
22-06-2016,3.5396
23-06-2016,3.2281152
24-06-2016,3.0865312
25-06-2016,3.0298976
26-06-2016,2.9449472
27-06-2016,2.79486816
28-06-2016,2.65328416
29-06-2016,3.1714816
30-06-2016,2.8599968
01-07-2016,2.69575936
02-07-2016,2.52302688
03-07-2016,2.41259136
04-07-2016,2.33047264
05-07-2016,2.25684896
06-07-2016,2.13508672
07-07-2016,2.48904672
08-07-2016,2.29082912
09-07-2016,2.14075008
10-07-2016,1.98783936
11-07-2016,1.94819584
12-07-2016,2.19172032
13-07-2016,2.05013632
14-07-2016,1.8122752
15-07-2016,1.67352288
16-07-2016,1.59140416
17-07-2016,1.63104768
18-07-2016,1.48946368
19-07-2016,2.18888864
20-07-2016,1.57441408
21-07-2016,1.40734496
22-07-2016,1.28558272
23-07-2016,1.80661184
24-07-2016,1.5715824
25-07-2016,1.52344384
26-07-2016,1.33372128
27-07-2016,1.21479072
28-07-2016,1.12134528
29-07-2016,1.0477216
30-07-2016,0.94011776
31-07-2016,0.88914752
01-08-2016,0.8353456
02-08-2016,0.81269216
03-08-2016,0.79003872
04-08-2016,0.77021696
05-08-2016,0.70508832
06-08-2016,0.67677152
07-08-2016,0.6512864
08-08-2016,0.63146464
09-08-2016,0.60031616
10-08-2016,0.58332608
11-08-2016,1.39884992
12-08-2016,1.05621664
13-08-2016,0.81269216
14-08-2016,0.72491008
15-08-2016,0.73906848
16-08-2016,0.66827648
17-08-2016,0.60031616
18-08-2016,0.56067264
19-08-2016,0.54085088
20-08-2016,0.62863296
21-08-2016,0.69092992
22-08-2016,0.76172192
23-08-2016,0.71075168
24-08-2016,0.66827648
25-08-2016,0.62013792
26-08-2016,0.55500928
27-08-2016,0.7645536
28-08-2016,0.58332608
29-08-2016,0.54368256
30-08-2016,0.49837568
31-08-2016,0.47289056
01-09-2016,0.45023712
02-09-2016,0.44174208
03-09-2016,0.40776192
04-09-2016,0.39077184
05-09-2016,2.53152192
06-09-2016,1.19496896
07-09-2016,1.14116704
08-09-2016,0.8636624
09-09-2016,0.8353456
10-09-2016,0.69942496
11-09-2016,0.63429632
12-09-2016,0.58332608
13-09-2016,0.54368256
14-09-2016,0.50403904
15-09-2016,7.9003872
16-09-2016,5.2952416
17-09-2016,3.0582144
18-09-2016,1.82077024
19-09-2016,1.20912736
20-09-2016,0.95993952
21-09-2016,0.82685056
22-09-2016,0.80986048
23-09-2016,0.86932576
24-09-2016,0.95427616
25-09-2016,1.17797888
26-09-2016,0.97976128
27-09-2016,0.85799904
28-09-2016,0.75322688
29-09-2016,0.68526656
30-09-2016,0.65411808
01-10-2016,0.64562304
02-10-2016,0.637128
03-10-2016,0.6229696
04-10-2016,4.0493024
05-10-2016,4.8421728
06-10-2016,4.1625696
07-10-2016,3.6245504
08-10-2016,2.973264
09-10-2016,2.41825472
10-10-2016,1.9538592
11-10-2016,1.64803776
12-10-2016,1.43849344
13-10-2016,1.30540448
14-10-2016,1.19780064
15-10-2016,1.14116704
16-10-2016,1.0760384
17-10-2016,1.08170176
18-10-2016,1.06471168
19-10-2016,1.00807808
20-10-2016,0.9627712
21-10-2016,0.93728608
22-10-2016,0.9344544
23-10-2016,0.92312768
24-10-2016,0.90047424
25-10-2016,0.84667232
26-10-2016,0.85799904
27-10-2016,0.91746432
28-10-2016,0.92312768
29-10-2016,0.90047424
30-10-2016,0.87215744
31-10-2016,0.86083072
01-11-2016,0.86649408
02-11-2016,0.87498912
03-11-2016,0.85516736
04-11-2016,0.81269216
05-11-2016,0.81835552
06-11-2016,0.81552384
07-11-2016,0.81552384
08-11-2016,0.81835552
09-11-2016,0.8353456
10-11-2016,0.84100896
11-11-2016,0.81835552
12-11-2016,0.80986048
13-11-2016,0.80986048
14-11-2016,0.8070288
15-11-2016,0.82968224
16-11-2016,0.83251392
17-11-2016,0.81835552
18-11-2016,0.637128
19-11-2016,0.283168
20-11-2016,0.277221472
21-11-2016,0.43607872
22-11-2016,0.77021696
23-11-2016,1.2176224
24-11-2016,1.37053312
25-11-2016,1.39601824
26-11-2016,1.38469152
27-11-2016,1.56025568
28-11-2016,3.0015808
29-11-2016,3.681184
30-11-2016,3.5396
01-12-2016,2.8883136
02-12-2016,2.36728448
03-12-2016,1.90572064
04-12-2016,1.45265184
05-12-2016,1.0194048
06-12-2016,0.75605856
07-12-2016,1.12984032
08-12-2016,1.52344384
09-12-2016,1.18647392
10-12-2016,1.05055328
11-12-2016,1.0194048
12-12-2016,1.0052464
13-12-2016,0.92312768
14-12-2016,0.86083072
15-12-2016,0.85516736
16-12-2016,0.7928704
17-12-2016,0.75322688
18-12-2016,0.7503952
19-12-2016,0.76738528
20-12-2016,0.78720704
21-12-2016,0.78437536
22-12-2016,0.80136544
23-12-2016,0.79003872
24-12-2016,0.7928704
25-12-2016,1.5291072
26-12-2016,3.1431648
27-12-2016,3.4546496
28-12-2016,3.6245504
29-12-2016,2.74389792
30-12-2016,2.12376
31-12-2016,1.83776032
01-01-2017,1.69334464
02-01-2017,1.5007904
03-01-2017,1.31106784
04-01-2017,1.14966208
05-01-2017,1.0052464
06-01-2017,0.920296
07-01-2017,0.84667232
08-01-2017,0.77021696
09-01-2017,0.7362368
10-01-2017,0.71924672
11-01-2017,0.69092992
12-01-2017,0.6512864
13-01-2017,0.62580128
14-01-2017,0.60031616
15-01-2017,0.5804944
16-01-2017,0.58332608
17-01-2017,0.58332608
18-01-2017,0.58615776
19-01-2017,0.64845472
20-01-2017,2.04730464
21-01-2017,15.5459232
22-01-2017,11.6948384
23-01-2017,4.672272
24-01-2017,2.09261152
25-01-2017,1.3025728
26-01-2017,1.1751472
27-01-2017,1.29974112
28-01-2017,1.19213728
29-01-2017,1.12984032
30-01-2017,1.2176224
31-01-2017,1.49512704
01-02-2017,1.71882976
02-02-2017,1.90288896
03-02-2017,1.70750304
04-02-2017,1.345048
05-02-2017,1.24027584
06-02-2017,1.16665216
07-02-2017,1.13550368
08-02-2017,1.01657312
09-02-2017,0.88631584
10-02-2017,0.92879104
11-02-2017,2.16906688
12-02-2017,8.0986048
13-02-2017,6.937616
14-02-2017,5.5784096
15-02-2017,4.4740544
16-02-2017,3.9926688
17-02-2017,4.0776192
18-02-2017,4.4740544
19-02-2017,4.6156384
20-02-2017,6.1447456
21-02-2017,6.6261312
22-02-2017,5.2669248
23-02-2017,4.7572224
24-02-2017,2.53152192
25-02-2017,1.77829504
26-02-2017,2.54284864
27-02-2017,2.9449472
28-02-2017,3.5962336
01-03-2017,3.256432
02-03-2017,2.68726432
03-03-2017,2.01615616
04-03-2017,2.17756192
05-03-2017,3.0015808
06-03-2017,4.1908864
07-03-2017,4.2192032
08-03-2017,3.5112832
09-03-2017,3.1997984
10-03-2017,1.83776032
11-03-2017,2.03597792
12-03-2017,2.29082912
13-03-2017,2.14358176
14-03-2017,1.74997824
15-03-2017,2.03031456
16-03-2017,2.19738368
17-03-2017,2.82601664
18-03-2017,3.2281152
19-03-2017,4.4457376
20-03-2017,4.4740544
21-03-2017,4.1908864
22-03-2017,3.7378176
23-03-2017,3.5679168
24-03-2017,3.681184
25-03-2017,3.5396
26-03-2017,3.4829664
27-03-2017,3.4263328
28-03-2017,3.3696992
29-03-2017,3.3413824
30-03-2017,3.398016
31-03-2017,3.3413824
01-04-2017,3.114848
02-04-2017,2.9449472
03-04-2017,2.9449472
04-04-2017,2.973264
05-04-2017,2.8599968
06-04-2017,2.64195744
07-04-2017,2.45223488
08-04-2017,2.34746272
09-04-2017,2.31914592
10-04-2017,2.52302688
11-04-2017,2.70142272
12-04-2017,2.8175216
13-04-2017,2.78070976
14-04-2017,2.7042544
15-04-2017,5.6350432
16-04-2017,6.229696
17-04-2017,3.8794016
18-04-2017,3.3413824
19-04-2017,3.3413824
20-04-2017,4.2192032
21-04-2017,4.24752
22-04-2017,3.8510848
23-04-2017,3.5112832
24-04-2017,3.1997984
25-04-2017,3.1997984
26-04-2017,3.114848
27-04-2017,2.973264
28-04-2017,2.82035328
29-04-2017,2.63629408
30-04-2017,3.256432
01-05-2017,8.7498912
02-05-2017,17.414832
03-05-2017,11.7797888
04-05-2017,9.061376
05-05-2017,7.1075168
06-05-2017,5.8898944
07-05-2017,5.1253408
08-05-2017,4.5873216
09-05-2017,4.1908864
10-05-2017,4.105936
11-05-2017,3.8794016
12-05-2017,3.681184
13-05-2017,3.4829664
14-05-2017,3.3130656
15-05-2017,3.7378176
16-05-2017,3.822768
17-05-2017,6.2013792
18-05-2017,12.176224
19-05-2017,10.9586016
20-05-2017,11.4966208
21-05-2017,12.9974112
22-05-2017,12.176224
23-05-2017,10.477216
24-05-2017,9.2595936
25-05-2017,8.211872
26-05-2017,7.1924672
27-05-2017,6.4279136
28-05-2017,5.8898944
29-05-2017,5.2952416
30-05-2017,4.8421728
31-05-2017,4.530688
01-06-2017,4.2192032
02-06-2017,3.9360352
03-06-2017,3.6528672
04-06-2017,3.3696992
05-06-2017,3.0865312
06-06-2017,2.8599968
07-06-2017,2.61080896
08-06-2017,2.44090816
09-06-2017,2.28516576
10-06-2017,2.10676992
11-06-2017,1.99067104
12-06-2017,3.6528672
13-06-2017,5.8898944
14-06-2017,10.8170176
15-06-2017,10.052464
16-06-2017,7.4190016
17-06-2017,5.3518752
18-06-2017,4.6439552
19-06-2017,4.0209856
20-06-2017,3.4263328
21-06-2017,4.105936
22-06-2017,4.105936
23-06-2017,3.6528672
24-06-2017,3.0298976
25-06-2017,2.60797728
26-06-2017,2.4635616
27-06-2017,2.27383904
28-06-2017,15.2344384
29-06-2017,12.8558272
30-06-2017,7.5322688
01-07-2017,4.6439552
02-07-2017,3.4829664
03-07-2017,2.79486816
04-07-2017,2.38144288
05-07-2017,2.08411648
06-07-2017,1.84908704
07-07-2017,1.64803776
08-07-2017,1.5007904
09-07-2017,1.39035488
10-07-2017,1.29690944
11-07-2017,1.22328576
12-07-2017,1.15815712
13-07-2017,1.07037504
14-07-2017,1.00807808
15-07-2017,0.9627712
16-07-2017,0.90047424
17-07-2017,0.93728608
18-07-2017,1.28275104
19-07-2017,1.01090976
20-07-2017,0.9061376
21-07-2017,0.92879104
22-07-2017,0.90896928
23-07-2017,0.85516736
24-07-2017,0.778712
25-07-2017,0.73906848
26-07-2017,0.920296
27-07-2017,0.849504
28-07-2017,0.7220784
29-07-2017,0.67393984
30-07-2017,0.62013792
31-07-2017,0.5804944
01-08-2017,0.5521776
02-08-2017,0.5380192
03-08-2017,0.55500928
04-08-2017,0.54368256
05-08-2017,0.51253408
06-08-2017,0.54085088
07-08-2017,0.5521776
08-08-2017,0.48988064
09-08-2017,0.71924672
10-08-2017,0.66827648
11-08-2017,0.56350432
12-08-2017,0.52952416
13-08-2017,0.48988064
14-08-2017,0.51536576
15-08-2017,0.566336
16-08-2017,1.54043392
17-08-2017,1.9680176
18-08-2017,1.52627552
19-08-2017,1.28558272
20-08-2017,1.14116704
21-08-2017,4.8421728
22-08-2017,3.7378176
23-08-2017,2.51736352
24-08-2017,1.73865152
25-08-2017,1.982176
26-08-2017,3.5112832
27-08-2017,3.0865312
28-08-2017,2.18605696
29-08-2017,1.58857248
30-08-2017,1.26292928
31-08-2017,1.07887008
01-09-2017,0.98825632
02-09-2017,0.9344544
03-09-2017,0.86649408
04-09-2017,0.81269216
05-09-2017,0.74473184
06-09-2017,0.70508832
07-09-2017,0.67393984
08-09-2017,0.64562304
09-09-2017,0.6229696
10-09-2017,0.66827648
11-09-2017,0.58615776
12-09-2017,0.56067264
13-09-2017,0.52952416
14-09-2017,0.5097024
15-09-2017,0.48988064
16-09-2017,0.47005888
17-09-2017,0.46439552
18-09-2017,0.47005888
19-09-2017,0.52952416
20-09-2017,0.73057344
21-09-2017,0.5946528
22-09-2017,0.53235584
23-09-2017,0.55500928
24-09-2017,0.54934592
25-09-2017,1.01657312
26-09-2017,1.1751472
27-09-2017,1.01090976
28-09-2017,0.89764256
29-09-2017,0.79003872
30-09-2017,0.72491008
01-10-2017,1.26576096
02-10-2017,2.9449472
03-10-2017,20.9261152
04-10-2017,15.9423584
05-10-2017,10.7037504
06-10-2017,9.9391968
07-10-2017,10.9302848
08-10-2017,8.4100896
09-10-2017,5.8332608
10-10-2017,4.5023712
11-10-2017,3.8510848
12-10-2017,3.4829664
13-10-2017,3.1431648
14-10-2017,2.8599968
15-10-2017,2.69575936
16-10-2017,2.47205664
17-10-2017,2.37294784
18-10-2017,2.35595776
19-10-2017,2.09827488
20-10-2017,1.97651264
21-10-2017,1.8972256
22-10-2017,1.77263168
23-10-2017,1.6848496
24-10-2017,1.58290912
25-10-2017,1.53193888
26-10-2017,1.5149488
27-10-2017,1.40734496
28-10-2017,1.345048
29-10-2017,1.39601824
30-10-2017,1.4441568
31-10-2017,1.41017664
01-11-2017,1.34787968
02-11-2017,1.37902816
03-11-2017,1.32522624
04-11-2017,1.31389952
05-11-2017,1.35354304
06-11-2017,1.27708768
07-11-2017,1.27142432
08-11-2017,1.28275104
09-11-2017,1.25160256
10-11-2017,1.22894912
11-11-2017,1.22328576
12-11-2017,1.3025728
13-11-2017,1.27142432
14-11-2017,1.3167312
15-11-2017,1.4583152
16-11-2017,1.3875232
17-11-2017,1.37619648
18-11-2017,1.46114688
19-11-2017,1.33372128
20-11-2017,1.26576096
21-11-2017,1.32805792
22-11-2017,1.32522624
23-11-2017,1.16948384
24-11-2017,1.29690944
25-11-2017,1.2600976
26-11-2017,1.20629568
27-11-2017,1.20629568
28-11-2017,1.1751472
29-11-2017,1.13833536
30-11-2017,1.14116704
01-12-2017,1.10718688
02-12-2017,1.04205824
03-12-2017,1.08736512
04-12-2017,1.16665216
05-12-2017,1.11568192
06-12-2017,1.0335632
07-12-2017,1.06188
08-12-2017,0.98825632
09-12-2017,0.9344544
10-12-2017,0.9486128
11-12-2017,0.98259296
12-12-2017,1.0052464
13-12-2017,1.02789984
14-12-2017,1.02789984
15-12-2017,1.0335632
16-12-2017,1.05621664
17-12-2017,1.06471168
18-12-2017,1.07037504
19-12-2017,1.05338496
20-12-2017,1.07320672
21-12-2017,1.08170176
22-12-2017,1.06471168
23-12-2017,0.8919792
24-12-2017,0.75322688
25-12-2017,0.61447456
26-12-2017,0.5380192
27-12-2017,0.5238608
28-12-2017,0.53518752
29-12-2017,0.54085088
30-12-2017,0.53235584
31-12-2017,0.53235584
01-01-2018,0.53518752
02-01-2018,0.52952416
03-01-2018,0.52669248
04-01-2018,0.53235584
05-01-2018,0.54934592
06-01-2018,0.58332608
07-01-2018,0.56067264
08-01-2018,0.5521776
09-01-2018,0.56067264
10-01-2018,0.55784096
11-01-2018,0.51253408
12-01-2018,0.48704896
13-01-2018,0.48704896
14-01-2018,0.49837568
15-01-2018,0.47572224
16-01-2018,0.41625696
17-01-2018,0.39926688
18-01-2018,0.40493024
19-01-2018,0.42758368
20-01-2018,0.45023712
21-01-2018,0.51536576
22-01-2018,0.54934592
23-01-2018,0.54368256
24-01-2018,0.52669248
25-01-2018,0.5238608
26-01-2018,0.54368256
27-01-2018,0.566336
28-01-2018,0.566336
29-01-2018,0.54651424
30-01-2018,0.52952416
31-01-2018,0.5238608
01-02-2018,0.49271232
02-02-2018,0.45023712
03-02-2018,0.44457376
04-02-2018,0.40776192
05-02-2018,0.37944512
06-02-2018,0.37095008
07-02-2018,0.36528672
08-02-2018,0.35962336
09-02-2018,0.35962336
10-02-2018,0.36245504
11-02-2018,0.3681184
12-02-2018,0.36528672
13-02-2018,0.36245504
14-02-2018,0.3681184
15-02-2018,0.3822768
16-02-2018,0.39926688
17-02-2018,0.40776192
18-02-2018,0.4105936
19-02-2018,0.41625696
20-02-2018,0.4105936
21-02-2018,0.40209856
22-02-2018,0.40209856
23-02-2018,0.39926688
24-02-2018,0.39360352
25-02-2018,0.39360352
26-02-2018,0.40209856
27-02-2018,0.424752
28-02-2018,0.44457376
01-03-2018,0.424752
02-03-2018,0.42758368
03-03-2018,0.58332608
04-03-2018,1.1751472
05-03-2018,1.19496896
06-03-2018,1.11568192
07-03-2018,1.09302848
08-03-2018,1.16382048
09-03-2018,1.2884144
10-03-2018,1.51778048
11-03-2018,1.70750304
12-03-2018,1.88873056
13-03-2018,2.10393824
14-03-2018,2.3078192
15-03-2018,2.55417536
16-03-2018,2.8883136
17-03-2018,3.0582144
18-03-2018,3.5679168
19-03-2018,4.1625696
20-03-2018,4.2192032
21-03-2018,4.4457376
22-03-2018,5.0687072
23-03-2018,7.9570208
24-03-2018,22.2853216
25-03-2018,19.5952256
26-03-2018,13.9884992
27-03-2018,11.0718688
28-03-2018,11.0718688
29-03-2018,12.3461248
30-03-2018,11.185136
31-03-2018,8.778208
01-04-2018,6.9942496
02-04-2018,6.2863296
03-04-2018,6.0314784
04-04-2018,4.6439552
05-04-2018,5.0687072
06-04-2018,5.0120736
07-04-2018,4.2758368
08-04-2018,4.7005888
09-04-2018,4.1625696
10-04-2018,5.0687072
11-04-2018,6.7393984
12-04-2018,7.1641504
13-04-2018,9.6560288
14-04-2018,11.32672
15-04-2018,3.1997984
16-04-2018,4.5873216
17-04-2018,9.344544
18-04-2018,17.2449312
19-04-2018,17.556416
20-04-2018,21.6057184
21-04-2018,27.4106624
22-04-2018,29.73264
23-04-2018,33.413824
24-04-2018,28.599968
25-04-2018,23.5878944
26-04-2018,21.096016
27-04-2018,19.0288896
28-04-2018,17.1599808
29-04-2018,15.7724576
30-04-2018,14.7813696
01-05-2018,14.8946368
02-05-2018,14.4982016
03-05-2018,13.9884992
04-05-2018,13.0823616
05-05-2018,12.3461248
06-05-2018,11.8364224
07-05-2018,11.1285024
08-05-2018,12.8275104
09-05-2018,12.8558272
10-05-2018,11.8647392
11-05-2018,23.7294784
12-05-2018,24.0126464
13-05-2018,18.9439392
14-05-2018,16.3954272
15-05-2018,14.7530528
16-05-2018,13.308896
17-05-2018,12.0912736
18-05-2018,11.043552
19-05-2018,10.4205824
20-05-2018,9.7409792
21-05-2018,9.627712
22-05-2018,9.5710784
23-05-2018,8.919792
24-05-2018,8.7215744
25-05-2018,8.0986048
26-05-2018,7.4190016
27-05-2018,6.7677152
28-05-2018,6.1447456
29-05-2018,5.7483104
30-05-2018,5.4934592
31-05-2018,5.1536576
01-06-2018,4.7855392
02-06-2018,5.2952416
03-06-2018,4.7289056
04-06-2018,4.2758368
05-06-2018,3.9077184
06-06-2018,3.5679168
07-06-2018,3.3696992
08-06-2018,4.5590048
09-06-2018,5.66336
10-06-2018,4.7572224
11-06-2018,4.1625696
12-06-2018,3.964352
13-06-2018,3.7661344
14-06-2018,3.4263328
15-06-2018,3.0865312
16-06-2018,2.7325712
17-06-2018,2.55134368
18-06-2018,2.73540288
19-06-2018,2.51453184
20-06-2018,7.0508832
21-06-2018,61.447456
22-06-2018,64.562304
23-06-2018,45.023712
24-06-2018,29.449472
25-06-2018,24.494032
26-06-2018,26.759376
27-06-2018,23.0215584
28-06-2018,20.7278976
29-06-2018,18.2926528
30-06-2018,15.7441408
01-07-2018,20.8411648
02-07-2018,21.6057184
03-07-2018,18.5191872
04-07-2018,16.8201792
05-07-2018,15.7724576
06-07-2018,14.5265184
07-07-2018,13.4221632
08-07-2018,12.4310752
09-07-2018,11.5815712
10-07-2018,10.760384
11-07-2018,9.8259296
12-07-2018,9.9958304
13-07-2018,19.1704736
14-07-2018,23.786112
15-07-2018,17.981168
16-07-2018,12.8558272
17-07-2018,10.1657312
18-07-2018,8.9481088
19-07-2018,8.919792
20-07-2018,8.2685056
21-07-2018,7.2774176
22-07-2018,6.3995968
23-07-2018,8.3817728
24-07-2018,6.0597952
25-07-2018,5.2102912
26-07-2018,4.6439552
27-07-2018,4.2192032
28-07-2018,3.9077184
29-07-2018,3.5679168
30-07-2018,3.2847488
31-07-2018,3.0298976
01-08-2018,2.8883136
02-08-2018,2.71558112
03-08-2018,2.67310592
04-08-2018,3.256432
05-08-2018,9.4578112
06-08-2018,8.7215744
07-08-2018,20.104928
08-08-2018,20.3597792
09-08-2018,13.308896
10-08-2018,9.3162272
11-08-2018,7.4473184
12-08-2018,6.0314784
13-08-2018,4.9837568
14-08-2018,5.238608
15-08-2018,5.7766272
16-08-2018,5.804944
17-08-2018,5.6067264
18-08-2018,4.530688
19-08-2018,10.901968
20-08-2018,21.8322528
21-08-2018,12.5160256
22-08-2018,7.7588032
23-08-2018,5.8898944
24-08-2018,5.1253408
25-08-2018,4.4457376
26-08-2018,3.964352
27-08-2018,3.681184
28-08-2018,5.8332608
29-08-2018,5.521776
30-08-2018,4.4457376
31-08-2018,3.7944512
01-09-2018,3.4263328
02-09-2018,3.114848
03-09-2018,2.9166304
04-09-2018,3.1714816
05-09-2018,3.7095008
06-09-2018,3.3130656
07-09-2018,2.74106624
08-09-2018,2.46639328
09-09-2018,2.26817568
10-09-2018,2.13508672
11-09-2018,1.9963344
12-09-2018,1.8689088
13-09-2018,1.7698
14-09-2018,1.73581984
15-09-2018,1.69334464
16-09-2018,1.60839424
17-09-2018,1.53760224
18-09-2018,2.16906688
19-09-2018,6.2863296
20-09-2018,85.516736
21-09-2018,103.639488
22-09-2018,52.669248
23-09-2018,34.546496
24-09-2018,27.9486816
25-09-2018,25.3718528
26-09-2018,24.8338336
27-09-2018,20.8411648
28-09-2018,17.4997824
29-09-2018,14.8380032
30-09-2018,13.45048
01-10-2018,12.176224
02-10-2018,11.185136
03-10-2018,10.4488992
04-10-2018,9.3728608
05-10-2018,9.8259296
06-10-2018,9.3728608
07-10-2018,8.0986048
08-10-2018,7.9570208
09-10-2018,12.2328576
10-10-2018,47.005888
11-10-2018,42.192032
12-10-2018,29.73264
13-10-2018,22.8799744
14-10-2018,19.4819584
15-10-2018,18.0661184
16-10-2018,17.1882976
17-10-2018,15.4892896
18-10-2018,14.5548352
19-10-2018,13.9601824
20-10-2018,13.3655296
21-10-2018,12.7991936
22-10-2018,12.5726592
23-10-2018,12.2894912
24-10-2018,12.2894912
25-10-2018,12.6576096
26-10-2018,13.0540448
27-10-2018,12.8275104
28-10-2018,12.6292928
29-10-2018,12.5726592
30-10-2018,12.5443424
31-10-2018,12.6292928
01-11-2018,12.5726592
02-11-2018,13.167312
03-11-2018,13.592064
04-11-2018,14.4982016
05-11-2018,15.6591904
06-11-2018,17.8962176
07-11-2018,17.1599808
08-11-2018,15.57424
09-11-2018,14.441568
10-11-2018,11.5532544
11-11-2018,9.4578112
12-11-2018,8.5233568
13-11-2018,8.0986048
14-11-2018,7.78712
15-11-2018,7.928704
16-11-2018,7.8437536
17-11-2018,7.1924672
18-11-2018,6.7393984
19-11-2018,6.7393984
20-11-2018,6.7393984
21-11-2018,6.7110816
22-11-2018,6.796032
23-11-2018,6.9659328
24-11-2018,6.7393984
25-11-2018,5.7199936
26-11-2018,4.95544
27-11-2018,4.8421728
28-11-2018,4.8704896
29-11-2018,5.097024
30-11-2018,5.4651424
01-12-2018,5.5500928
02-12-2018,5.3518752
03-12-2018,5.097024
04-12-2018,4.8988064
05-12-2018,4.7289056
06-12-2018,4.5590048
07-12-2018,4.4457376
08-12-2018,4.389104
09-12-2018,4.389104
10-12-2018,4.389104
11-12-2018,4.4740544
12-12-2018,4.4740544
13-12-2018,4.4457376
14-12-2018,4.3041536
15-12-2018,4.0776192
16-12-2018,3.7378176
17-12-2018,3.6245504
18-12-2018,3.8794016
19-12-2018,3.822768
20-12-2018,3.7944512
21-12-2018,3.7095008
22-12-2018,3.7378176
23-12-2018,3.6245504
24-12-2018,3.5112832
25-12-2018,3.398016
26-12-2018,3.398016
27-12-2018,2.9449472
28-12-2018,2.46639328
29-12-2018,2.45506656
30-12-2018,2.8599968
31-12-2018,3.1714816
01-01-2019,3.2281152
02-01-2019,3.256432
03-01-2019,3.2281152
04-01-2019,3.1997984
05-01-2019,3.1997984
06-01-2019,3.2847488
07-01-2019,3.4546496
08-01-2019,3.7378176
09-01-2019,3.7661344
10-01-2019,3.5396
11-01-2019,3.2281152
12-01-2019,3.0015808
13-01-2019,2.8175216
14-01-2019,2.68726432
15-01-2019,2.57399712
16-01-2019,2.46639328
17-01-2019,2.37011616
18-01-2019,2.26251232
19-01-2019,2.11526496
20-01-2019,1.9538592
21-01-2019,1.8972256
22-01-2019,1.84342368
23-01-2019,1.79528512
24-01-2019,1.75847328
25-01-2019,1.71882976
26-01-2019,1.67635456
27-01-2019,1.65936448
28-01-2019,1.63671104
29-01-2019,1.62538432
30-01-2019,1.62255264
31-01-2019,1.63671104
01-02-2019,1.6423744
02-02-2019,1.60839424
03-02-2019,1.57724576
04-02-2019,1.52061216
05-02-2019,1.4724736
06-02-2019,1.46681024
07-02-2019,1.46397856
08-02-2019,1.45265184
09-02-2019,1.43566176
10-02-2019,1.42433504
11-02-2019,1.42716672
12-02-2019,1.42433504
13-02-2019,1.41017664
14-02-2019,1.39601824
15-02-2019,1.39601824
16-02-2019,1.39601824
17-02-2019,1.39035488
18-02-2019,1.3733648
19-02-2019,1.35637472
20-02-2019,1.35637472
21-02-2019,1.3592064
22-02-2019,1.3592064
23-02-2019,1.345048
24-02-2019,1.2600976
25-02-2019,1.24877088
26-02-2019,1.23461248
27-02-2019,1.23744416
28-02-2019,1.2176224
01-03-2019,1.203464
02-03-2019,1.2176224
03-03-2019,1.22611744
04-03-2019,1.22611744
05-03-2019,1.2317808
06-03-2019,1.2600976
07-03-2019,1.25726592
08-03-2019,1.26292928
09-03-2019,1.39601824
10-03-2019,1.28558272
11-03-2019,1.41017664
12-03-2019,1.52344384
13-03-2019,20.6429472
14-03-2019,194.536416
15-03-2019,77.8712
16-03-2019,115.815712
17-03-2019,99.958304
18-03-2019,89.481088
19-03-2019,97.976128
20-03-2019,135.92064
21-03-2019,131.389952
22-03-2019,119.780064
23-03-2019,99.675136
24-03-2019,88.348416
25-03-2019,80.986048
26-03-2019,65.694976
27-03-2019,54.085088
28-03-2019,49.5544
29-03-2019,43.041536
30-03-2019,37.378176
31-03-2019,31.997984
01-04-2019,29.73264
02-04-2019,27.1558112
03-04-2019,24.5223488
04-04-2019,24.4090816
05-04-2019,24.210864
06-04-2019,43.89104
07-04-2019,65.694976
08-04-2019,60.88112
09-04-2019,49.837568
10-04-2019,50.403904
11-04-2019,45.873216
12-04-2019,39.077184
13-04-2019,47.289056
14-04-2019,44.457376
15-04-2019,54.085088
16-04-2019,75.889024
17-04-2019,67.96032
18-04-2019,57.766272
19-04-2019,49.271232
20-04-2019,42.758368
21-04-2019,36.81184
22-04-2019,41.342528
23-04-2019,52.952416
24-04-2019,41.05936
25-04-2019,37.095008
26-04-2019,32.56432
27-04-2019,35.396
28-04-2019,43.607872
29-04-2019,38.22768
30-04-2019,33.98016
01-05-2019,36.528672
02-05-2019,34.263328
03-05-2019,29.449472
04-05-2019,26.3063072
05-05-2019,24.0126464
06-05-2019,21.3508672
07-05-2019,19.1704736
08-05-2019,23.7294784
09-05-2019,47.005888
10-05-2019,39.64352
11-05-2019,29.449472
12-05-2019,29.73264
13-05-2019,28.0619488
14-05-2019,26.2496736
15-05-2019,23.6728448
16-05-2019,20.5863136
17-05-2019,19.2271072
18-05-2019,22.6817568
19-05-2019,26.4478912
20-05-2019,23.4463104
21-05-2019,21.4358176
22-05-2019,37.661344
23-05-2019,37.378176
24-05-2019,37.944512
25-05-2019,35.679168
26-05-2019,27.7787808
27-05-2019,46.439552
28-05-2019,69.092992
29-05-2019,79.853376
30-05-2019,91.180096
31-05-2019,56.916768
01-06-2019,39.077184
02-06-2019,30.865312
03-06-2019,26.3912576
04-06-2019,23.644528
05-06-2019,21.4358176
06-06-2019,19.3686912
07-06-2019,17.6130496
08-06-2019,16.3104768
09-06-2019,17.2166144
10-06-2019,16.1688928
11-06-2019,14.86632
12-06-2019,15.5176064
13-06-2019,15.9140416
14-06-2019,15.0928544
15-06-2019,13.4221632
16-06-2019,12.5443424
17-06-2019,11.7231552
18-06-2019,10.8453344
19-06-2019,10.1090976
20-06-2019,10.335632
21-06-2019,10.6471168
22-06-2019,10.1657312
23-06-2019,10.2223648
24-06-2019,10.2223648
25-06-2019,9.0896928
26-06-2019,7.8154368
27-06-2019,11.3550368
28-06-2019,16.8201792
29-06-2019,15.3193888
30-06-2019,13.5354304
01-07-2019,13.1106784
02-07-2019,17.131664
03-07-2019,14.5548352
04-07-2019,13.4221632
05-07-2019,20.9827488
06-07-2019,26.8160096
07-07-2019,21.4075008
08-07-2019,16.848496
09-07-2019,22.0587872
10-07-2019,26.5611584
11-07-2019,21.1243328
12-07-2019,17.981168
13-07-2019,17.131664
14-07-2019,16.5086944
15-07-2019,16.3104768
16-07-2019,15.6025568
17-07-2019,29.449472
18-07-2019,31.14848
19-07-2019,20.4164128
20-07-2019,24.9471008
21-07-2019,30.865312
22-07-2019,23.6728448
23-07-2019,20.1615616
24-07-2019,17.9528512
25-07-2019,16.6219616
26-07-2019,15.998992
27-07-2019,14.8946368
28-07-2019,14.4982016
29-07-2019,14.5548352
30-07-2019,13.7053312
31-07-2019,12.8275104
01-08-2019,12.2045408
02-08-2019,11.8364224
03-08-2019,11.609888
04-08-2019,11.043552
05-08-2019,10.335632
06-08-2019,9.627712
07-08-2019,8.9481088
08-08-2019,8.3251392
09-08-2019,7.8437536
10-08-2019,7.928704
11-08-2019,7.8720704
12-08-2019,7.5889024
13-08-2019,7.3057344
14-08-2019,6.7677152
15-08-2019,6.6827648
16-08-2019,6.7677152
17-08-2019,7.645536
18-08-2019,9.2312768
19-08-2019,9.3162272
20-08-2019,8.778208
21-08-2019,8.0136544
22-08-2019,7.3340512
23-08-2019,6.5411808
24-08-2019,5.9182112
25-08-2019,5.6350432
26-08-2019,6.9092992
27-08-2019,8.4667232
28-08-2019,8.0986048
29-08-2019,8.4667232
30-08-2019,8.6083072
31-08-2019,8.1269216
01-09-2019,7.3057344
02-09-2019,6.6261312
03-09-2019,6.1730624
04-09-2019,5.7483104
05-09-2019,5.380192
06-09-2019,5.0403904
07-09-2019,4.9271232
08-09-2019,5.4368256
09-09-2019,7.645536
10-09-2019,9.91088
11-09-2019,43.324704
12-09-2019,108.170176
13-09-2019,176.413664
14-09-2019,163.104768
15-09-2019,151.49488
16-09-2019,120.629568
17-09-2019,102.789984
18-09-2019,93.728608
19-09-2019,83.817728
20-09-2019,73.340512
21-09-2019,63.995968
22-09-2019,57.199936
23-09-2019,51.253408
24-09-2019,46.156384
25-09-2019,41.908864
26-09-2019,38.22768
27-09-2019,35.396
28-09-2019,32.56432
29-09-2019,30.582144
30-09-2019,28.883136
01-10-2019,30.298976
02-10-2019,33.413824
03-10-2019,35.396
04-10-2019,31.997984
05-10-2019,34.546496
06-10-2019,34.263328
07-10-2019,29.449472
08-10-2019,26.0231392
09-10-2019,24.2958144
10-10-2019,23.3896768
11-10-2019,23.5595776
12-10-2019,23.0498752
13-10-2019,22.5968064
14-10-2019,22.370272
15-10-2019,21.6057184
16-10-2019,20.52968
17-10-2019,19.7084928
18-10-2019,19.11384
19-10-2019,18.4908704
20-10-2019,17.7263168
21-10-2019,17.839584
22-10-2019,19.3403744
23-10-2019,18.9439392
24-10-2019,17.8679008
25-10-2019,17.273248
26-10-2019,16.7352288
27-10-2019,16.1972096
28-10-2019,15.5459232
29-10-2019,14.9795872
30-10-2019,14.3283008
31-10-2019,13.733648
01-11-2019,13.4221632
02-11-2019,13.2239456
03-11-2019,13.0540448
04-11-2019,13.0540448
05-11-2019,12.6576096
06-11-2019,12.4027584
07-11-2019,10.8453344
08-11-2019,10.3073152
09-11-2019,10.7320672
10-11-2019,11.043552
11-11-2019,9.9675136
12-11-2019,5.8898944
13-11-2019,7.2491008
14-11-2019,7.928704
15-11-2019,9.4294944
16-11-2019,9.2595936
17-11-2019,9.061376
18-11-2019,9.0047424
19-11-2019,9.0047424
20-11-2019,8.9764256
21-11-2019,8.9481088
22-11-2019,8.8348416
23-11-2019,8.6932576
24-11-2019,8.49504
25-11-2019,8.3817728
26-11-2019,7.928704
27-11-2019,7.2774176
28-11-2019,7.4756352
29-11-2019,8.0136544
30-11-2019,8.8065248
01-12-2019,8.2401888
02-12-2019,6.512864
03-12-2019,7.0508832
04-12-2019,7.3057344
05-12-2019,7.3057344
06-12-2019,7.3340512
07-12-2019,7.5605856
08-12-2019,7.4190016
09-12-2019,6.0314784
10-12-2019,4.8421728
11-12-2019,5.0120736
12-12-2019,6.2580128
13-12-2019,7.5605856
14-12-2019,7.7304864
15-12-2019,7.8720704
16-12-2019,7.0225664
17-12-2019,6.1164288
18-12-2019,5.7199936
19-12-2019,5.521776
20-12-2019,5.3235584
21-12-2019,5.2102912
22-12-2019,5.1253408
23-12-2019,5.0403904
24-12-2019,5.0687072
25-12-2019,5.1253408
26-12-2019,5.1819744
27-12-2019,5.4651424
28-12-2019,5.8332608
29-12-2019,4.5873216
30-12-2019,3.1431648
31-12-2019,2.74389792
01-01-2020,3.256432
02-01-2020,5.1253408
03-01-2020,5.9748448
04-01-2020,5.9748448
05-01-2020,5.66336
06-01-2020,5.4368256
07-01-2020,5.238608
08-01-2020,4.9837568
09-01-2020,4.7572224
10-01-2020,4.7005888
11-01-2020,4.7005888
12-01-2020,5.5500928
13-01-2020,5.5784096
14-01-2020,4.9837568
15-01-2020,4.4174208
16-01-2020,3.9077184
17-01-2020,3.4546496
18-01-2020,2.8883136
19-01-2020,2.48055168
20-01-2020,2.48055168
21-01-2020,2.8599968
22-01-2020,3.1431648
23-01-2020,3.2847488
24-01-2020,3.3696992
25-01-2020,3.4829664
26-01-2020,3.5962336
27-01-2020,3.7378176
28-01-2020,3.8794016
29-01-2020,4.0493024
30-01-2020,4.1342528
31-01-2020,4.1342528
01-02-2020,4.105936
02-02-2020,4.1625696
03-02-2020,4.3607872
04-02-2020,4.4740544
05-02-2020,4.5023712
06-02-2020,4.5023712
07-02-2020,4.389104
08-02-2020,4.1908864
09-02-2020,3.8794016
10-02-2020,3.7378176
11-02-2020,3.8510848
12-02-2020,3.9926688
13-02-2020,3.822768
14-02-2020,3.3696992
15-02-2020,3.1714816
16-02-2020,3.114848
17-02-2020,3.114848
18-02-2020,3.114848
19-02-2020,3.0865312
20-02-2020,2.973264
21-02-2020,2.8883136
22-02-2020,2.9166304
23-02-2020,3.5112832
24-02-2020,4.6156384
25-02-2020,5.5784096
26-02-2020,5.66336
27-02-2020,5.66336
28-02-2020,5.2952416
29-02-2020,5.8332608
01-03-2020,12.0912736
02-03-2020,18.8589888
03-03-2020,22.6251232
04-03-2020,24.8338336
05-03-2020,28.2035328
06-03-2020,25.2869024
07-03-2020,25.201952
08-03-2020,25.1736352
09-03-2020,25.0037344
10-03-2020,22.4835392
11-03-2020,20.6995808
12-03-2020,20.0766112
13-03-2020,18.8589888
14-03-2020,18.0094848
15-03-2020,17.556416
16-03-2020,17.131664
17-03-2020,17.0183968
18-03-2020,17.0750304
19-03-2020,18.2077024
20-03-2020,17.981168
21-03-2020,18.1793856
22-03-2020,17.9245344
23-03-2020,19.0572064
24-03-2020,19.3403744
25-03-2020,19.4819584
26-03-2020,18.9156224
27-03-2020,18.3209696
28-03-2020,20.0766112
29-03-2020,33.696992
30-03-2020,27.3823456
31-03-2020,23.4463104
01-04-2020,21.7189856
02-04-2020,20.52968
03-04-2020,19.6235424
04-04-2020,18.6607712
05-04-2020,18.9439392
06-04-2020,18.1793856
07-04-2020,17.4997824
08-04-2020,16.706912
09-04-2020,15.9423584
10-04-2020,15.2344384
11-04-2020,14.724736
12-04-2020,14.3283008
13-04-2020,13.7619648
14-04-2020,14.3849344
15-04-2020,14.5548352
16-04-2020,14.7813696
17-04-2020,14.8380032
18-04-2020,15.007904
19-04-2020,14.5265184
20-04-2020,13.5071136
21-04-2020,12.7708768
22-04-2020,12.0912736
23-04-2020,11.2700864
24-04-2020,10.5621664
25-04-2020,10.335632
26-04-2020,10.8453344
27-04-2020,10.2789984
28-04-2020,9.8825632
29-04-2020,9.7126624
30-04-2020,9.2879104
01-05-2020,8.778208
02-05-2020,8.1552384
03-05-2020,7.6738528
04-05-2020,7.6172192
05-05-2020,9.2879104
06-05-2020,10.194048
07-05-2020,10.052464
08-05-2020,9.8259296
09-05-2020,9.1180096
10-05-2020,8.5233568
11-05-2020,7.9003872
12-05-2020,7.3340512
13-05-2020,6.937616
14-05-2020,6.7677152
15-05-2020,6.4279136
16-05-2020,6.37128
17-05-2020,7.3340512
18-05-2020,7.6738528
19-05-2020,7.362368
20-05-2020,7.1924672
21-05-2020,6.9092992
22-05-2020,6.6261312
23-05-2020,6.4279136
24-05-2020,10.7320672
25-05-2020,13.8469152
26-05-2020,13.3655296
27-05-2020,12.6859264
28-05-2020,11.32672
29-05-2020,9.9675136
30-05-2020,8.8914752
31-05-2020,7.928704
01-06-2020,7.1358336
02-06-2020,6.4279136
03-06-2020,5.7766272
04-06-2020,5.4651424
05-06-2020,5.1819744
06-06-2020,4.7855392
07-06-2020,4.5023712
08-06-2020,4.1342528
09-06-2020,4.7572224
10-06-2020,6.2863296
11-06-2020,5.9182112
12-06-2020,5.1819744
13-06-2020,4.530688
14-06-2020,3.964352
15-06-2020,3.5679168
16-06-2020,3.256432
17-06-2020,2.9449472
18-06-2020,4.3324704
19-06-2020,5.4934592
20-06-2020,5.2952416
21-06-2020,5.2102912
22-06-2020,4.7289056
23-06-2020,4.3041536
24-06-2020,3.964352
25-06-2020,3.822768
26-06-2020,5.8332608
27-06-2020,6.0597952
28-06-2020,5.0403904
29-06-2020,4.5023712
30-06-2020,4.1625696
01-07-2020,6.0597952
02-07-2020,6.4845472
03-07-2020,5.8332608
04-07-2020,4.7572224
05-07-2020,4.0493024
06-07-2020,4.1625696
07-07-2020,10.194048
08-07-2020,8.919792
09-07-2020,7.503952
10-07-2020,6.3429632
11-07-2020,5.380192
12-07-2020,4.5590048
13-07-2020,4.0493024
14-07-2020,3.7378176
15-07-2020,3.681184
16-07-2020,3.4829664
17-07-2020,3.2281152
18-07-2020,2.973264
19-07-2020,2.76371968
20-07-2020,2.58532384
21-07-2020,2.41825472
22-07-2020,2.2228688
23-07-2020,2.052968
24-07-2020,1.90005728
25-07-2020,1.96235424
26-07-2020,1.73298816
27-07-2020,1.5998992
28-07-2020,1.4724736
29-07-2020,1.36770144
30-07-2020,1.26859264
31-07-2020,1.1893056
01-08-2020,1.25726592
02-08-2020,1.0760384
03-08-2020,0.99958304
04-08-2020,0.97126624
05-08-2020,1.02506816
06-08-2020,0.99391968
07-08-2020,0.9344544
08-08-2020,0.91180096
09-08-2020,1.11568192
10-08-2020,1.2317808
11-08-2020,0.98259296
12-08-2020,0.90047424
13-08-2020,0.85516736
14-08-2020,0.80419712
15-08-2020,0.76738528
16-08-2020,0.75322688
17-08-2020,0.70792
18-08-2020,0.64562304
19-08-2020,0.6088112
20-08-2020,0.58615776
21-08-2020,0.5804944
22-08-2020,0.57199936
23-08-2020,0.55500928
24-08-2020,0.5380192
25-08-2020,0.51819744
26-08-2020,0.48988064
27-08-2020,0.47855392
28-08-2020,0.53518752
29-08-2020,0.47005888
30-08-2020,0.45590048
31-08-2020,0.4530688
01-09-2020,0.44457376
02-09-2020,0.44457376
03-09-2020,0.42192032
04-09-2020,0.40776192
05-09-2020,0.39360352
06-09-2020,0.39360352
07-09-2020,0.39360352
08-09-2020,0.40209856
09-09-2020,0.42758368
10-09-2020,0.43324704
11-09-2020,0.4813856
12-09-2020,0.48421728
13-09-2020,0.46156384
14-09-2020,0.44457376
15-09-2020,0.424752
16-09-2020,0.39926688
17-09-2020,0.39360352
18-09-2020,0.3681184
19-09-2020,0.35679168
20-09-2020,0.34263328
21-09-2020,0.34263328
22-09-2020,0.33413824
23-09-2020,0.3256432
24-09-2020,0.31431648
25-09-2020,0.33696992
26-09-2020,0.32847488
27-09-2020,0.31997984
28-09-2020,0.31997984
29-09-2020,0.3114848
30-09-2020,0.3114848
01-10-2020,0.30298976
02-10-2020,0.30298976
03-10-2020,0.3114848
04-10-2020,0.31714816
05-10-2020,0.31997984
06-10-2020,0.33130656
07-10-2020,0.31714816
08-10-2020,0.30582144
09-10-2020,0.30298976
10-10-2020,0.30582144
11-10-2020,0.30582144
12-10-2020,0.32847488
13-10-2020,0.3114848
14-10-2020,0.28883136
15-10-2020,0.29449472
16-10-2020,0.29166304
17-10-2020,0.30865312
18-10-2020,0.30582144
19-10-2020,0.32281152
20-10-2020,0.39926688
21-10-2020,0.42758368
22-10-2020,0.45023712
23-10-2020,0.4389104
24-10-2020,0.424752
25-10-2020,0.41342528
26-10-2020,0.37378176
27-10-2020,0.35679168
28-10-2020,0.42192032
29-10-2020,0.45023712
30-10-2020,0.4530688
31-10-2020,0.47289056
01-11-2020,0.4389104
02-11-2020,0.42192032
03-11-2020,0.40776192
04-11-2020,0.40776192
05-11-2020,0.4105936
06-11-2020,0.39926688
07-11-2020,0.39926688
08-11-2020,0.3964352
09-11-2020,0.6512864
10-11-2020,0.57199936
11-11-2020,0.65694976
12-11-2020,0.52102912
13-11-2020,0.48704896
14-11-2020,0.48988064
15-11-2020,0.51819744
16-11-2020,0.51819744
17-11-2020,0.53518752
18-11-2020,0.61730624
19-11-2020,0.62013792
20-11-2020,0.60031616
21-11-2020,0.58898944
22-11-2020,0.56350432
23-11-2020,0.566336
24-11-2020,0.57483104
25-11-2020,0.57483104
26-11-2020,0.51253408
27-11-2020,0.46439552
28-11-2020,0.43607872
29-11-2020,0.40776192
30-11-2020,0.39077184
01-12-2020,0.42192032
02-12-2020,0.40209856
03-12-2020,0.40776192
04-12-2020,0.39077184
05-12-2020,0.33696992
06-12-2020,0.39077184
07-12-2020,0.3256432
08-12-2020,0.33413824
09-12-2020,0.45590048
10-12-2020,0.54085088
11-12-2020,0.4813856
12-12-2020,0.35679168
13-12-2020,0.220587872
14-12-2020,0.239843296
15-12-2020,0.37095008
16-12-2020,0.38794016
17-12-2020,0.3964352
18-12-2020,0.39926688
19-12-2020,0.3822768
20-12-2020,0.40209856
21-12-2020,0.41342528
22-12-2020,0.41908864
23-12-2020,0.30865312
24-12-2020,0.220587872
25-12-2020,0.206429472
26-12-2020,0.204447296
27-12-2020,0.204164128
28-12-2020,0.205013632
29-12-2020,0.204164128
30-12-2020,0.20388096
31-12-2020,0.20388096
01-01-2021,0.201898784
02-01-2021,0.201615616
03-01-2021,0.206429472
04-01-2021,0.207845312
05-01-2021,0.20812848
06-01-2021,0.210393824
07-01-2021,0.212942336
08-01-2021,0.215490848
09-01-2021,0.217189856
10-01-2021,0.216906688
11-01-2021,0.220021536
12-01-2021,0.22228688
13-01-2021,0.224269056
14-01-2021,0.224552224
15-01-2021,0.224552224
16-01-2021,0.225401728
17-01-2021,0.227100736
18-01-2021,0.227667072
19-01-2021,0.227667072
20-01-2021,0.227667072
21-01-2021,0.227667072
22-01-2021,0.2265344
23-01-2021,0.225401728
24-01-2021,0.224552224
25-01-2021,0.223985888
26-01-2021,0.223419552
27-01-2021,0.222853216
28-01-2021,0.22228688
29-01-2021,0.222003712
30-01-2021,0.221437376
31-01-2021,0.22087104
01-02-2021,0.220304704
02-02-2021,0.219738368
03-02-2021,0.219172032
04-02-2021,0.218888864
05-02-2021,0.218888864
06-02-2021,0.218888864
07-02-2021,0.21803936
08-02-2021,0.217189856
09-02-2021,0.216340352
10-02-2021,0.215490848
11-02-2021,0.214641344
12-02-2021,0.21379184
13-02-2021,0.212659168
14-02-2021,0.212659168
15-02-2021,0.212942336
16-02-2021,0.21096016
17-02-2021,0.208694816
18-02-2021,0.206429472
19-02-2021,0.206146304
20-02-2021,0.20812848
21-02-2021,0.212376
22-02-2021,0.216057184
23-02-2021,0.221720544
24-02-2021,0.228516576
25-02-2021,0.24352448
26-02-2021,0.274389792
27-02-2021,0.30582144
28-02-2021,0.35679168
01-03-2021,0.40493024
02-03-2021,0.46156384
03-03-2021,0.58332608
04-03-2021,0.80986048
05-03-2021,1.3733648
06-03-2021,1.9255424
07-03-2021,2.31631424
08-03-2021,2.20587872
09-03-2021,2.23419552
10-03-2021,2.26817568
11-03-2021,2.69859104
12-03-2021,2.47488832
13-03-2021,2.11243328
14-03-2021,1.82077024
15-03-2021,1.69334464
16-03-2021,1.53760224
17-03-2021,1.9963344
18-03-2021,1.77829504
19-03-2021,1.86324544
20-03-2021,2.38993792
21-03-2021,3.4546496
22-03-2021,3.5679168
23-03-2021,4.5023712
24-03-2021,7.3340512
25-03-2021,7.3340512
26-03-2021,5.7199936
27-03-2021,4.6439552
28-03-2021,3.8510848
29-03-2021,3.398016
30-03-2021,2.8883136
31-03-2021,2.48904672
01-04-2021,2.1379184
02-04-2021,1.8972256
03-04-2021,1.81510688
04-04-2021,1.70750304
05-04-2021,1.62255264
06-04-2021,1.80944352
07-04-2021,2.973264
08-04-2021,5.097024
09-04-2021,7.7304864
10-04-2021,7.4473184
11-04-2021,6.0314784
12-04-2021,4.813856
13-04-2021,4.0209856
14-04-2021,3.5396
15-04-2021,3.1714816
16-04-2021,2.8883136
17-04-2021,2.74389792
18-04-2021,2.57966048
19-04-2021,2.34746272
20-04-2021,2.1379184
21-04-2021,2.12659168
22-04-2021,1.97934432
23-04-2021,1.95102752
24-04-2021,1.85191872
25-04-2021,1.84625536
26-04-2021,1.79528512
27-04-2021,1.73015648
28-04-2021,1.61122592
29-04-2021,1.5432656
30-04-2021,1.43566176
01-05-2021,1.37053312
02-05-2021,1.33938464
03-05-2021,1.29690944
04-05-2021,1.20629568
05-05-2021,1.203464
06-05-2021,1.203464
07-05-2021,1.15815712
08-05-2021,1.25443424
09-05-2021,1.2884144
10-05-2021,1.25443424
11-05-2021,1.17231552
12-05-2021,1.0901968
13-05-2021,1.03073152
14-05-2021,1.3167312
15-05-2021,1.16948384
16-05-2021,1.09302848
17-05-2021,1.06188
18-05-2021,1.05621664
19-05-2021,1.06471168
20-05-2021,1.07887008
21-05-2021,1.08170176
22-05-2021,1.02223648
23-05-2021,0.9627712
24-05-2021,0.95427616
25-05-2021,0.87498912
26-05-2021,0.78154368
27-05-2021,1.09302848
28-05-2021,1.01090976
29-05-2021,0.95427616
30-05-2021,0.94294944
31-05-2021,0.88065248
01-06-2021,0.80419712
02-06-2021,0.7503952
03-06-2021,0.6937616
04-06-2021,0.65411808
05-06-2021,0.61164288
06-06-2021,0.55500928
07-06-2021,0.51819744
08-06-2021,0.48988064
09-06-2021,0.4672272
10-06-2021,0.44174208
11-06-2021,0.55784096
12-06-2021,0.43607872
13-06-2021,0.41342528
14-06-2021,0.39926688
15-06-2021,0.37095008
16-06-2021,0.3256432
17-06-2021,0.29166304
18-06-2021,0.268726432
19-06-2021,0.247772
20-06-2021,0.33130656
21-06-2021,0.260797728
22-06-2021,0.245789824
23-06-2021,0.238427456
24-06-2021,0.212092832
25-06-2021,0.2052968
26-06-2021,0.28883136
27-06-2021,0.29449472
28-06-2021,0.246072992
29-06-2021,0.239843296
30-06-2021,0.20388096
01-07-2021,0.176696832
02-07-2021,0.170467136
03-07-2021,0.1699008
04-07-2021,0.173581984
05-07-2021,0.266461088
06-07-2021,0.274389792
07-07-2021,0.163954272
08-07-2021,0.259381888
09-07-2021,0.3256432
10-07-2021,1.06754336
11-07-2021,0.48421728
12-07-2021,0.34546496
13-07-2021,0.267310592
14-07-2021,0.80136544
15-07-2021,0.4672272
16-07-2021,0.35396
17-07-2021,0.27750464
18-07-2021,0.228799744
19-07-2021,0.191704736
20-07-2021,0.165936448
21-07-2021,0.139318656
22-07-2021,0.125160256
23-07-2021,0.112984032
24-07-2021,0.103922656
25-07-2021,0.09769296
26-07-2021,0.094294944
27-07-2021,0.090047424
28-07-2021,0.086649408
29-07-2021,0.08070288
30-07-2021,1.03922656
31-07-2021,0.50120736
01-08-2021,0.36528672
02-08-2021,0.248055168
03-08-2021,0.16848496
04-08-2021,0.149229536
05-08-2021,0.204164128
06-08-2021,0.55500928
07-08-2021,0.32847488
08-08-2021,0.8353456
09-08-2021,0.272407616
10-08-2021,0.200766112
11-08-2021,0.185191872
12-08-2021,0.147813696
13-08-2021,0.166785952
14-08-2021,0.121195904
15-08-2021,0.096560288
16-08-2021,0.089764256
17-08-2021,0.08636624
18-08-2021,0.082685056
19-08-2021,0.07928704
20-08-2021,0.276655136
21-08-2021,0.118081056
22-08-2021,0.105055328
23-08-2021,0.099958304
24-08-2021,0.114116704
25-08-2021,0.104205824
26-08-2021,0.182926528
27-08-2021,0.30298976
28-08-2021,5.3518752
29-08-2021,4.7289056
30-08-2021,1.61972096
31-08-2021,1.29124608
01-09-2021,0.67110816
02-09-2021,0.71358336
03-09-2021,0.56067264
04-09-2021,0.4530688
05-09-2021,0.45023712
06-09-2021,0.33130656
07-09-2021,0.281185824
08-09-2021,0.232480928
09-09-2021,0.202181952
10-09-2021,0.191987904
11-09-2021,0.180378016
12-09-2021,0.17556416
13-09-2021,0.187457216
14-09-2021,0.191421568
15-09-2021,0.177546336
16-09-2021,0.184625536
17-09-2021,0.30865312
18-09-2021,0.158857248
19-09-2021,0.148380032
20-09-2021,1.10152352
21-09-2021,0.3822768
22-09-2021,0.252302688
23-09-2021,0.199350272
24-09-2021,0.17414832
25-09-2021,0.160556256
26-09-2021,0.157441408
27-09-2021,0.15149488
28-09-2021,0.15715824
29-09-2021,0.18972256
30-09-2021,0.93162272
01-10-2021,0.79003872
02-10-2021,0.5238608
03-10-2021,0.39077184
04-10-2021,0.29166304
05-10-2021,0.240409632
06-10-2021,0.223985888
07-10-2021,0.225401728
08-10-2021,0.231348256
09-10-2021,0.213225504
10-10-2021,0.19397008
11-10-2021,0.17414832
12-10-2021,0.1699008
13-10-2021,0.32281152
14-10-2021,0.194819584
15-10-2021,0.178962176
16-10-2021,0.170467136
17-10-2021,0.169051296
18-10-2021,0.166785952
19-10-2021,0.170467136
20-10-2021,0.5521776
21-10-2021,0.31714816
22-10-2021,0.34546496
23-10-2021,0.275805632
24-10-2021,0.271558112
25-10-2021,0.24352448
26-10-2021,0.212659168
27-10-2021,1.0052464
28-10-2021,1.07320672
29-10-2021,0.7503952
30-10-2021,0.53518752
31-10-2021,0.42758368
01-11-2021,0.37661344
02-11-2021,0.35962336
03-11-2021,0.33696992
04-11-2021,0.3398016
05-11-2021,0.34546496
06-11-2021,0.32281152
07-11-2021,0.30865312
08-11-2021,0.30298976
09-11-2021,0.278637312
10-11-2021,0.33130656
11-11-2021,0.32281152
12-11-2021,0.31714816
13-11-2021,0.2973264
14-11-2021,0.264478912
15-11-2021,0.275239296
16-11-2021,0.30015808
17-11-2021,0.28599968
18-11-2021,0.240975968
19-11-2021,0.246072992
20-11-2021,0.258249216
21-11-2021,0.249471008
22-11-2021,0.237577952
23-11-2021,0.242674976
24-11-2021,0.24352448
25-11-2021,0.19963344
26-11-2021,0.211526496
27-11-2021,0.231065088
28-11-2021,0.231348256
29-11-2021,0.229649248
30-11-2021,0.235312608
01-12-2021,0.235312608
02-12-2021,0.222853216
03-12-2021,0.229649248
04-12-2021,0.239560128
05-12-2021,0.20954432
06-12-2021,0.14299984
07-12-2021,0.144698848
08-12-2021,0.14583152
09-12-2021,0.178112672
10-12-2021,0.26617792
11-12-2021,0.31431648
12-12-2021,0.33413824
13-12-2021,0.3398016
14-12-2021,0.34829664
15-12-2021,1.08736512
16-12-2021,0.84100896
17-12-2021,0.70792
18-12-2021,0.55500928
19-12-2021,0.53518752
20-12-2021,0.51819744
21-12-2021,0.46156384
22-12-2021,0.47289056
23-12-2021,0.49837568
24-12-2021,0.5238608
25-12-2021,0.49271232
26-12-2021,0.4105936
27-12-2021,0.32847488
28-12-2021,0.283168
29-12-2021,0.254284864
30-12-2021,0.23502944
31-12-2021,0.197934432
01-01-2022,0.1486632
02-01-2022,0.12884144
03-01-2022,0.125443424
04-01-2022,0.124310752
05-01-2022,0.11609888
06-01-2022,0.096560288
07-01-2022,0.086083072
08-01-2022,0.082968224
09-01-2022,0.079853376
10-01-2022,0.076738528
11-01-2022,0.07362368
12-01-2022,0.077021696
13-01-2022,0.088914752
14-01-2022,0.093728608
15-01-2022,0.0920296
16-01-2022,0.109869184
17-01-2022,0.125160256
18-01-2022,0.139884992
19-01-2022,0.12459392
20-01-2022,0.105904832
21-01-2022,0.109586016
22-01-2022,0.114399872
23-01-2022,0.117231552
24-01-2022,0.11468304
25-01-2022,0.109302848
26-01-2022,0.109302848
27-01-2022,0.12176224
28-01-2022,0.138469152
29-01-2022,0.148096864
30-01-2022,0.163671104
31-01-2022,0.182926528
01-02-2022,0.15149488
02-02-2022,0.124877088
03-02-2022,0.12884144
04-02-2022,0.132522624
05-02-2022,0.129974112
06-02-2022,0.142433504
07-02-2022,0.150645376
08-02-2022,0.182926528
09-02-2022,0.194536416
10-02-2022,0.183776032
11-02-2022,0.141584
12-02-2022,0.105338496
13-02-2022,0.1132672
14-02-2022,0.149229536
15-02-2022,0.169617632
16-02-2022,0.175280992
17-02-2022,0.156308736
18-02-2022,0.16140576
19-02-2022,0.156875072
20-02-2022,0.17556416
21-02-2022,0.144132512
22-02-2022,0.12317808
23-02-2022,0.110718688
24-02-2022,0.101090976
25-02-2022,0.09769296
26-02-2022,0.098259296
27-02-2022,0.146397856
28-02-2022,0.273540288
01-03-2022,0.261647232
02-03-2022,0.264478912
03-03-2022,0.2619304
04-03-2022,0.28175216
05-03-2022,0.28599968
06-03-2022,0.192837408
07-03-2022,0.20388096
08-03-2022,0.190855232
09-03-2022,0.162255264
10-03-2022,0.144698848
11-03-2022,0.133938464
12-03-2022,0.127991936
13-03-2022,0.3822768
14-03-2022,0.2973264
15-03-2022,0.33413824
16-03-2022,0.65694976
17-03-2022,0.778712
18-03-2022,0.76172192
19-03-2022,0.74190016
20-03-2022,0.72491008
21-03-2022,1.03639488
22-03-2022,0.92879104
23-03-2022,0.72491008
24-03-2022,0.6512864
25-03-2022,0.57199936
26-03-2022,0.5380192
27-03-2022,0.46439552
28-03-2022,0.43041536
29-03-2022,0.43041536
30-03-2022,0.68243488
31-03-2022,0.49271232
01-04-2022,0.56067264
02-04-2022,0.47289056
03-04-2022,0.4672272
04-04-2022,0.45873216
05-04-2022,0.47005888
06-04-2022,0.47855392
07-04-2022,0.49837568
08-04-2022,0.4672272
09-04-2022,0.42192032
10-04-2022,0.38794016
11-04-2022,0.3964352
12-04-2022,0.41625696
13-04-2022,0.42192032
14-04-2022,0.43607872
15-04-2022,0.44740544
16-04-2022,0.42192032
17-04-2022,0.44457376
18-04-2022,0.39926688
19-04-2022,0.38794016
20-04-2022,0.36245504
21-04-2022,0.39360352
22-04-2022,0.37944512
23-04-2022,0.4105936
24-04-2022,0.39360352
25-04-2022,0.41342528
26-04-2022,0.38794016
27-04-2022,0.37095008
28-04-2022,0.43324704
29-04-2022,0.50687072
30-04-2022,2.69859104
01-05-2022,3.6528672
02-05-2022,2.9449472
03-05-2022,2.39843296
04-05-2022,1.90855232
05-05-2022,1.66785952
06-05-2022,1.50928544
07-05-2022,1.3308896
08-05-2022,2.8599968
09-05-2022,2.9166304
10-05-2022,2.36162112
11-05-2022,2.23985888
12-05-2022,5.1536576
13-05-2022,6.8809824
14-05-2022,5.097024
15-05-2022,3.5112832
16-05-2022,2.6476208
17-05-2022,2.11526496
18-05-2022,1.8830672
19-05-2022,1.628216
20-05-2022,1.45265184
21-05-2022,1.29407776
22-05-2022,1.18647392
23-05-2022,1.11001856
24-05-2022,1.05338496
25-05-2022,1.04205824
26-05-2022,0.991088
27-05-2022,0.91463264
28-05-2022,0.85516736
29-05-2022,1.35637472
30-05-2022,10.2506816
31-05-2022,14.8946368
01-06-2022,8.2401888
02-06-2022,5.6350432
03-06-2022,4.0209856
04-06-2022,3.5962336
05-06-2022,3.1431648
06-06-2022,2.80053152
07-06-2022,2.47488832
08-06-2022,2.35595776
09-06-2022,2.33047264
10-06-2022,2.9449472
11-06-2022,2.48621504
12-06-2022,2.17756192
13-06-2022,2.56833376
14-06-2022,1.93403744
15-06-2022,1.7981168
16-06-2022,1.7839584
17-06-2022,1.48946368
18-06-2022,1.24027584
19-06-2022,1.07887008
20-06-2022,1.15815712
21-06-2022,1.0335632
22-06-2022,0.88348416
23-06-2022,0.8070288
24-06-2022,0.75322688
25-06-2022,0.70225664
26-06-2022,0.62863296
27-06-2022,0.57199936
28-06-2022,0.5238608
29-06-2022,0.47289056
30-06-2022,0.41342528
01-07-2022,0.39360352
02-07-2022,0.37095008
03-07-2022,0.33696992
04-07-2022,0.34263328
05-07-2022,0.78720704
06-07-2022,4.8988064
07-07-2022,13.308896
08-07-2022,9.6843456
09-07-2022,5.0403904
10-07-2022,3.2281152
11-07-2022,2.40975968
12-07-2022,1.80944352
13-07-2022,1.42716672
14-07-2022,1.11568192
15-07-2022,0.98825632
16-07-2022,0.97126624
17-07-2022,0.91746432
18-07-2022,0.8070288
19-07-2022,0.69092992
20-07-2022,0.58615776
21-07-2022,0.50687072
22-07-2022,0.57199936
23-07-2022,0.42758368
24-07-2022,0.36245504
25-07-2022,0.32847488
26-07-2022,0.33130656
27-07-2022,0.35679168
28-07-2022,0.424752
29-07-2022,0.251453184
30-07-2022,0.210676992
31-07-2022,0.18689088
01-08-2022,0.165936448
02-08-2022,0.1557424
03-08-2022,0.31714816
04-08-2022,0.206995808
05-08-2022,0.125443424
06-08-2022,0.251170016
07-08-2022,13.025728
08-08-2022,6.5411808
09-08-2022,2.07562144
10-08-2022,1.19496896
11-08-2022,0.84384064
12-08-2022,0.65411808
13-08-2022,0.53235584
14-08-2022,0.45590048
15-08-2022,0.47855392
16-08-2022,0.45590048
17-08-2022,0.424752
18-08-2022,0.39360352
19-08-2022,0.42758368
20-08-2022,0.35112832
21-08-2022,0.2973264
22-08-2022,0.257116544
23-08-2022,0.225968064
24-08-2022,0.24494032
25-08-2022,0.234463104
26-08-2022,0.21520768
27-08-2022,0.204164128
28-08-2022,0.190572064
29-08-2022,0.18972256
30-08-2022,0.168201792
31-08-2022,0.169617632
01-09-2022,0.17131664
02-09-2022,0.156308736
03-09-2022,0.147530528
04-09-2022,0.141584
05-09-2022,0.141867168
06-09-2022,0.146964192
07-09-2022,0.141867168
08-09-2022,0.141867168
09-09-2022,0.33696992
10-09-2022,0.32847488
11-09-2022,0.21379184
12-09-2022,0.186607712
13-09-2022,0.171882976
14-09-2022,0.161688928
15-09-2022,0.46439552
16-09-2022,1.14116704
17-09-2022,0.5521776
18-09-2022,0.35112832
19-09-2022,0.254568032
20-09-2022,0.234463104
21-09-2022,0.203597792
22-09-2022,0.159140416
23-09-2022,0.1840592
24-09-2022,0.166219616
25-09-2022,0.141300832
26-09-2022,0.122328576
27-09-2022,0.112134528
28-09-2022,0.107037504
29-09-2022,0.103639488
30-09-2022,0.098825632
01-10-2022,0.095427616
02-10-2022,0.091463264
03-10-2022,0.08778208
04-10-2022,0.090330592
05-10-2022,0.0991088
06-10-2022,0.112417696
07-10-2022,0.125726592
08-10-2022,0.110718688
09-10-2022,0.105621664
10-10-2022,0.100807808
11-10-2022,0.101374144
12-10-2022,0.112700864
13-10-2022,0.104205824
14-10-2022,0.0991088
15-10-2022,0.107320672
16-10-2022,0.104488992
17-10-2022,0.101657312
18-10-2022,0.104488992
19-10-2022,0.107037504
20-10-2022,0.119780064
21-10-2022,0.130823616
22-10-2022,0.118647392
23-10-2022,0.116665216
24-10-2022,0.1203464
25-10-2022,0.116665216
26-10-2022,0.129407776
27-10-2022,0.164520608
28-10-2022,0.160556256
29-10-2022,0.14724736
30-10-2022,0.138469152
31-10-2022,0.149512704
01-11-2022,0.144132512
02-11-2022,0.135071136
03-11-2022,0.15998992
04-11-2022,0.230215584
05-11-2022,0.138185984
06-11-2022,0.125726592
07-11-2022,0.1132672
08-11-2022,0.110152352
09-11-2022,0.11468304
10-11-2022,0.30298976
11-11-2022,0.137053312
12-11-2022,0.116948384
13-11-2022,0.11468304
14-11-2022,0.110152352
15-11-2022,0.102506816
16-11-2022,0.093162272
17-11-2022,0.084384064
18-11-2022,0.076738528
19-11-2022,0.074756352
20-11-2022,0.075605856
21-11-2022,0.078154368
22-11-2022,0.081269216
23-11-2022,0.08353456
24-11-2022,0.084667232
25-11-2022,0.086649408
26-11-2022,0.091463264
27-11-2022,0.095144448
28-11-2022,0.095144448
29-11-2022,0.090047424
30-11-2022,0.084384064
01-12-2022,0.08070288
02-12-2022,0.077304864
03-12-2022,0.074190016
04-12-2022,0.073906848
05-12-2022,0.077588032
06-12-2022,0.08919792
07-12-2022,0.112984032
08-12-2022,0.152061216
09-12-2022,0.199067104
10-12-2022,0.30865312
11-12-2022,0.49837568
12-12-2022,0.68243488
13-12-2022,1.01657312
14-12-2022,0.89764256
15-12-2022,0.5097024
16-12-2022,0.36528672
17-12-2022,0.29449472
18-12-2022,0.211243328
19-12-2022,0.165370112
20-12-2022,0.137902816
21-12-2022,0.115532544
22-12-2022,0.103073152
23-12-2022,0.097126624
24-12-2022,0.092595936
25-12-2022,0.089764256
26-12-2022,0.089481088
27-12-2022,0.090047424
28-12-2022,0.094011776
29-12-2022,0.099391968
30-12-2022,0.104205824
31-12-2022,0.108453344
01-01-2023,0.109586016
02-01-2023,0.111285024
03-01-2023,0.111001856
04-01-2023,0.105904832
05-01-2023,0.098542464
06-01-2023,0.09344544
07-01-2023,0.090330592
08-01-2023,0.08778208
09-01-2023,0.085516736
10-01-2023,0.084384064
11-01-2023,0.081835552
12-01-2023,0.080419712
13-01-2023,0.080136544
14-01-2023,0.08211872
15-01-2023,0.086083072
16-01-2023,0.08778208
17-01-2023,0.09061376
18-01-2023,0.092879104
19-01-2023,0.092595936
20-01-2023,0.090896928
21-01-2023,0.089481088
22-01-2023,0.088631584
23-01-2023,0.088631584
24-01-2023,0.088631584
25-01-2023,0.089481088
26-01-2023,0.09061376
27-01-2023,0.092879104
28-01-2023,0.095427616
29-01-2023,0.098542464
30-01-2023,0.102223648
31-01-2023,0.10477216
01-02-2023,0.106754336
02-02-2023,0.10901968
03-02-2023,0.111568192
04-02-2023,0.1132672
05-02-2023,0.11468304
06-02-2023,0.115532544
07-02-2023,0.116665216
08-02-2023,0.116948384
09-02-2023,0.116665216
10-02-2023,0.115249376
11-02-2023,0.114966208
12-02-2023,0.116948384
13-02-2023,0.120629568
14-02-2023,0.124877088
15-02-2023,0.126576096
16-02-2023,0.12600976
17-02-2023,0.125160256
18-02-2023,0.127991936
19-02-2023,0.132522624
20-02-2023,0.137902816
21-02-2023,0.143849344
22-02-2023,0.151211712
23-02-2023,0.160273088
24-02-2023,0.167352288
25-02-2023,0.174431488
26-02-2023,0.18122752
27-02-2023,0.186324544
28-02-2023,0.191704736
01-03-2023,0.197651264
02-03-2023,0.200766112
03-03-2023,0.207562144
04-03-2023,0.21520768
05-03-2023,0.222003712
06-03-2023,0.231631424
07-03-2023,0.242391808
08-03-2023,0.252869024
09-03-2023,0.2619304
10-03-2023,0.272407616
11-03-2023,0.282035328
12-03-2023,0.29166304
13-03-2023,0.30015808
14-03-2023,0.30865312
15-03-2023,0.31431648
16-03-2023,0.3256432
17-03-2023,0.3398016
18-03-2023,0.36528672
19-03-2023,0.39926688
20-03-2023,0.44457376
21-03-2023,0.49271232
22-03-2023,0.5521776
23-03-2023,0.64845472
24-03-2023,0.76738528
25-03-2023,0.920296
26-03-2023,1.1609888
27-03-2023,1.4016816
28-03-2023,1.58290912
29-03-2023,1.7839584
30-03-2023,2.01332448
31-03-2023,2.22853216
01-04-2023,2.80902656
02-04-2023,4.7855392
03-04-2023,9.20296
04-04-2023,7.6738528
05-04-2023,5.7199936
06-04-2023,5.2102912
07-04-2023,12.2611744
08-04-2023,20.52968
09-04-2023,36.245504
10-04-2023,26.0231392
11-04-2023,25.1170016
12-04-2023,21.6340352
13-04-2023,17.3581984
14-04-2023,14.9795872
15-04-2023,12.7142432
16-04-2023,11.2417696
17-04-2023,9.2879104
18-04-2023,7.8154368
19-04-2023,7.1358336
20-04-2023,8.2685056
21-04-2023,8.919792
22-04-2023,8.0986048
23-04-2023,6.8526656
24-04-2023,6.0597952
25-04-2023,5.380192
26-04-2023,4.7005888
27-04-2023,4.24752
28-04-2023,4.0209856
29-04-2023,3.7095008
30-04-2023,3.4546496
01-05-2023,3.114848
02-05-2023,2.8599968
03-05-2023,2.6476208
04-05-2023,2.52302688
05-05-2023,2.42391808
06-05-2023,2.2936608
07-05-2023,2.12659168
08-05-2023,1.94819584
09-05-2023,1.80378016
10-05-2023,1.70750304
11-05-2023,1.66502784
12-05-2023,1.68201792
13-05-2023,2.11809664
14-05-2023,2.9166304
15-05-2023,3.9360352
16-05-2023,3.398016
17-05-2023,2.75239296
18-05-2023,2.35878944
19-05-2023,2.01898784
20-05-2023,1.80944352
21-05-2023,1.63954272
22-05-2023,1.50362208
23-05-2023,1.39601824
24-05-2023,1.27708768
25-05-2023,1.15249376
26-05-2023,1.04488992
27-05-2023,0.9344544
28-05-2023,0.85516736
29-05-2023,0.8211872
30-05-2023,0.778712
31-05-2023,0.68809824
01-06-2023,0.60314784
02-06-2023,0.566336
03-06-2023,0.61164288
04-06-2023,0.54085088
05-06-2023,0.47289056
06-06-2023,0.43041536
07-06-2023,0.40209856
08-06-2023,0.4813856
09-06-2023,1.01090976
10-06-2023,0.90330592
11-06-2023,0.81835552
12-06-2023,0.71075168
13-06-2023,0.637128
14-06-2023,0.5804944
15-06-2023,0.52952416
16-06-2023,0.48704896
17-06-2023,0.52102912
18-06-2023,0.85799904
19-06-2023,0.57766272
20-06-2023,0.4672272
21-06-2023,0.3964352
22-06-2023,0.35396
23-06-2023,0.35962336
24-06-2023,0.78437536
25-06-2023,0.69942496
26-06-2023,0.64562304
27-06-2023,0.45873216
28-06-2023,0.40209856
29-06-2023,0.34263328
30-06-2023,0.32281152
01-07-2023,0.29166304
02-07-2023,0.272407616
03-07-2023,0.233896768
04-07-2023,0.4389104
05-07-2023,0.36528672
06-07-2023,0.38510848
07-07-2023,0.46156384
08-07-2023,0.44740544
09-07-2023,0.37661344
10-07-2023,0.30015808
11-07-2023,0.236728448
12-07-2023,1.16382048
13-07-2023,0.48421728
14-07-2023,0.3964352
15-07-2023,0.28599968
16-07-2023,0.29166304
17-07-2023,0.247772
18-07-2023,0.191704736
19-07-2023,0.163387936
20-07-2023,0.149512704
21-07-2023,0.5238608
22-07-2023,0.32847488
23-07-2023,0.31431648
24-07-2023,0.170467136
25-07-2023,0.124310752
26-07-2023,0.10194048
27-07-2023,0.10052464
28-07-2023,0.098259296
29-07-2023,0.090330592
30-07-2023,0.106754336
31-07-2023,0.096560288
01-08-2023,0.088065248
02-08-2023,0.086932576
03-08-2023,0.079003872
04-08-2023,0.065411808
05-08-2023,1.6706912
06-08-2023,3.964352
07-08-2023,2.44090816
08-08-2023,1.30540448
09-08-2023,0.85516736
10-08-2023,0.7220784
11-08-2023,0.61447456
12-08-2023,0.48421728
13-08-2023,0.75322688
14-08-2023,0.62013792
15-08-2023,0.43324704
16-08-2023,0.3398016
17-08-2023,0.251170016
18-08-2023,0.200199776
19-08-2023,0.17698
20-08-2023,0.174714656
21-08-2023,0.177546336
22-08-2023,0.149512704
23-08-2023,0.128558272
24-08-2023,0.122045408
25-08-2023,0.39926688
26-08-2023,0.22795024
27-08-2023,0.28599968
28-08-2023,0.205863136
29-08-2023,0.16706912
30-08-2023,0.135637472
31-08-2023,0.12176224
01-09-2023,0.11043552
02-09-2023,0.107887008
03-09-2023,0.095710784
04-09-2023,0.100807808
05-09-2023,0.071641504
06-09-2023,0.066261312
07-09-2023,0.06654448
08-09-2023,0.068526656
09-09-2023,0.07503952
10-09-2023,0.079570208
11-09-2023,0.075322688
12-09-2023,0.071358336
13-09-2023,0.071075168
14-09-2023,0.074473184
15-09-2023,0.099958304
16-09-2023,0.090330592
17-09-2023,0.08778208
18-09-2023,0.080136544
19-09-2023,0.075605856
20-09-2023,0.070225664
21-09-2023,0.137053312
22-09-2023,0.089764256
23-09-2023,0.099675136
24-09-2023,0.110152352
25-09-2023,0.113833536
26-09-2023,0.090330592
27-09-2023,0.087215744
28-09-2023,0.085516736
29-09-2023,0.079853376
30-09-2023,0.106471168
01-10-2023,0.082401888
02-10-2023,0.069092992
03-10-2023,0.31714816
04-10-2023,0.281468992
05-10-2023,0.16140576
06-10-2023,0.155459232
07-10-2023,0.11043552
08-10-2023,0.106471168
09-10-2023,0.097126624
10-10-2023,0.090330592
11-10-2023,0.082968224
12-10-2023,0.87215744
13-10-2023,0.84667232
14-10-2023,0.75322688
15-10-2023,0.47855392
16-10-2023,0.30015808
17-10-2023,0.20388096
18-10-2023,0.16848496
19-10-2023,0.160273088
20-10-2023,0.143566176
21-10-2023,0.123461248
22-10-2023,0.14441568
23-10-2023,0.15998992
24-10-2023,0.127142432
25-10-2023,0.121195904
26-10-2023,0.235312608
27-10-2023,0.168201792
28-10-2023,0.167352288
29-10-2023,0.172166144
30-10-2023,0.165086944
31-10-2023,0.143283008
01-11-2023,0.14724736
02-11-2023,0.17131664
03-11-2023,0.154609728
04-11-2023,0.139318656
05-11-2023,0.149795872
06-11-2023,0.139035488
07-11-2023,0.145265184
08-11-2023,0.143283008
09-11-2023,0.29166304
10-11-2023,0.37944512
11-11-2023,0.37095008
12-11-2023,0.34829664
13-11-2023,0.3398016
14-11-2023,0.33130656
15-11-2023,0.3398016
16-11-2023,0.424752
17-11-2023,0.41342528
18-11-2023,0.40776192
19-11-2023,0.39360352
20-11-2023,0.37944512
21-11-2023,0.3681184
22-11-2023,0.35112832
23-11-2023,0.28599968
24-11-2023,0.22936608
25-11-2023,0.267310592
26-11-2023,0.22087104
27-11-2023,0.163671104
28-11-2023,0.147530528
29-11-2023,0.153477056
30-11-2023,0.156875072
01-12-2023,0.1557424
02-12-2023,0.17839584
03-12-2023,0.17981168
04-12-2023,0.173015648
05-12-2023,0.161972096
06-12-2023,0.180661184
07-12-2023,0.17981168
08-12-2023,0.174714656
09-12-2023,0.138185984
10-12-2023,0.105055328
11-12-2023,0.140734496
12-12-2023,0.13592064
13-12-2023,0.120629568
14-12-2023,0.118647392
15-12-2023,0.126292928
16-12-2023,0.142716672
17-12-2023,0.147813696
18-12-2023,0.12176224
19-12-2023,0.127142432
20-12-2023,0.144132512
21-12-2023,0.1557424
22-12-2023,0.146397856
23-12-2023,0.14583152
24-12-2023,0.3398016
25-12-2023,0.50403904
26-12-2023,0.52952416
27-12-2023,0.5097024
28-12-2023,0.45023712
29-12-2023,0.31714816
30-12-2023,0.173865152
31-12-2023,0.129124608
01-01-2024,0.204164128
02-01-2024,0.241259136
03-01-2024,0.248338336
04-01-2024,0.235878944
05-01-2024,0.2265344
06-01-2024,0.20104928
07-01-2024,0.192837408
08-01-2024,0.208411648
09-01-2024,0.211526496
10-01-2024,0.208977984
11-01-2024,0.198500768
12-01-2024,0.167635456
13-01-2024,0.112417696
14-01-2024,0.07503952
15-01-2024,0.062863296
16-01-2024,0.056067264
17-01-2024,0.0566336
18-01-2024,0.070792
19-01-2024,0.078720704
20-01-2024,0.065694976
21-01-2024,0.063146464
22-01-2024,0.064845472
23-01-2024,0.073340512
24-01-2024,0.084384064
25-01-2024,0.090896928
26-01-2024,0.098542464
27-01-2024,0.113833536
28-01-2024,0.14016816
29-01-2024,0.165936448
30-01-2024,0.197651264
31-01-2024,0.213508672
01-02-2024,0.252585856
02-02-2024,0.31714816
03-02-2024,0.3964352
04-02-2024,0.44740544
05-02-2024,0.49271232
06-02-2024,0.53518752
07-02-2024,0.6088112
08-02-2024,0.637128
09-02-2024,0.59182112
10-02-2024,0.53518752
11-02-2024,0.4672272
12-02-2024,0.35962336
13-02-2024,0.282884832
14-02-2024,0.219172032
15-02-2024,0.189439392
16-02-2024,0.17131664
17-02-2024,0.151211712
18-02-2024,0.1345048
19-02-2024,0.126576096
20-02-2024,0.141584
21-02-2024,0.156591904
22-02-2024,0.150362208
23-02-2024,0.14299984
24-02-2024,0.132239456
25-02-2024,0.115249376
26-02-2024,0.097409792
27-02-2024,0.071641504
28-02-2024,0.103922656
29-02-2024,0.240975968
01-03-2024,0.36528672
02-03-2024,0.4389104
03-03-2024,0.45590048
04-03-2024,0.424752
05-03-2024,0.39360352
06-03-2024,0.35962336
07-03-2024,0.35679168
08-03-2024,0.3398016
09-03-2024,0.30865312
10-03-2024,0.29449472
11-03-2024,0.29449472
12-03-2024,0.262779904
13-03-2024,0.250037344
14-03-2024,0.250037344
15-03-2024,0.272407616
16-03-2024,0.260231392
17-03-2024,0.27325712
18-03-2024,0.256550208
19-03-2024,0.247488832
20-03-2024,0.245789824
21-03-2024,0.22936608
22-03-2024,0.229932416
23-03-2024,0.222570048
24-03-2024,0.254001696
25-03-2024,0.36528672
26-03-2024,0.145548352
27-03-2024,0.124027584
28-03-2024,0.3256432
29-03-2024,0.4530688
30-03-2024,0.52102912
31-03-2024,0.61447456
01-04-2024,0.9486128
02-04-2024,0.991088
03-04-2024,0.9627712
04-04-2024,0.90896928
05-04-2024,0.91746432
06-04-2024,0.90330592
07-04-2024,1.09302848
08-04-2024,1.08453344
09-04-2024,1.08736512
10-04-2024,1.08453344
11-04-2024,1.02789984
12-04-2024,0.9061376
13-04-2024,0.8211872
14-04-2024,0.75889024
15-04-2024,0.67110816
16-04-2024,1.72449312
17-04-2024,2.39843296
18-04-2024,2.23419552
19-04-2024,1.76130496
20-04-2024,1.41017664
21-04-2024,1.19496896
22-04-2024,1.07887008
23-04-2024,0.98825632
24-04-2024,0.88914752
25-04-2024,0.81552384
26-04-2024,1.58857248
27-04-2024,2.25968064
28-04-2024,4.4740544
29-04-2024,8.7215744
30-04-2024,7.4473184
01-05-2024,5.6350432
02-05-2024,5.5500928
03-05-2024,4.8988064
04-05-2024,4.389104
05-05-2024,3.7944512
06-05-2024,3.8794016
07-05-2024,5.4085088
08-05-2024,5.1819744
09-05-2024,4.105936
10-05-2024,3.3413824
11-05-2024,2.7467296
12-05-2024,2.44090816
13-05-2024,2.17756192
14-05-2024,1.89156224
15-05-2024,1.72166144
16-05-2024,1.57724576
17-05-2024,1.44982016
18-05-2024,1.3167312
19-05-2024,1.1893056
20-05-2024,1.91704736
21-05-2024,3.7661344
22-05-2024,6.1447456
23-05-2024,5.5500928
24-05-2024,6.937616
25-05-2024,6.8243488
26-05-2024,5.3518752
27-05-2024,4.389104
28-05-2024,3.5679168
29-05-2024,2.9449472
30-05-2024,2.54284864
31-05-2024,2.52302688
01-06-2024,2.31631424
02-06-2024,2.2228688
03-06-2024,2.46639328
04-06-2024,3.0865312
05-06-2024,2.72973952
06-06-2024,2.21154208
07-06-2024,1.91987904
08-06-2024,2.00482944
09-06-2024,1.81793856
10-06-2024,1.6423744
11-06-2024,1.4724736
12-06-2024,1.5007904
13-06-2024,2.10676992
14-06-2024,1.91704736
15-06-2024,1.96518592
16-06-2024,1.98783936
17-06-2024,10.5904832
18-06-2024,21.803936
19-06-2024,16.5086944
20-06-2024,17.3865152
21-06-2024,170.183968
22-06-2024,223.136384
23-06-2024,116.382048
24-06-2024,66.827648
25-06-2024,56.350432
26-06-2024,51.819744
27-06-2024,43.041536
28-06-2024,39.360352
29-06-2024,34.829664
30-06-2024,29.449472
01-07-2024,25.1453184
02-07-2024,22.7100736
03-07-2024,20.7278976
04-07-2024,18.7740384
05-07-2024,17.0467136
06-07-2024,15.6025568
07-07-2024,14.3283008
08-07-2024,13.1956288
09-07-2024,12.2045408
10-07-2024,11.6665216
11-07-2024,11.1285024
12-07-2024,10.7320672
13-07-2024,10.5621664
14-07-2024,10.5621664
15-07-2024,10.4205824
16-07-2024,10.3073152
17-07-2024,9.9391968
18-07-2024,9.4578112
19-07-2024,9.1463264
20-07-2024,8.8914752
21-07-2024,8.778208
22-07-2024,8.4100896
23-07-2024,7.9570208
24-07-2024,7.5322688
25-07-2024,7.1075168
26-07-2024,6.7110816
27-07-2024,6.229696
28-07-2024,5.804944
29-07-2024,5.6067264
30-07-2024,9.4011776
31-07-2024,8.8065248
01-08-2024,8.8631584
02-08-2024,7.3340512
03-08-2024,6.3429632
04-08-2024,5.6067264
05-08-2024,5.2952416
06-08-2024,4.8421728
07-08-2024,4.530688
08-08-2024,4.2758368
09-08-2024,3.9360352
10-08-2024,3.6245504
11-08-2024,3.3130656
12-08-2024,3.114848
13-08-2024,3.0298976
14-08-2024,2.973264
15-08-2024,3.4546496
16-08-2024,3.1431648
17-08-2024,2.8599968
18-08-2024,2.66461088
19-08-2024,2.47772
20-08-2024,2.41825472
21-08-2024,2.62213568
22-08-2024,2.8599968
23-08-2024,2.53718528
24-08-2024,2.30215584
25-08-2024,2.16340352
26-08-2024,2.05013632
27-08-2024,2.73540288
28-08-2024,2.01898784
29-08-2024,2.21437376
30-08-2024,1.9963344
31-08-2024,1.7839584
01-09-2024,1.6565328
02-09-2024,1.54609728
03-09-2024,1.43849344
04-09-2024,1.35637472
05-09-2024,1.30540448
06-09-2024,1.2317808
07-09-2024,1.18081056
08-09-2024,1.11001856
09-09-2024,1.04205824
10-09-2024,0.98542464
11-09-2024,0.94294944
12-09-2024,0.90896928
13-09-2024,0.849504
14-09-2024,0.82401888
15-09-2024,0.79003872
16-09-2024,0.80419712
17-09-2024,0.77588032
18-09-2024,0.73057344
19-09-2024,0.70508832
20-09-2024,0.63995968
21-09-2024,0.63429632
22-09-2024,0.62013792
23-09-2024,0.61730624
24-09-2024,0.6088112
25-09-2024,0.58332608
26-09-2024,0.566336
27-09-2024,0.53235584
28-09-2024,0.5380192
29-09-2024,0.51253408
30-09-2024,0.48421728
01-10-2024,0.45023712
02-10-2024,0.45023712
03-10-2024,0.45873216
04-10-2024,0.4530688
05-10-2024,0.4530688
06-10-2024,0.45873216
07-10-2024,0.44174208
08-10-2024,0.42758368
09-10-2024,0.42192032
10-10-2024,0.41908864
11-10-2024,0.41908864
12-10-2024,0.4105936
13-10-2024,0.41908864
14-10-2024,0.40209856
15-10-2024,0.41908864
16-10-2024,0.40776192
17-10-2024,0.38794016
18-10-2024,0.40209856
19-10-2024,0.42192032
20-10-2024,0.42192032
21-10-2024,0.46439552
22-10-2024,0.45873216
23-10-2024,0.44740544
24-10-2024,0.43324704
25-10-2024,0.43607872
26-10-2024,0.43041536
27-10-2024,0.45590048
28-10-2024,0.51819744
29-10-2024,0.51819744
30-10-2024,0.495544
31-10-2024,0.637128
01-11-2024,0.47572224
02-11-2024,0.47005888
03-11-2024,0.46156384
04-11-2024,0.47572224
05-11-2024,0.47855392
06-11-2024,0.4672272
07-11-2024,0.4530688
08-11-2024,0.44174208
09-11-2024,0.44740544
10-11-2024,0.47289056
11-11-2024,0.46156384
12-11-2024,0.43607872
13-11-2024,0.70508832
14-11-2024,0.63146464
15-11-2024,0.5804944
16-11-2024,0.54085088
17-11-2024,0.54368256
18-11-2024,1.21479072
19-11-2024,2.31631424
20-11-2024,1.69051296
21-11-2024,0.88914752
22-11-2024,0.84667232
23-11-2024,0.8778208
24-11-2024,0.86932576
25-11-2024,0.54085088
26-11-2024,0.142433504
27-11-2024,0.205863136
28-11-2024,0.31714816
29-11-2024,0.33130656
30-11-2024,0.44740544
01-12-2024,0.41342528
02-12-2024,0.43041536
03-12-2024,0.45590048
04-12-2024,0.44174208
05-12-2024,0.260797728
06-12-2024,0.39077184
07-12-2024,0.45023712
08-12-2024,0.53235584
09-12-2024,0.60031616
10-12-2024,0.55500928
11-12-2024,0.30865312
12-12-2024,0.40776192
13-12-2024,0.40209856
14-12-2024,0.424752
15-12-2024,0.45873216
16-12-2024,0.47855392
17-12-2024,0.48421728
18-12-2024,0.4813856
19-12-2024,0.43041536
20-12-2024,0.36528672
21-12-2024,0.40493024
22-12-2024,0.42192032
23-12-2024,0.424752
24-12-2024,0.424752
25-12-2024,0.43324704
26-12-2024,0.4672272
27-12-2024,0.55784096
28-12-2024,0.58332608
29-12-2024,0.58332608
30-12-2024,0.56916768
31-12-2024,0.53235584
01-01-2025,0.47289056
02-01-2025,0.40493024
03-01-2025,0.34546496
04-01-2025,0.30298976
05-01-2025,0.27184128
06-01-2025,0.246639328
07-01-2025,0.227667072
08-01-2025,0.217189856
09-01-2025,0.228233408
10-01-2025,0.2265344
11-01-2025,0.225684896
12-01-2025,0.225968064
13-01-2025,0.227100736
14-01-2025,0.227667072
15-01-2025,0.228233408
16-01-2025,0.229932416
17-01-2025,0.230215584
18-01-2025,0.230498752
19-01-2025,0.232764096
20-01-2025,0.233330432
21-01-2025,0.234179936
22-01-2025,0.23502944
23-01-2025,0.235312608
24-01-2025,0.236162112
25-01-2025,0.23786112
26-01-2025,0.238993792
27-01-2025,0.238993792
28-01-2025,0.238993792
29-01-2025,0.238993792
30-01-2025,0.240409632
31-01-2025,0.2406928
01-02-2025,0.240409632
02-02-2025,0.240126464
03-02-2025,0.239843296
04-02-2025,0.239843296
05-02-2025,0.239843296
06-02-2025,0.240126464
07-02-2025,0.240975968
08-02-2025,0.241542304
09-02-2025,0.241542304
10-02-2025,0.241542304
11-02-2025,0.242391808
12-02-2025,0.244657152
13-02-2025,0.248055168
14-02-2025,0.25201952
15-02-2025,0.25626704
16-02-2025,0.260797728
17-02-2025,0.265328416
18-02-2025,0.271274944
19-02-2025,0.279203648
20-02-2025,0.28599968
21-02-2025,0.29166304
22-02-2025,0.29449472
23-02-2025,0.30865312
24-02-2025,0.35396
25-02-2025,0.40493024
26-02-2025,0.40493024
27-02-2025,0.35962336
28-02-2025,0.281185824
01-03-2025,0.241542304
02-03-2025,0.281468992
03-03-2025,0.30582144
04-03-2025,0.251170016
05-03-2025,0.151211712
06-03-2025,0.08919792
07-03-2025,0.06088112
08-03-2025,0.096843456
09-03-2025,0.42758368
10-03-2025,0.71924672
11-03-2025,0.82401888
12-03-2025,0.7362368
13-03-2025,0.69659328
14-03-2025,0.88348416
15-03-2025,1.64803776
16-03-2025,1.30540448
17-03-2025,1.06471168
18-03-2025,0.9627712
19-03-2025,0.91463264
20-03-2025,0.79853376
21-03-2025,0.75605856
22-03-2025,0.74756352
23-03-2025,0.75605856
24-03-2025,0.70508832
25-03-2025,0.70508832
26-03-2025,0.69659328
27-03-2025,0.69659328
28-03-2025,0.71924672
29-03-2025,0.8919792
30-03-2025,1.39035488
31-03-2025,1.60556256
01-04-2025,1.7414832
02-04-2025,2.20304704
03-04-2025,2.32480928
04-04-2025,2.06429472
05-04-2025,1.86607712
06-04-2025,1.699008
07-04-2025,1.56875072
08-04-2025,1.41584
09-04-2025,1.35354304
10-04-2025,1.3025728
11-04-2025,1.20629568
12-04-2025,1.20063232
13-04-2025,1.14966208
14-04-2025,1.13550368
15-04-2025,1.05904832
16-04-2025,0.99391968
17-04-2025,1.05621664
18-04-2025,0.97409792
19-04-2025,0.86932576
20-04-2025,0.8353456
21-04-2025,0.80419712
22-04-2025,0.79003872
23-04-2025,0.73906848
24-04-2025,1.15249376
25-04-2025,1.46397856
26-04-2025,1.55176064
27-04-2025,1.46397856
28-04-2025,1.486632
29-04-2025,1.41867168
30-04-2025,1.32239456
01-05-2025,1.66502784
02-05-2025,1.6706912
03-05-2025,1.59140416
04-05-2025,1.48380032
05-05-2025,1.37053312
06-05-2025,1.2884144
07-05-2025,1.1893056
08-05-2025,1.17797888
09-05-2025,1.10718688
10-05-2025,1.00807808
11-05-2025,0.89481088
12-05-2025,0.849504
13-05-2025,0.75605856
14-05-2025,0.73057344
15-05-2025,1.05055328
16-05-2025,0.85799904
17-05-2025,0.78437536
18-05-2025,0.7220784
19-05-2025,1.5998992
20-05-2025,6.2013792
21-05-2025,5.66336
22-05-2025,3.9077184
23-05-2025,3.1431648
24-05-2025,2.72124448
25-05-2025,2.38710624
26-05-2025,2.08411648
27-05-2025,1.93120576
28-05-2025,1.87740384
29-05-2025,1.70183968
30-05-2025,1.4724736
31-05-2025,1.3025728
01-06-2025,1.22611744
02-06-2025,1.07887008
03-06-2025,1.274256
04-06-2025,0.97409792
05-06-2025,0.89764256
06-06-2025,0.89481088
07-06-2025,0.76738528
08-06-2025,0.69942496
09-06-2025,0.6512864
10-06-2025,0.57483104
11-06-2025,0.991088
12-06-2025,1.10152352
13-06-2025,0.85799904
14-06-2025,0.73057344
15-06-2025,0.6512864
16-06-2025,0.62580128
17-06-2025,0.5946528
18-06-2025,0.56067264
19-06-2025,0.50687072
20-06-2025,0.45590048
21-06-2025,0.37944512
22-06-2025,0.30015808
23-06-2025,0.95427616
24-06-2025,0.85233568
25-06-2025,0.86083072
26-06-2025,6.8526656
27-06-2025,9.9391968
28-06-2025,7.645536
29-06-2025,6.2580128
30-06-2025,4.8988064
01-07-2025,3.681184
02-07-2025,2.9449472
03-07-2025,2.55700704
04-07-2025,2.30215584
05-07-2025,2.25684896
06-07-2025,1.89439392
07-07-2025,1.65370112
08-07-2025,1.53193888
09-07-2025,1.345048
10-07-2025,3.5396
11-07-2025,2.33330432
12-07-2025,1.72166144
13-07-2025,1.39601824
14-07-2025,1.19213728
15-07-2025,1.32805792
16-07-2025,3.114848
17-07-2025,3.964352
18-07-2025,2.80902656
19-07-2025,2.760888
20-07-2025,2.33330432
21-07-2025,1.90572064
22-07-2025,1.57441408
23-07-2025,1.39318656
24-07-2025,1.25160256
25-07-2025,1.09586016
26-07-2025,1.00807808
27-07-2025,0.97976128
28-07-2025,1.82077024
29-07-2025,2.24552224
30-07-2025,2.052968
31-07-2025,2.15490848
01-08-2025,1.82360192
02-08-2025,1.45265184
03-08-2025,1.3025728
04-08-2025,1.19780064
05-08-2025,1.03922656
06-08-2025,1.96235424
07-08-2025,1.94536416
08-08-2025,1.699008
09-08-2025,1.39318656
10-08-2025,1.17231552
11-08-2025,1.01657312
12-08-2025,0.90330592
13-08-2025,0.79853376
14-08-2025,0.74756352
15-08-2025,0.71924672
16-08-2025,0.68809824
17-08-2025,0.69092992
18-08-2025,2.55134368
19-08-2025,1.65370112
20-08-2025,1.06188
21-08-2025,0.79853376
22-08-2025,0.70225664
23-08-2025,0.72491008
24-08-2025,0.66827648
25-08-2025,0.6229696
26-08-2025,0.55784096
27-08-2025,0.56916768
28-08-2025,0.48421728
29-08-2025,0.45023712
30-08-2025,0.50120736
31-08-2025,0.44740544
01-09-2025,0.38794016
02-09-2025,0.40493024
03-09-2025,0.37661344
04-09-2025,0.32847488
05-09-2025,0.28599968
06-09-2025,0.28033632
07-09-2025,0.35962336
08-09-2025,0.30582144
09-09-2025,0.283168
10-09-2025,0.29449472
11-09-2025,0.30015808
12-09-2025,0.245789824
13-09-2025,0.233896768
14-09-2025,0.201898784
15-09-2025,0.220304704
16-09-2025,0.47289056
17-09-2025,0.231065088
18-09-2025,0.247205664
19-09-2025,0.17556416
20-09-2025,0.17131664
21-09-2025,0.176696832
22-09-2025,0.163671104
23-09-2025,0.21096016
24-09-2025,0.218888864
25-09-2025,0.1557424
26-09-2025,0.141867168
27-09-2025,0.132239456
28-09-2025,0.135637472
29-09-2025,0.139884992
30-09-2025,0.126859264
01-10-2025,0.12459392
02-10-2025,0.122894912
03-10-2025,0.12600976
04-10-2025,0.187174048
05-10-2025,0.18972256
06-10-2025,0.177829504
07-10-2025,0.138469152
08-10-2025,0.125443424
09-10-2025,0.1274256
10-10-2025,0.13167312
11-10-2025,0.12176224
12-10-2025,0.1840592
13-10-2025,0.132239456
14-10-2025,0.218605696
15-10-2025,0.243807648
16-10-2025,0.30298976
17-10-2025,0.224552224
18-10-2025,0.178962176
19-10-2025,0.171033472
20-10-2025,0.151778048
21-10-2025,0.148380032
22-10-2025,0.137619648
23-10-2025,0.141584
24-10-2025,0.141300832
25-10-2025,0.153193888
26-10-2025,0.160556256
27-10-2025,0.163387936
28-10-2025,0.186041376
29-10-2025,0.191421568
30-10-2025,0.214075008
31-10-2025,0.185758208
